reference_date,target,horizon,target_end_date,location,output_type,output_type_id,value
2025-12-13,wk inc flu hosp,-1,2025-12-06,01,quantile,0.01,45
2025-12-13,wk inc flu hosp,-1,2025-12-06,01,quantile,0.025,48
2025-12-13,wk inc flu hosp,-1,2025-12-06,01,quantile,0.05,50
2025-12-13,wk inc flu hosp,-1,2025-12-06,01,quantile,0.1,52
2025-12-13,wk inc flu hosp,-1,2025-12-06,01,quantile,0.15,54
2025-12-13,wk inc flu hosp,-1,2025-12-06,01,quantile,0.2,55
2025-12-13,wk inc flu hosp,-1,2025-12-06,01,quantile,0.25,56
2025-12-13,wk inc flu hosp,-1,2025-12-06,01,quantile,0.3,58
2025-12-13,wk inc flu hosp,-1,2025-12-06,01,quantile,0.35,59
2025-12-13,wk inc flu hosp,-1,2025-12-06,01,quantile,0.4,60
2025-12-13,wk inc flu hosp,-1,2025-12-06,01,quantile,0.45,61
2025-12-13,wk inc flu hosp,-1,2025-12-06,01,quantile,0.5,62
2025-12-13,wk inc flu hosp,-1,2025-12-06,01,quantile,0.55,64
2025-12-13,wk inc flu hosp,-1,2025-12-06,01,quantile,0.6,65
2025-12-13,wk inc flu hosp,-1,2025-12-06,01,quantile,0.65,66
2025-12-13,wk inc flu hosp,-1,2025-12-06,01,quantile,0.7,67
2025-12-13,wk inc flu hosp,-1,2025-12-06,01,quantile,0.75,68
2025-12-13,wk inc flu hosp,-1,2025-12-06,01,quantile,0.8,69
2025-12-13,wk inc flu hosp,-1,2025-12-06,01,quantile,0.85,71
2025-12-13,wk inc flu hosp,-1,2025-12-06,01,quantile,0.9,73
2025-12-13,wk inc flu hosp,-1,2025-12-06,01,quantile,0.95,76
2025-12-13,wk inc flu hosp,-1,2025-12-06,01,quantile,0.975,79
2025-12-13,wk inc flu hosp,-1,2025-12-06,01,quantile,0.99,82
2025-12-13,wk inc flu hosp,-1,2025-12-06,02,quantile,0.01,3
2025-12-13,wk inc flu hosp,-1,2025-12-06,02,quantile,0.025,4
2025-12-13,wk inc flu hosp,-1,2025-12-06,02,quantile,0.05,4
2025-12-13,wk inc flu hosp,-1,2025-12-06,02,quantile,0.1,5
2025-12-13,wk inc flu hosp,-1,2025-12-06,02,quantile,0.15,5
2025-12-13,wk inc flu hosp,-1,2025-12-06,02,quantile,0.2,6
2025-12-13,wk inc flu hosp,-1,2025-12-06,02,quantile,0.25,6
2025-12-13,wk inc flu hosp,-1,2025-12-06,02,quantile,0.3,6
2025-12-13,wk inc flu hosp,-1,2025-12-06,02,quantile,0.35,7
2025-12-13,wk inc flu hosp,-1,2025-12-06,02,quantile,0.4,7
2025-12-13,wk inc flu hosp,-1,2025-12-06,02,quantile,0.45,7
2025-12-13,wk inc flu hosp,-1,2025-12-06,02,quantile,0.5,7
2025-12-13,wk inc flu hosp,-1,2025-12-06,02,quantile,0.55,8
2025-12-13,wk inc flu hosp,-1,2025-12-06,02,quantile,0.6,8
2025-12-13,wk inc flu hosp,-1,2025-12-06,02,quantile,0.65,8
2025-12-13,wk inc flu hosp,-1,2025-12-06,02,quantile,0.7,9
2025-12-13,wk inc flu hosp,-1,2025-12-06,02,quantile,0.75,9
2025-12-13,wk inc flu hosp,-1,2025-12-06,02,quantile,0.8,10
2025-12-13,wk inc flu hosp,-1,2025-12-06,02,quantile,0.85,10
2025-12-13,wk inc flu hosp,-1,2025-12-06,02,quantile,0.9,11
2025-12-13,wk inc flu hosp,-1,2025-12-06,02,quantile,0.95,13
2025-12-13,wk inc flu hosp,-1,2025-12-06,02,quantile,0.975,13
2025-12-13,wk inc flu hosp,-1,2025-12-06,02,quantile,0.99,15
2025-12-13,wk inc flu hosp,-1,2025-12-06,04,quantile,0.01,31
2025-12-13,wk inc flu hosp,-1,2025-12-06,04,quantile,0.025,34
2025-12-13,wk inc flu hosp,-1,2025-12-06,04,quantile,0.05,35
2025-12-13,wk inc flu hosp,-1,2025-12-06,04,quantile,0.1,37
2025-12-13,wk inc flu hosp,-1,2025-12-06,04,quantile,0.15,39
2025-12-13,wk inc flu hosp,-1,2025-12-06,04,quantile,0.2,41
2025-12-13,wk inc flu hosp,-1,2025-12-06,04,quantile,0.25,41
2025-12-13,wk inc flu hosp,-1,2025-12-06,04,quantile,0.3,42
2025-12-13,wk inc flu hosp,-1,2025-12-06,04,quantile,0.35,43
2025-12-13,wk inc flu hosp,-1,2025-12-06,04,quantile,0.4,44
2025-12-13,wk inc flu hosp,-1,2025-12-06,04,quantile,0.45,45
2025-12-13,wk inc flu hosp,-1,2025-12-06,04,quantile,0.5,46
2025-12-13,wk inc flu hosp,-1,2025-12-06,04,quantile,0.55,46
2025-12-13,wk inc flu hosp,-1,2025-12-06,04,quantile,0.6,47
2025-12-13,wk inc flu hosp,-1,2025-12-06,04,quantile,0.65,49
2025-12-13,wk inc flu hosp,-1,2025-12-06,04,quantile,0.7,49
2025-12-13,wk inc flu hosp,-1,2025-12-06,04,quantile,0.75,51
2025-12-13,wk inc flu hosp,-1,2025-12-06,04,quantile,0.8,52
2025-12-13,wk inc flu hosp,-1,2025-12-06,04,quantile,0.85,53
2025-12-13,wk inc flu hosp,-1,2025-12-06,04,quantile,0.9,55
2025-12-13,wk inc flu hosp,-1,2025-12-06,04,quantile,0.95,57
2025-12-13,wk inc flu hosp,-1,2025-12-06,04,quantile,0.975,60
2025-12-13,wk inc flu hosp,-1,2025-12-06,04,quantile,0.99,63
2025-12-13,wk inc flu hosp,-1,2025-12-06,05,quantile,0.01,47
2025-12-13,wk inc flu hosp,-1,2025-12-06,05,quantile,0.025,49
2025-12-13,wk inc flu hosp,-1,2025-12-06,05,quantile,0.05,53
2025-12-13,wk inc flu hosp,-1,2025-12-06,05,quantile,0.1,53
2025-12-13,wk inc flu hosp,-1,2025-12-06,05,quantile,0.15,58
2025-12-13,wk inc flu hosp,-1,2025-12-06,05,quantile,0.2,59
2025-12-13,wk inc flu hosp,-1,2025-12-06,05,quantile,0.25,60
2025-12-13,wk inc flu hosp,-1,2025-12-06,05,quantile,0.3,61
2025-12-13,wk inc flu hosp,-1,2025-12-06,05,quantile,0.35,62
2025-12-13,wk inc flu hosp,-1,2025-12-06,05,quantile,0.4,63
2025-12-13,wk inc flu hosp,-1,2025-12-06,05,quantile,0.45,64
2025-12-13,wk inc flu hosp,-1,2025-12-06,05,quantile,0.5,65
2025-12-13,wk inc flu hosp,-1,2025-12-06,05,quantile,0.55,66
2025-12-13,wk inc flu hosp,-1,2025-12-06,05,quantile,0.6,67
2025-12-13,wk inc flu hosp,-1,2025-12-06,05,quantile,0.65,67
2025-12-13,wk inc flu hosp,-1,2025-12-06,05,quantile,0.7,68
2025-12-13,wk inc flu hosp,-1,2025-12-06,05,quantile,0.75,69
2025-12-13,wk inc flu hosp,-1,2025-12-06,05,quantile,0.8,70
2025-12-13,wk inc flu hosp,-1,2025-12-06,05,quantile,0.85,72
2025-12-13,wk inc flu hosp,-1,2025-12-06,05,quantile,0.9,74
2025-12-13,wk inc flu hosp,-1,2025-12-06,05,quantile,0.95,76
2025-12-13,wk inc flu hosp,-1,2025-12-06,05,quantile,0.975,79
2025-12-13,wk inc flu hosp,-1,2025-12-06,05,quantile,0.99,82
2025-12-13,wk inc flu hosp,-1,2025-12-06,06,quantile,0.01,187
2025-12-13,wk inc flu hosp,-1,2025-12-06,06,quantile,0.025,193
2025-12-13,wk inc flu hosp,-1,2025-12-06,06,quantile,0.05,199
2025-12-13,wk inc flu hosp,-1,2025-12-06,06,quantile,0.1,206
2025-12-13,wk inc flu hosp,-1,2025-12-06,06,quantile,0.15,210
2025-12-13,wk inc flu hosp,-1,2025-12-06,06,quantile,0.2,214
2025-12-13,wk inc flu hosp,-1,2025-12-06,06,quantile,0.25,216
2025-12-13,wk inc flu hosp,-1,2025-12-06,06,quantile,0.3,219
2025-12-13,wk inc flu hosp,-1,2025-12-06,06,quantile,0.35,222
2025-12-13,wk inc flu hosp,-1,2025-12-06,06,quantile,0.4,224
2025-12-13,wk inc flu hosp,-1,2025-12-06,06,quantile,0.45,226
2025-12-13,wk inc flu hosp,-1,2025-12-06,06,quantile,0.5,229
2025-12-13,wk inc flu hosp,-1,2025-12-06,06,quantile,0.55,232
2025-12-13,wk inc flu hosp,-1,2025-12-06,06,quantile,0.6,235
2025-12-13,wk inc flu hosp,-1,2025-12-06,06,quantile,0.65,239
2025-12-13,wk inc flu hosp,-1,2025-12-06,06,quantile,0.7,242
2025-12-13,wk inc flu hosp,-1,2025-12-06,06,quantile,0.75,245
2025-12-13,wk inc flu hosp,-1,2025-12-06,06,quantile,0.8,248
2025-12-13,wk inc flu hosp,-1,2025-12-06,06,quantile,0.85,252
2025-12-13,wk inc flu hosp,-1,2025-12-06,06,quantile,0.9,258
2025-12-13,wk inc flu hosp,-1,2025-12-06,06,quantile,0.95,267
2025-12-13,wk inc flu hosp,-1,2025-12-06,06,quantile,0.975,274
2025-12-13,wk inc flu hosp,-1,2025-12-06,06,quantile,0.99,283
2025-12-13,wk inc flu hosp,-1,2025-12-06,08,quantile,0.01,177
2025-12-13,wk inc flu hosp,-1,2025-12-06,08,quantile,0.025,180
2025-12-13,wk inc flu hosp,-1,2025-12-06,08,quantile,0.05,185
2025-12-13,wk inc flu hosp,-1,2025-12-06,08,quantile,0.1,193
2025-12-13,wk inc flu hosp,-1,2025-12-06,08,quantile,0.15,197
2025-12-13,wk inc flu hosp,-1,2025-12-06,08,quantile,0.2,200
2025-12-13,wk inc flu hosp,-1,2025-12-06,08,quantile,0.25,204
2025-12-13,wk inc flu hosp,-1,2025-12-06,08,quantile,0.3,208
2025-12-13,wk inc flu hosp,-1,2025-12-06,08,quantile,0.35,210
2025-12-13,wk inc flu hosp,-1,2025-12-06,08,quantile,0.4,212
2025-12-13,wk inc flu hosp,-1,2025-12-06,08,quantile,0.45,215
2025-12-13,wk inc flu hosp,-1,2025-12-06,08,quantile,0.5,217
2025-12-13,wk inc flu hosp,-1,2025-12-06,08,quantile,0.55,221
2025-12-13,wk inc flu hosp,-1,2025-12-06,08,quantile,0.6,224
2025-12-13,wk inc flu hosp,-1,2025-12-06,08,quantile,0.65,227
2025-12-13,wk inc flu hosp,-1,2025-12-06,08,quantile,0.7,229
2025-12-13,wk inc flu hosp,-1,2025-12-06,08,quantile,0.75,232
2025-12-13,wk inc flu hosp,-1,2025-12-06,08,quantile,0.8,236
2025-12-13,wk inc flu hosp,-1,2025-12-06,08,quantile,0.85,239
2025-12-13,wk inc flu hosp,-1,2025-12-06,08,quantile,0.9,245
2025-12-13,wk inc flu hosp,-1,2025-12-06,08,quantile,0.95,252
2025-12-13,wk inc flu hosp,-1,2025-12-06,08,quantile,0.975,258
2025-12-13,wk inc flu hosp,-1,2025-12-06,08,quantile,0.99,268
2025-12-13,wk inc flu hosp,-1,2025-12-06,09,quantile,0.01,41
2025-12-13,wk inc flu hosp,-1,2025-12-06,09,quantile,0.025,41
2025-12-13,wk inc flu hosp,-1,2025-12-06,09,quantile,0.05,41
2025-12-13,wk inc flu hosp,-1,2025-12-06,09,quantile,0.1,41
2025-12-13,wk inc flu hosp,-1,2025-12-06,09,quantile,0.15,41
2025-12-13,wk inc flu hosp,-1,2025-12-06,09,quantile,0.2,41
2025-12-13,wk inc flu hosp,-1,2025-12-06,09,quantile,0.25,41
2025-12-13,wk inc flu hosp,-1,2025-12-06,09,quantile,0.3,41
2025-12-13,wk inc flu hosp,-1,2025-12-06,09,quantile,0.35,41
2025-12-13,wk inc flu hosp,-1,2025-12-06,09,quantile,0.4,42
2025-12-13,wk inc flu hosp,-1,2025-12-06,09,quantile,0.45,42
2025-12-13,wk inc flu hosp,-1,2025-12-06,09,quantile,0.5,42
2025-12-13,wk inc flu hosp,-1,2025-12-06,09,quantile,0.55,42
2025-12-13,wk inc flu hosp,-1,2025-12-06,09,quantile,0.6,42
2025-12-13,wk inc flu hosp,-1,2025-12-06,09,quantile,0.65,45
2025-12-13,wk inc flu hosp,-1,2025-12-06,09,quantile,0.7,45
2025-12-13,wk inc flu hosp,-1,2025-12-06,09,quantile,0.75,46
2025-12-13,wk inc flu hosp,-1,2025-12-06,09,quantile,0.8,47
2025-12-13,wk inc flu hosp,-1,2025-12-06,09,quantile,0.85,48
2025-12-13,wk inc flu hosp,-1,2025-12-06,09,quantile,0.9,50
2025-12-13,wk inc flu hosp,-1,2025-12-06,09,quantile,0.95,51
2025-12-13,wk inc flu hosp,-1,2025-12-06,09,quantile,0.975,53
2025-12-13,wk inc flu hosp,-1,2025-12-06,09,quantile,0.99,57
2025-12-13,wk inc flu hosp,-1,2025-12-06,10,quantile,0.01,3
2025-12-13,wk inc flu hosp,-1,2025-12-06,10,quantile,0.025,3
2025-12-13,wk inc flu hosp,-1,2025-12-06,10,quantile,0.05,4
2025-12-13,wk inc flu hosp,-1,2025-12-06,10,quantile,0.1,4
2025-12-13,wk inc flu hosp,-1,2025-12-06,10,quantile,0.15,5
2025-12-13,wk inc flu hosp,-1,2025-12-06,10,quantile,0.2,5
2025-12-13,wk inc flu hosp,-1,2025-12-06,10,quantile,0.25,6
2025-12-13,wk inc flu hosp,-1,2025-12-06,10,quantile,0.3,6
2025-12-13,wk inc flu hosp,-1,2025-12-06,10,quantile,0.35,6
2025-12-13,wk inc flu hosp,-1,2025-12-06,10,quantile,0.4,6
2025-12-13,wk inc flu hosp,-1,2025-12-06,10,quantile,0.45,7
2025-12-13,wk inc flu hosp,-1,2025-12-06,10,quantile,0.5,7
2025-12-13,wk inc flu hosp,-1,2025-12-06,10,quantile,0.55,7
2025-12-13,wk inc flu hosp,-1,2025-12-06,10,quantile,0.6,8
2025-12-13,wk inc flu hosp,-1,2025-12-06,10,quantile,0.65,8
2025-12-13,wk inc flu hosp,-1,2025-12-06,10,quantile,0.7,8
2025-12-13,wk inc flu hosp,-1,2025-12-06,10,quantile,0.75,9
2025-12-13,wk inc flu hosp,-1,2025-12-06,10,quantile,0.8,9
2025-12-13,wk inc flu hosp,-1,2025-12-06,10,quantile,0.85,10
2025-12-13,wk inc flu hosp,-1,2025-12-06,10,quantile,0.9,10
2025-12-13,wk inc flu hosp,-1,2025-12-06,10,quantile,0.95,12
2025-12-13,wk inc flu hosp,-1,2025-12-06,10,quantile,0.975,13
2025-12-13,wk inc flu hosp,-1,2025-12-06,10,quantile,0.99,14
2025-12-13,wk inc flu hosp,-1,2025-12-06,11,quantile,0.01,12
2025-12-13,wk inc flu hosp,-1,2025-12-06,11,quantile,0.025,13
2025-12-13,wk inc flu hosp,-1,2025-12-06,11,quantile,0.05,14
2025-12-13,wk inc flu hosp,-1,2025-12-06,11,quantile,0.1,15
2025-12-13,wk inc flu hosp,-1,2025-12-06,11,quantile,0.15,16
2025-12-13,wk inc flu hosp,-1,2025-12-06,11,quantile,0.2,17
2025-12-13,wk inc flu hosp,-1,2025-12-06,11,quantile,0.25,18
2025-12-13,wk inc flu hosp,-1,2025-12-06,11,quantile,0.3,18
2025-12-13,wk inc flu hosp,-1,2025-12-06,11,quantile,0.35,19
2025-12-13,wk inc flu hosp,-1,2025-12-06,11,quantile,0.4,19
2025-12-13,wk inc flu hosp,-1,2025-12-06,11,quantile,0.45,20
2025-12-13,wk inc flu hosp,-1,2025-12-06,11,quantile,0.5,20
2025-12-13,wk inc flu hosp,-1,2025-12-06,11,quantile,0.55,21
2025-12-13,wk inc flu hosp,-1,2025-12-06,11,quantile,0.6,21
2025-12-13,wk inc flu hosp,-1,2025-12-06,11,quantile,0.65,22
2025-12-13,wk inc flu hosp,-1,2025-12-06,11,quantile,0.7,22
2025-12-13,wk inc flu hosp,-1,2025-12-06,11,quantile,0.75,23
2025-12-13,wk inc flu hosp,-1,2025-12-06,11,quantile,0.8,24
2025-12-13,wk inc flu hosp,-1,2025-12-06,11,quantile,0.85,25
2025-12-13,wk inc flu hosp,-1,2025-12-06,11,quantile,0.9,26
2025-12-13,wk inc flu hosp,-1,2025-12-06,11,quantile,0.95,27
2025-12-13,wk inc flu hosp,-1,2025-12-06,11,quantile,0.975,29
2025-12-13,wk inc flu hosp,-1,2025-12-06,11,quantile,0.99,31
2025-12-13,wk inc flu hosp,-1,2025-12-06,12,quantile,0.01,669
2025-12-13,wk inc flu hosp,-1,2025-12-06,12,quantile,0.025,685
2025-12-13,wk inc flu hosp,-1,2025-12-06,12,quantile,0.05,703
2025-12-13,wk inc flu hosp,-1,2025-12-06,12,quantile,0.1,714
2025-12-13,wk inc flu hosp,-1,2025-12-06,12,quantile,0.15,725
2025-12-13,wk inc flu hosp,-1,2025-12-06,12,quantile,0.2,733
2025-12-13,wk inc flu hosp,-1,2025-12-06,12,quantile,0.25,743
2025-12-13,wk inc flu hosp,-1,2025-12-06,12,quantile,0.3,754
2025-12-13,wk inc flu hosp,-1,2025-12-06,12,quantile,0.35,764
2025-12-13,wk inc flu hosp,-1,2025-12-06,12,quantile,0.4,767
2025-12-13,wk inc flu hosp,-1,2025-12-06,12,quantile,0.45,773
2025-12-13,wk inc flu hosp,-1,2025-12-06,12,quantile,0.5,779
2025-12-13,wk inc flu hosp,-1,2025-12-06,12,quantile,0.55,785
2025-12-13,wk inc flu hosp,-1,2025-12-06,12,quantile,0.6,796
2025-12-13,wk inc flu hosp,-1,2025-12-06,12,quantile,0.65,803
2025-12-13,wk inc flu hosp,-1,2025-12-06,12,quantile,0.7,808
2025-12-13,wk inc flu hosp,-1,2025-12-06,12,quantile,0.75,816
2025-12-13,wk inc flu hosp,-1,2025-12-06,12,quantile,0.8,824
2025-12-13,wk inc flu hosp,-1,2025-12-06,12,quantile,0.85,838
2025-12-13,wk inc flu hosp,-1,2025-12-06,12,quantile,0.9,857
2025-12-13,wk inc flu hosp,-1,2025-12-06,12,quantile,0.95,881
2025-12-13,wk inc flu hosp,-1,2025-12-06,12,quantile,0.975,900
2025-12-13,wk inc flu hosp,-1,2025-12-06,12,quantile,0.99,923
2025-12-13,wk inc flu hosp,-1,2025-12-06,13,quantile,0.01,122
2025-12-13,wk inc flu hosp,-1,2025-12-06,13,quantile,0.025,122
2025-12-13,wk inc flu hosp,-1,2025-12-06,13,quantile,0.05,124
2025-12-13,wk inc flu hosp,-1,2025-12-06,13,quantile,0.1,130
2025-12-13,wk inc flu hosp,-1,2025-12-06,13,quantile,0.15,135
2025-12-13,wk inc flu hosp,-1,2025-12-06,13,quantile,0.2,139
2025-12-13,wk inc flu hosp,-1,2025-12-06,13,quantile,0.25,141
2025-12-13,wk inc flu hosp,-1,2025-12-06,13,quantile,0.3,143
2025-12-13,wk inc flu hosp,-1,2025-12-06,13,quantile,0.35,144
2025-12-13,wk inc flu hosp,-1,2025-12-06,13,quantile,0.4,146
2025-12-13,wk inc flu hosp,-1,2025-12-06,13,quantile,0.45,149
2025-12-13,wk inc flu hosp,-1,2025-12-06,13,quantile,0.5,152
2025-12-13,wk inc flu hosp,-1,2025-12-06,13,quantile,0.55,154
2025-12-13,wk inc flu hosp,-1,2025-12-06,13,quantile,0.6,156
2025-12-13,wk inc flu hosp,-1,2025-12-06,13,quantile,0.65,157
2025-12-13,wk inc flu hosp,-1,2025-12-06,13,quantile,0.7,159
2025-12-13,wk inc flu hosp,-1,2025-12-06,13,quantile,0.75,162
2025-12-13,wk inc flu hosp,-1,2025-12-06,13,quantile,0.8,164
2025-12-13,wk inc flu hosp,-1,2025-12-06,13,quantile,0.85,166
2025-12-13,wk inc flu hosp,-1,2025-12-06,13,quantile,0.9,170
2025-12-13,wk inc flu hosp,-1,2025-12-06,13,quantile,0.95,177
2025-12-13,wk inc flu hosp,-1,2025-12-06,13,quantile,0.975,184
2025-12-13,wk inc flu hosp,-1,2025-12-06,13,quantile,0.99,193
2025-12-13,wk inc flu hosp,-1,2025-12-06,15,quantile,0.01,29
2025-12-13,wk inc flu hosp,-1,2025-12-06,15,quantile,0.025,30
2025-12-13,wk inc flu hosp,-1,2025-12-06,15,quantile,0.05,32
2025-12-13,wk inc flu hosp,-1,2025-12-06,15,quantile,0.1,34
2025-12-13,wk inc flu hosp,-1,2025-12-06,15,quantile,0.15,35
2025-12-13,wk inc flu hosp,-1,2025-12-06,15,quantile,0.2,36
2025-12-13,wk inc flu hosp,-1,2025-12-06,15,quantile,0.25,38
2025-12-13,wk inc flu hosp,-1,2025-12-06,15,quantile,0.3,38
2025-12-13,wk inc flu hosp,-1,2025-12-06,15,quantile,0.35,39
2025-12-13,wk inc flu hosp,-1,2025-12-06,15,quantile,0.4,40
2025-12-13,wk inc flu hosp,-1,2025-12-06,15,quantile,0.45,41
2025-12-13,wk inc flu hosp,-1,2025-12-06,15,quantile,0.5,42
2025-12-13,wk inc flu hosp,-1,2025-12-06,15,quantile,0.55,42
2025-12-13,wk inc flu hosp,-1,2025-12-06,15,quantile,0.6,43
2025-12-13,wk inc flu hosp,-1,2025-12-06,15,quantile,0.65,44
2025-12-13,wk inc flu hosp,-1,2025-12-06,15,quantile,0.7,45
2025-12-13,wk inc flu hosp,-1,2025-12-06,15,quantile,0.75,46
2025-12-13,wk inc flu hosp,-1,2025-12-06,15,quantile,0.8,47
2025-12-13,wk inc flu hosp,-1,2025-12-06,15,quantile,0.85,49
2025-12-13,wk inc flu hosp,-1,2025-12-06,15,quantile,0.9,51
2025-12-13,wk inc flu hosp,-1,2025-12-06,15,quantile,0.95,53
2025-12-13,wk inc flu hosp,-1,2025-12-06,15,quantile,0.975,55
2025-12-13,wk inc flu hosp,-1,2025-12-06,15,quantile,0.99,57
2025-12-13,wk inc flu hosp,-1,2025-12-06,16,quantile,0.01,24
2025-12-13,wk inc flu hosp,-1,2025-12-06,16,quantile,0.025,26
2025-12-13,wk inc flu hosp,-1,2025-12-06,16,quantile,0.05,28
2025-12-13,wk inc flu hosp,-1,2025-12-06,16,quantile,0.1,30
2025-12-13,wk inc flu hosp,-1,2025-12-06,16,quantile,0.15,31
2025-12-13,wk inc flu hosp,-1,2025-12-06,16,quantile,0.2,32
2025-12-13,wk inc flu hosp,-1,2025-12-06,16,quantile,0.25,32
2025-12-13,wk inc flu hosp,-1,2025-12-06,16,quantile,0.3,34
2025-12-13,wk inc flu hosp,-1,2025-12-06,16,quantile,0.35,34
2025-12-13,wk inc flu hosp,-1,2025-12-06,16,quantile,0.4,35
2025-12-13,wk inc flu hosp,-1,2025-12-06,16,quantile,0.45,36
2025-12-13,wk inc flu hosp,-1,2025-12-06,16,quantile,0.5,36
2025-12-13,wk inc flu hosp,-1,2025-12-06,16,quantile,0.55,37
2025-12-13,wk inc flu hosp,-1,2025-12-06,16,quantile,0.6,38
2025-12-13,wk inc flu hosp,-1,2025-12-06,16,quantile,0.65,39
2025-12-13,wk inc flu hosp,-1,2025-12-06,16,quantile,0.7,39
2025-12-13,wk inc flu hosp,-1,2025-12-06,16,quantile,0.75,40
2025-12-13,wk inc flu hosp,-1,2025-12-06,16,quantile,0.8,41
2025-12-13,wk inc flu hosp,-1,2025-12-06,16,quantile,0.85,43
2025-12-13,wk inc flu hosp,-1,2025-12-06,16,quantile,0.9,45
2025-12-13,wk inc flu hosp,-1,2025-12-06,16,quantile,0.95,47
2025-12-13,wk inc flu hosp,-1,2025-12-06,16,quantile,0.975,49
2025-12-13,wk inc flu hosp,-1,2025-12-06,16,quantile,0.99,52
2025-12-13,wk inc flu hosp,-1,2025-12-06,17,quantile,0.01,127
2025-12-13,wk inc flu hosp,-1,2025-12-06,17,quantile,0.025,135
2025-12-13,wk inc flu hosp,-1,2025-12-06,17,quantile,0.05,140
2025-12-13,wk inc flu hosp,-1,2025-12-06,17,quantile,0.1,147
2025-12-13,wk inc flu hosp,-1,2025-12-06,17,quantile,0.15,150
2025-12-13,wk inc flu hosp,-1,2025-12-06,17,quantile,0.2,152
2025-12-13,wk inc flu hosp,-1,2025-12-06,17,quantile,0.25,155
2025-12-13,wk inc flu hosp,-1,2025-12-06,17,quantile,0.3,158
2025-12-13,wk inc flu hosp,-1,2025-12-06,17,quantile,0.35,161
2025-12-13,wk inc flu hosp,-1,2025-12-06,17,quantile,0.4,163
2025-12-13,wk inc flu hosp,-1,2025-12-06,17,quantile,0.45,165
2025-12-13,wk inc flu hosp,-1,2025-12-06,17,quantile,0.5,167
2025-12-13,wk inc flu hosp,-1,2025-12-06,17,quantile,0.55,169
2025-12-13,wk inc flu hosp,-1,2025-12-06,17,quantile,0.6,171
2025-12-13,wk inc flu hosp,-1,2025-12-06,17,quantile,0.65,172
2025-12-13,wk inc flu hosp,-1,2025-12-06,17,quantile,0.7,174
2025-12-13,wk inc flu hosp,-1,2025-12-06,17,quantile,0.75,176
2025-12-13,wk inc flu hosp,-1,2025-12-06,17,quantile,0.8,179
2025-12-13,wk inc flu hosp,-1,2025-12-06,17,quantile,0.85,181
2025-12-13,wk inc flu hosp,-1,2025-12-06,17,quantile,0.9,186
2025-12-13,wk inc flu hosp,-1,2025-12-06,17,quantile,0.95,192
2025-12-13,wk inc flu hosp,-1,2025-12-06,17,quantile,0.975,198
2025-12-13,wk inc flu hosp,-1,2025-12-06,17,quantile,0.99,206
2025-12-13,wk inc flu hosp,-1,2025-12-06,18,quantile,0.01,78
2025-12-13,wk inc flu hosp,-1,2025-12-06,18,quantile,0.025,82
2025-12-13,wk inc flu hosp,-1,2025-12-06,18,quantile,0.05,84
2025-12-13,wk inc flu hosp,-1,2025-12-06,18,quantile,0.1,88
2025-12-13,wk inc flu hosp,-1,2025-12-06,18,quantile,0.15,90
2025-12-13,wk inc flu hosp,-1,2025-12-06,18,quantile,0.2,92
2025-12-13,wk inc flu hosp,-1,2025-12-06,18,quantile,0.25,93
2025-12-13,wk inc flu hosp,-1,2025-12-06,18,quantile,0.3,96
2025-12-13,wk inc flu hosp,-1,2025-12-06,18,quantile,0.35,98
2025-12-13,wk inc flu hosp,-1,2025-12-06,18,quantile,0.4,100
2025-12-13,wk inc flu hosp,-1,2025-12-06,18,quantile,0.45,101
2025-12-13,wk inc flu hosp,-1,2025-12-06,18,quantile,0.5,102
2025-12-13,wk inc flu hosp,-1,2025-12-06,18,quantile,0.55,104
2025-12-13,wk inc flu hosp,-1,2025-12-06,18,quantile,0.6,105
2025-12-13,wk inc flu hosp,-1,2025-12-06,18,quantile,0.65,106
2025-12-13,wk inc flu hosp,-1,2025-12-06,18,quantile,0.7,108
2025-12-13,wk inc flu hosp,-1,2025-12-06,18,quantile,0.75,110
2025-12-13,wk inc flu hosp,-1,2025-12-06,18,quantile,0.8,112
2025-12-13,wk inc flu hosp,-1,2025-12-06,18,quantile,0.85,114
2025-12-13,wk inc flu hosp,-1,2025-12-06,18,quantile,0.9,117
2025-12-13,wk inc flu hosp,-1,2025-12-06,18,quantile,0.95,121
2025-12-13,wk inc flu hosp,-1,2025-12-06,18,quantile,0.975,126
2025-12-13,wk inc flu hosp,-1,2025-12-06,18,quantile,0.99,130
2025-12-13,wk inc flu hosp,-1,2025-12-06,19,quantile,0.01,11
2025-12-13,wk inc flu hosp,-1,2025-12-06,19,quantile,0.025,12
2025-12-13,wk inc flu hosp,-1,2025-12-06,19,quantile,0.05,13
2025-12-13,wk inc flu hosp,-1,2025-12-06,19,quantile,0.1,14
2025-12-13,wk inc flu hosp,-1,2025-12-06,19,quantile,0.15,15
2025-12-13,wk inc flu hosp,-1,2025-12-06,19,quantile,0.2,15
2025-12-13,wk inc flu hosp,-1,2025-12-06,19,quantile,0.25,16
2025-12-13,wk inc flu hosp,-1,2025-12-06,19,quantile,0.3,16
2025-12-13,wk inc flu hosp,-1,2025-12-06,19,quantile,0.35,17
2025-12-13,wk inc flu hosp,-1,2025-12-06,19,quantile,0.4,17
2025-12-13,wk inc flu hosp,-1,2025-12-06,19,quantile,0.45,18
2025-12-13,wk inc flu hosp,-1,2025-12-06,19,quantile,0.5,18
2025-12-13,wk inc flu hosp,-1,2025-12-06,19,quantile,0.55,19
2025-12-13,wk inc flu hosp,-1,2025-12-06,19,quantile,0.6,19
2025-12-13,wk inc flu hosp,-1,2025-12-06,19,quantile,0.65,20
2025-12-13,wk inc flu hosp,-1,2025-12-06,19,quantile,0.7,21
2025-12-13,wk inc flu hosp,-1,2025-12-06,19,quantile,0.75,21
2025-12-13,wk inc flu hosp,-1,2025-12-06,19,quantile,0.8,22
2025-12-13,wk inc flu hosp,-1,2025-12-06,19,quantile,0.85,23
2025-12-13,wk inc flu hosp,-1,2025-12-06,19,quantile,0.9,24
2025-12-13,wk inc flu hosp,-1,2025-12-06,19,quantile,0.95,27
2025-12-13,wk inc flu hosp,-1,2025-12-06,19,quantile,0.975,28
2025-12-13,wk inc flu hosp,-1,2025-12-06,19,quantile,0.99,30
2025-12-13,wk inc flu hosp,-1,2025-12-06,20,quantile,0.01,11
2025-12-13,wk inc flu hosp,-1,2025-12-06,20,quantile,0.025,12
2025-12-13,wk inc flu hosp,-1,2025-12-06,20,quantile,0.05,13
2025-12-13,wk inc flu hosp,-1,2025-12-06,20,quantile,0.1,14
2025-12-13,wk inc flu hosp,-1,2025-12-06,20,quantile,0.15,15
2025-12-13,wk inc flu hosp,-1,2025-12-06,20,quantile,0.2,16
2025-12-13,wk inc flu hosp,-1,2025-12-06,20,quantile,0.25,16
2025-12-13,wk inc flu hosp,-1,2025-12-06,20,quantile,0.3,17
2025-12-13,wk inc flu hosp,-1,2025-12-06,20,quantile,0.35,18
2025-12-13,wk inc flu hosp,-1,2025-12-06,20,quantile,0.4,18
2025-12-13,wk inc flu hosp,-1,2025-12-06,20,quantile,0.45,18
2025-12-13,wk inc flu hosp,-1,2025-12-06,20,quantile,0.5,19
2025-12-13,wk inc flu hosp,-1,2025-12-06,20,quantile,0.55,19
2025-12-13,wk inc flu hosp,-1,2025-12-06,20,quantile,0.6,20
2025-12-13,wk inc flu hosp,-1,2025-12-06,20,quantile,0.65,21
2025-12-13,wk inc flu hosp,-1,2025-12-06,20,quantile,0.7,21
2025-12-13,wk inc flu hosp,-1,2025-12-06,20,quantile,0.75,22
2025-12-13,wk inc flu hosp,-1,2025-12-06,20,quantile,0.8,23
2025-12-13,wk inc flu hosp,-1,2025-12-06,20,quantile,0.85,24
2025-12-13,wk inc flu hosp,-1,2025-12-06,20,quantile,0.9,25
2025-12-13,wk inc flu hosp,-1,2025-12-06,20,quantile,0.95,26
2025-12-13,wk inc flu hosp,-1,2025-12-06,20,quantile,0.975,28
2025-12-13,wk inc flu hosp,-1,2025-12-06,20,quantile,0.99,30
2025-12-13,wk inc flu hosp,-1,2025-12-06,21,quantile,0.01,33
2025-12-13,wk inc flu hosp,-1,2025-12-06,21,quantile,0.025,36
2025-12-13,wk inc flu hosp,-1,2025-12-06,21,quantile,0.05,37
2025-12-13,wk inc flu hosp,-1,2025-12-06,21,quantile,0.1,39
2025-12-13,wk inc flu hosp,-1,2025-12-06,21,quantile,0.15,40
2025-12-13,wk inc flu hosp,-1,2025-12-06,21,quantile,0.2,42
2025-12-13,wk inc flu hosp,-1,2025-12-06,21,quantile,0.25,43
2025-12-13,wk inc flu hosp,-1,2025-12-06,21,quantile,0.3,44
2025-12-13,wk inc flu hosp,-1,2025-12-06,21,quantile,0.35,45
2025-12-13,wk inc flu hosp,-1,2025-12-06,21,quantile,0.4,46
2025-12-13,wk inc flu hosp,-1,2025-12-06,21,quantile,0.45,46
2025-12-13,wk inc flu hosp,-1,2025-12-06,21,quantile,0.5,48
2025-12-13,wk inc flu hosp,-1,2025-12-06,21,quantile,0.55,48
2025-12-13,wk inc flu hosp,-1,2025-12-06,21,quantile,0.6,49
2025-12-13,wk inc flu hosp,-1,2025-12-06,21,quantile,0.65,50
2025-12-13,wk inc flu hosp,-1,2025-12-06,21,quantile,0.7,51
2025-12-13,wk inc flu hosp,-1,2025-12-06,21,quantile,0.75,52
2025-12-13,wk inc flu hosp,-1,2025-12-06,21,quantile,0.8,53
2025-12-13,wk inc flu hosp,-1,2025-12-06,21,quantile,0.85,55
2025-12-13,wk inc flu hosp,-1,2025-12-06,21,quantile,0.9,56
2025-12-13,wk inc flu hosp,-1,2025-12-06,21,quantile,0.95,59
2025-12-13,wk inc flu hosp,-1,2025-12-06,21,quantile,0.975,61
2025-12-13,wk inc flu hosp,-1,2025-12-06,21,quantile,0.99,65
2025-12-13,wk inc flu hosp,-1,2025-12-06,22,quantile,0.01,137
2025-12-13,wk inc flu hosp,-1,2025-12-06,22,quantile,0.025,142
2025-12-13,wk inc flu hosp,-1,2025-12-06,22,quantile,0.05,146
2025-12-13,wk inc flu hosp,-1,2025-12-06,22,quantile,0.1,150
2025-12-13,wk inc flu hosp,-1,2025-12-06,22,quantile,0.15,153
2025-12-13,wk inc flu hosp,-1,2025-12-06,22,quantile,0.2,157
2025-12-13,wk inc flu hosp,-1,2025-12-06,22,quantile,0.25,159
2025-12-13,wk inc flu hosp,-1,2025-12-06,22,quantile,0.3,162
2025-12-13,wk inc flu hosp,-1,2025-12-06,22,quantile,0.35,165
2025-12-13,wk inc flu hosp,-1,2025-12-06,22,quantile,0.4,166
2025-12-13,wk inc flu hosp,-1,2025-12-06,22,quantile,0.45,168
2025-12-13,wk inc flu hosp,-1,2025-12-06,22,quantile,0.5,170
2025-12-13,wk inc flu hosp,-1,2025-12-06,22,quantile,0.55,172
2025-12-13,wk inc flu hosp,-1,2025-12-06,22,quantile,0.6,174
2025-12-13,wk inc flu hosp,-1,2025-12-06,22,quantile,0.65,177
2025-12-13,wk inc flu hosp,-1,2025-12-06,22,quantile,0.7,179
2025-12-13,wk inc flu hosp,-1,2025-12-06,22,quantile,0.75,182
2025-12-13,wk inc flu hosp,-1,2025-12-06,22,quantile,0.8,185
2025-12-13,wk inc flu hosp,-1,2025-12-06,22,quantile,0.85,188
2025-12-13,wk inc flu hosp,-1,2025-12-06,22,quantile,0.9,191
2025-12-13,wk inc flu hosp,-1,2025-12-06,22,quantile,0.95,195
2025-12-13,wk inc flu hosp,-1,2025-12-06,22,quantile,0.975,202
2025-12-13,wk inc flu hosp,-1,2025-12-06,22,quantile,0.99,208
2025-12-13,wk inc flu hosp,-1,2025-12-06,23,quantile,0.01,11
2025-12-13,wk inc flu hosp,-1,2025-12-06,23,quantile,0.025,12
2025-12-13,wk inc flu hosp,-1,2025-12-06,23,quantile,0.05,13
2025-12-13,wk inc flu hosp,-1,2025-12-06,23,quantile,0.1,14
2025-12-13,wk inc flu hosp,-1,2025-12-06,23,quantile,0.15,15
2025-12-13,wk inc flu hosp,-1,2025-12-06,23,quantile,0.2,16
2025-12-13,wk inc flu hosp,-1,2025-12-06,23,quantile,0.25,17
2025-12-13,wk inc flu hosp,-1,2025-12-06,23,quantile,0.3,17
2025-12-13,wk inc flu hosp,-1,2025-12-06,23,quantile,0.35,18
2025-12-13,wk inc flu hosp,-1,2025-12-06,23,quantile,0.4,18
2025-12-13,wk inc flu hosp,-1,2025-12-06,23,quantile,0.45,19
2025-12-13,wk inc flu hosp,-1,2025-12-06,23,quantile,0.5,19
2025-12-13,wk inc flu hosp,-1,2025-12-06,23,quantile,0.55,19
2025-12-13,wk inc flu hosp,-1,2025-12-06,23,quantile,0.6,20
2025-12-13,wk inc flu hosp,-1,2025-12-06,23,quantile,0.65,21
2025-12-13,wk inc flu hosp,-1,2025-12-06,23,quantile,0.7,21
2025-12-13,wk inc flu hosp,-1,2025-12-06,23,quantile,0.75,23
2025-12-13,wk inc flu hosp,-1,2025-12-06,23,quantile,0.8,23
2025-12-13,wk inc flu hosp,-1,2025-12-06,23,quantile,0.85,24
2025-12-13,wk inc flu hosp,-1,2025-12-06,23,quantile,0.9,25
2025-12-13,wk inc flu hosp,-1,2025-12-06,23,quantile,0.95,27
2025-12-13,wk inc flu hosp,-1,2025-12-06,23,quantile,0.975,29
2025-12-13,wk inc flu hosp,-1,2025-12-06,23,quantile,0.99,30
2025-12-13,wk inc flu hosp,-1,2025-12-06,24,quantile,0.01,103
2025-12-13,wk inc flu hosp,-1,2025-12-06,24,quantile,0.025,107
2025-12-13,wk inc flu hosp,-1,2025-12-06,24,quantile,0.05,110
2025-12-13,wk inc flu hosp,-1,2025-12-06,24,quantile,0.1,114
2025-12-13,wk inc flu hosp,-1,2025-12-06,24,quantile,0.15,118
2025-12-13,wk inc flu hosp,-1,2025-12-06,24,quantile,0.2,121
2025-12-13,wk inc flu hosp,-1,2025-12-06,24,quantile,0.25,122
2025-12-13,wk inc flu hosp,-1,2025-12-06,24,quantile,0.3,124
2025-12-13,wk inc flu hosp,-1,2025-12-06,24,quantile,0.35,127
2025-12-13,wk inc flu hosp,-1,2025-12-06,24,quantile,0.4,128
2025-12-13,wk inc flu hosp,-1,2025-12-06,24,quantile,0.45,130
2025-12-13,wk inc flu hosp,-1,2025-12-06,24,quantile,0.5,131
2025-12-13,wk inc flu hosp,-1,2025-12-06,24,quantile,0.55,133
2025-12-13,wk inc flu hosp,-1,2025-12-06,24,quantile,0.6,135
2025-12-13,wk inc flu hosp,-1,2025-12-06,24,quantile,0.65,137
2025-12-13,wk inc flu hosp,-1,2025-12-06,24,quantile,0.7,139
2025-12-13,wk inc flu hosp,-1,2025-12-06,24,quantile,0.75,141
2025-12-13,wk inc flu hosp,-1,2025-12-06,24,quantile,0.8,143
2025-12-13,wk inc flu hosp,-1,2025-12-06,24,quantile,0.85,146
2025-12-13,wk inc flu hosp,-1,2025-12-06,24,quantile,0.9,149
2025-12-13,wk inc flu hosp,-1,2025-12-06,24,quantile,0.95,154
2025-12-13,wk inc flu hosp,-1,2025-12-06,24,quantile,0.975,160
2025-12-13,wk inc flu hosp,-1,2025-12-06,24,quantile,0.99,166
2025-12-13,wk inc flu hosp,-1,2025-12-06,25,quantile,0.01,90
2025-12-13,wk inc flu hosp,-1,2025-12-06,25,quantile,0.025,94
2025-12-13,wk inc flu hosp,-1,2025-12-06,25,quantile,0.05,98
2025-12-13,wk inc flu hosp,-1,2025-12-06,25,quantile,0.1,100
2025-12-13,wk inc flu hosp,-1,2025-12-06,25,quantile,0.15,103
2025-12-13,wk inc flu hosp,-1,2025-12-06,25,quantile,0.2,106
2025-12-13,wk inc flu hosp,-1,2025-12-06,25,quantile,0.25,107
2025-12-13,wk inc flu hosp,-1,2025-12-06,25,quantile,0.3,109
2025-12-13,wk inc flu hosp,-1,2025-12-06,25,quantile,0.35,111
2025-12-13,wk inc flu hosp,-1,2025-12-06,25,quantile,0.4,112
2025-12-13,wk inc flu hosp,-1,2025-12-06,25,quantile,0.45,114
2025-12-13,wk inc flu hosp,-1,2025-12-06,25,quantile,0.5,115
2025-12-13,wk inc flu hosp,-1,2025-12-06,25,quantile,0.55,117
2025-12-13,wk inc flu hosp,-1,2025-12-06,25,quantile,0.6,118
2025-12-13,wk inc flu hosp,-1,2025-12-06,25,quantile,0.65,119
2025-12-13,wk inc flu hosp,-1,2025-12-06,25,quantile,0.7,121
2025-12-13,wk inc flu hosp,-1,2025-12-06,25,quantile,0.75,123
2025-12-13,wk inc flu hosp,-1,2025-12-06,25,quantile,0.8,126
2025-12-13,wk inc flu hosp,-1,2025-12-06,25,quantile,0.85,128
2025-12-13,wk inc flu hosp,-1,2025-12-06,25,quantile,0.9,132
2025-12-13,wk inc flu hosp,-1,2025-12-06,25,quantile,0.95,138
2025-12-13,wk inc flu hosp,-1,2025-12-06,25,quantile,0.975,142
2025-12-13,wk inc flu hosp,-1,2025-12-06,25,quantile,0.99,149
2025-12-13,wk inc flu hosp,-1,2025-12-06,26,quantile,0.01,59
2025-12-13,wk inc flu hosp,-1,2025-12-06,26,quantile,0.025,61
2025-12-13,wk inc flu hosp,-1,2025-12-06,26,quantile,0.05,64
2025-12-13,wk inc flu hosp,-1,2025-12-06,26,quantile,0.1,66
2025-12-13,wk inc flu hosp,-1,2025-12-06,26,quantile,0.15,69
2025-12-13,wk inc flu hosp,-1,2025-12-06,26,quantile,0.2,71
2025-12-13,wk inc flu hosp,-1,2025-12-06,26,quantile,0.25,73
2025-12-13,wk inc flu hosp,-1,2025-12-06,26,quantile,0.3,75
2025-12-13,wk inc flu hosp,-1,2025-12-06,26,quantile,0.35,76
2025-12-13,wk inc flu hosp,-1,2025-12-06,26,quantile,0.4,77
2025-12-13,wk inc flu hosp,-1,2025-12-06,26,quantile,0.45,78
2025-12-13,wk inc flu hosp,-1,2025-12-06,26,quantile,0.5,79
2025-12-13,wk inc flu hosp,-1,2025-12-06,26,quantile,0.55,80
2025-12-13,wk inc flu hosp,-1,2025-12-06,26,quantile,0.6,81
2025-12-13,wk inc flu hosp,-1,2025-12-06,26,quantile,0.65,82
2025-12-13,wk inc flu hosp,-1,2025-12-06,26,quantile,0.7,84
2025-12-13,wk inc flu hosp,-1,2025-12-06,26,quantile,0.75,86
2025-12-13,wk inc flu hosp,-1,2025-12-06,26,quantile,0.8,87
2025-12-13,wk inc flu hosp,-1,2025-12-06,26,quantile,0.85,89
2025-12-13,wk inc flu hosp,-1,2025-12-06,26,quantile,0.9,91
2025-12-13,wk inc flu hosp,-1,2025-12-06,26,quantile,0.95,96
2025-12-13,wk inc flu hosp,-1,2025-12-06,26,quantile,0.975,100
2025-12-13,wk inc flu hosp,-1,2025-12-06,26,quantile,0.99,104
2025-12-13,wk inc flu hosp,-1,2025-12-06,27,quantile,0.01,77
2025-12-13,wk inc flu hosp,-1,2025-12-06,27,quantile,0.025,80
2025-12-13,wk inc flu hosp,-1,2025-12-06,27,quantile,0.05,83
2025-12-13,wk inc flu hosp,-1,2025-12-06,27,quantile,0.1,87
2025-12-13,wk inc flu hosp,-1,2025-12-06,27,quantile,0.15,89
2025-12-13,wk inc flu hosp,-1,2025-12-06,27,quantile,0.2,91
2025-12-13,wk inc flu hosp,-1,2025-12-06,27,quantile,0.25,92
2025-12-13,wk inc flu hosp,-1,2025-12-06,27,quantile,0.3,95
2025-12-13,wk inc flu hosp,-1,2025-12-06,27,quantile,0.35,96
2025-12-13,wk inc flu hosp,-1,2025-12-06,27,quantile,0.4,98
2025-12-13,wk inc flu hosp,-1,2025-12-06,27,quantile,0.45,100
2025-12-13,wk inc flu hosp,-1,2025-12-06,27,quantile,0.5,101
2025-12-13,wk inc flu hosp,-1,2025-12-06,27,quantile,0.55,103
2025-12-13,wk inc flu hosp,-1,2025-12-06,27,quantile,0.6,105
2025-12-13,wk inc flu hosp,-1,2025-12-06,27,quantile,0.65,106
2025-12-13,wk inc flu hosp,-1,2025-12-06,27,quantile,0.7,108
2025-12-13,wk inc flu hosp,-1,2025-12-06,27,quantile,0.75,110
2025-12-13,wk inc flu hosp,-1,2025-12-06,27,quantile,0.8,112
2025-12-13,wk inc flu hosp,-1,2025-12-06,27,quantile,0.85,114
2025-12-13,wk inc flu hosp,-1,2025-12-06,27,quantile,0.9,117
2025-12-13,wk inc flu hosp,-1,2025-12-06,27,quantile,0.95,121
2025-12-13,wk inc flu hosp,-1,2025-12-06,27,quantile,0.975,124
2025-12-13,wk inc flu hosp,-1,2025-12-06,27,quantile,0.99,129
2025-12-13,wk inc flu hosp,-1,2025-12-06,28,quantile,0.01,20
2025-12-13,wk inc flu hosp,-1,2025-12-06,28,quantile,0.025,22
2025-12-13,wk inc flu hosp,-1,2025-12-06,28,quantile,0.05,23
2025-12-13,wk inc flu hosp,-1,2025-12-06,28,quantile,0.1,25
2025-12-13,wk inc flu hosp,-1,2025-12-06,28,quantile,0.15,26
2025-12-13,wk inc flu hosp,-1,2025-12-06,28,quantile,0.2,27
2025-12-13,wk inc flu hosp,-1,2025-12-06,28,quantile,0.25,27
2025-12-13,wk inc flu hosp,-1,2025-12-06,28,quantile,0.3,28
2025-12-13,wk inc flu hosp,-1,2025-12-06,28,quantile,0.35,29
2025-12-13,wk inc flu hosp,-1,2025-12-06,28,quantile,0.4,30
2025-12-13,wk inc flu hosp,-1,2025-12-06,28,quantile,0.45,30
2025-12-13,wk inc flu hosp,-1,2025-12-06,28,quantile,0.5,31
2025-12-13,wk inc flu hosp,-1,2025-12-06,28,quantile,0.55,32
2025-12-13,wk inc flu hosp,-1,2025-12-06,28,quantile,0.6,32
2025-12-13,wk inc flu hosp,-1,2025-12-06,28,quantile,0.65,33
2025-12-13,wk inc flu hosp,-1,2025-12-06,28,quantile,0.7,34
2025-12-13,wk inc flu hosp,-1,2025-12-06,28,quantile,0.75,35
2025-12-13,wk inc flu hosp,-1,2025-12-06,28,quantile,0.8,36
2025-12-13,wk inc flu hosp,-1,2025-12-06,28,quantile,0.85,37
2025-12-13,wk inc flu hosp,-1,2025-12-06,28,quantile,0.9,39
2025-12-13,wk inc flu hosp,-1,2025-12-06,28,quantile,0.95,40
2025-12-13,wk inc flu hosp,-1,2025-12-06,28,quantile,0.975,42
2025-12-13,wk inc flu hosp,-1,2025-12-06,28,quantile,0.99,45
2025-12-13,wk inc flu hosp,-1,2025-12-06,29,quantile,0.01,45
2025-12-13,wk inc flu hosp,-1,2025-12-06,29,quantile,0.025,47
2025-12-13,wk inc flu hosp,-1,2025-12-06,29,quantile,0.05,50
2025-12-13,wk inc flu hosp,-1,2025-12-06,29,quantile,0.1,52
2025-12-13,wk inc flu hosp,-1,2025-12-06,29,quantile,0.15,53
2025-12-13,wk inc flu hosp,-1,2025-12-06,29,quantile,0.2,55
2025-12-13,wk inc flu hosp,-1,2025-12-06,29,quantile,0.25,57
2025-12-13,wk inc flu hosp,-1,2025-12-06,29,quantile,0.3,58
2025-12-13,wk inc flu hosp,-1,2025-12-06,29,quantile,0.35,59
2025-12-13,wk inc flu hosp,-1,2025-12-06,29,quantile,0.4,60
2025-12-13,wk inc flu hosp,-1,2025-12-06,29,quantile,0.45,61
2025-12-13,wk inc flu hosp,-1,2025-12-06,29,quantile,0.5,62
2025-12-13,wk inc flu hosp,-1,2025-12-06,29,quantile,0.55,63
2025-12-13,wk inc flu hosp,-1,2025-12-06,29,quantile,0.6,63
2025-12-13,wk inc flu hosp,-1,2025-12-06,29,quantile,0.65,65
2025-12-13,wk inc flu hosp,-1,2025-12-06,29,quantile,0.7,66
2025-12-13,wk inc flu hosp,-1,2025-12-06,29,quantile,0.75,66
2025-12-13,wk inc flu hosp,-1,2025-12-06,29,quantile,0.8,68
2025-12-13,wk inc flu hosp,-1,2025-12-06,29,quantile,0.85,70
2025-12-13,wk inc flu hosp,-1,2025-12-06,29,quantile,0.9,72
2025-12-13,wk inc flu hosp,-1,2025-12-06,29,quantile,0.95,76
2025-12-13,wk inc flu hosp,-1,2025-12-06,29,quantile,0.975,81
2025-12-13,wk inc flu hosp,-1,2025-12-06,29,quantile,0.99,84
2025-12-13,wk inc flu hosp,-1,2025-12-06,30,quantile,0.01,8
2025-12-13,wk inc flu hosp,-1,2025-12-06,30,quantile,0.025,9
2025-12-13,wk inc flu hosp,-1,2025-12-06,30,quantile,0.05,10
2025-12-13,wk inc flu hosp,-1,2025-12-06,30,quantile,0.1,11
2025-12-13,wk inc flu hosp,-1,2025-12-06,30,quantile,0.15,11
2025-12-13,wk inc flu hosp,-1,2025-12-06,30,quantile,0.2,12
2025-12-13,wk inc flu hosp,-1,2025-12-06,30,quantile,0.25,12
2025-12-13,wk inc flu hosp,-1,2025-12-06,30,quantile,0.3,13
2025-12-13,wk inc flu hosp,-1,2025-12-06,30,quantile,0.35,13
2025-12-13,wk inc flu hosp,-1,2025-12-06,30,quantile,0.4,14
2025-12-13,wk inc flu hosp,-1,2025-12-06,30,quantile,0.45,14
2025-12-13,wk inc flu hosp,-1,2025-12-06,30,quantile,0.5,14
2025-12-13,wk inc flu hosp,-1,2025-12-06,30,quantile,0.55,15
2025-12-13,wk inc flu hosp,-1,2025-12-06,30,quantile,0.6,15
2025-12-13,wk inc flu hosp,-1,2025-12-06,30,quantile,0.65,16
2025-12-13,wk inc flu hosp,-1,2025-12-06,30,quantile,0.7,16
2025-12-13,wk inc flu hosp,-1,2025-12-06,30,quantile,0.75,17
2025-12-13,wk inc flu hosp,-1,2025-12-06,30,quantile,0.8,18
2025-12-13,wk inc flu hosp,-1,2025-12-06,30,quantile,0.85,18
2025-12-13,wk inc flu hosp,-1,2025-12-06,30,quantile,0.9,20
2025-12-13,wk inc flu hosp,-1,2025-12-06,30,quantile,0.95,21
2025-12-13,wk inc flu hosp,-1,2025-12-06,30,quantile,0.975,23
2025-12-13,wk inc flu hosp,-1,2025-12-06,30,quantile,0.99,26
2025-12-13,wk inc flu hosp,-1,2025-12-06,31,quantile,0.01,6
2025-12-13,wk inc flu hosp,-1,2025-12-06,31,quantile,0.025,6
2025-12-13,wk inc flu hosp,-1,2025-12-06,31,quantile,0.05,7
2025-12-13,wk inc flu hosp,-1,2025-12-06,31,quantile,0.1,8
2025-12-13,wk inc flu hosp,-1,2025-12-06,31,quantile,0.15,8
2025-12-13,wk inc flu hosp,-1,2025-12-06,31,quantile,0.2,9
2025-12-13,wk inc flu hosp,-1,2025-12-06,31,quantile,0.25,9
2025-12-13,wk inc flu hosp,-1,2025-12-06,31,quantile,0.3,10
2025-12-13,wk inc flu hosp,-1,2025-12-06,31,quantile,0.35,10
2025-12-13,wk inc flu hosp,-1,2025-12-06,31,quantile,0.4,11
2025-12-13,wk inc flu hosp,-1,2025-12-06,31,quantile,0.45,11
2025-12-13,wk inc flu hosp,-1,2025-12-06,31,quantile,0.5,11
2025-12-13,wk inc flu hosp,-1,2025-12-06,31,quantile,0.55,12
2025-12-13,wk inc flu hosp,-1,2025-12-06,31,quantile,0.6,12
2025-12-13,wk inc flu hosp,-1,2025-12-06,31,quantile,0.65,12
2025-12-13,wk inc flu hosp,-1,2025-12-06,31,quantile,0.7,13
2025-12-13,wk inc flu hosp,-1,2025-12-06,31,quantile,0.75,13
2025-12-13,wk inc flu hosp,-1,2025-12-06,31,quantile,0.8,14
2025-12-13,wk inc flu hosp,-1,2025-12-06,31,quantile,0.85,14
2025-12-13,wk inc flu hosp,-1,2025-12-06,31,quantile,0.9,15
2025-12-13,wk inc flu hosp,-1,2025-12-06,31,quantile,0.95,16
2025-12-13,wk inc flu hosp,-1,2025-12-06,31,quantile,0.975,17
2025-12-13,wk inc flu hosp,-1,2025-12-06,31,quantile,0.99,20
2025-12-13,wk inc flu hosp,-1,2025-12-06,32,quantile,0.01,17
2025-12-13,wk inc flu hosp,-1,2025-12-06,32,quantile,0.025,19
2025-12-13,wk inc flu hosp,-1,2025-12-06,32,quantile,0.05,20
2025-12-13,wk inc flu hosp,-1,2025-12-06,32,quantile,0.1,21
2025-12-13,wk inc flu hosp,-1,2025-12-06,32,quantile,0.15,22
2025-12-13,wk inc flu hosp,-1,2025-12-06,32,quantile,0.2,23
2025-12-13,wk inc flu hosp,-1,2025-12-06,32,quantile,0.25,24
2025-12-13,wk inc flu hosp,-1,2025-12-06,32,quantile,0.3,24
2025-12-13,wk inc flu hosp,-1,2025-12-06,32,quantile,0.35,25
2025-12-13,wk inc flu hosp,-1,2025-12-06,32,quantile,0.4,25
2025-12-13,wk inc flu hosp,-1,2025-12-06,32,quantile,0.45,26
2025-12-13,wk inc flu hosp,-1,2025-12-06,32,quantile,0.5,27
2025-12-13,wk inc flu hosp,-1,2025-12-06,32,quantile,0.55,27
2025-12-13,wk inc flu hosp,-1,2025-12-06,32,quantile,0.6,28
2025-12-13,wk inc flu hosp,-1,2025-12-06,32,quantile,0.65,29
2025-12-13,wk inc flu hosp,-1,2025-12-06,32,quantile,0.7,29
2025-12-13,wk inc flu hosp,-1,2025-12-06,32,quantile,0.75,30
2025-12-13,wk inc flu hosp,-1,2025-12-06,32,quantile,0.8,31
2025-12-13,wk inc flu hosp,-1,2025-12-06,32,quantile,0.85,32
2025-12-13,wk inc flu hosp,-1,2025-12-06,32,quantile,0.9,33
2025-12-13,wk inc flu hosp,-1,2025-12-06,32,quantile,0.95,36
2025-12-13,wk inc flu hosp,-1,2025-12-06,32,quantile,0.975,37
2025-12-13,wk inc flu hosp,-1,2025-12-06,32,quantile,0.99,39
2025-12-13,wk inc flu hosp,-1,2025-12-06,33,quantile,0.01,13
2025-12-13,wk inc flu hosp,-1,2025-12-06,33,quantile,0.025,14
2025-12-13,wk inc flu hosp,-1,2025-12-06,33,quantile,0.05,16
2025-12-13,wk inc flu hosp,-1,2025-12-06,33,quantile,0.1,17
2025-12-13,wk inc flu hosp,-1,2025-12-06,33,quantile,0.15,18
2025-12-13,wk inc flu hosp,-1,2025-12-06,33,quantile,0.2,18
2025-12-13,wk inc flu hosp,-1,2025-12-06,33,quantile,0.25,19
2025-12-13,wk inc flu hosp,-1,2025-12-06,33,quantile,0.3,19
2025-12-13,wk inc flu hosp,-1,2025-12-06,33,quantile,0.35,20
2025-12-13,wk inc flu hosp,-1,2025-12-06,33,quantile,0.4,20
2025-12-13,wk inc flu hosp,-1,2025-12-06,33,quantile,0.45,21
2025-12-13,wk inc flu hosp,-1,2025-12-06,33,quantile,0.5,21
2025-12-13,wk inc flu hosp,-1,2025-12-06,33,quantile,0.55,22
2025-12-13,wk inc flu hosp,-1,2025-12-06,33,quantile,0.6,22
2025-12-13,wk inc flu hosp,-1,2025-12-06,33,quantile,0.65,23
2025-12-13,wk inc flu hosp,-1,2025-12-06,33,quantile,0.7,24
2025-12-13,wk inc flu hosp,-1,2025-12-06,33,quantile,0.75,24
2025-12-13,wk inc flu hosp,-1,2025-12-06,33,quantile,0.8,25
2025-12-13,wk inc flu hosp,-1,2025-12-06,33,quantile,0.85,26
2025-12-13,wk inc flu hosp,-1,2025-12-06,33,quantile,0.9,27
2025-12-13,wk inc flu hosp,-1,2025-12-06,33,quantile,0.95,29
2025-12-13,wk inc flu hosp,-1,2025-12-06,33,quantile,0.975,30
2025-12-13,wk inc flu hosp,-1,2025-12-06,33,quantile,0.99,33
2025-12-13,wk inc flu hosp,-1,2025-12-06,34,quantile,0.01,219
2025-12-13,wk inc flu hosp,-1,2025-12-06,34,quantile,0.025,224
2025-12-13,wk inc flu hosp,-1,2025-12-06,34,quantile,0.05,228
2025-12-13,wk inc flu hosp,-1,2025-12-06,34,quantile,0.1,234
2025-12-13,wk inc flu hosp,-1,2025-12-06,34,quantile,0.15,239
2025-12-13,wk inc flu hosp,-1,2025-12-06,34,quantile,0.2,243
2025-12-13,wk inc flu hosp,-1,2025-12-06,34,quantile,0.25,247
2025-12-13,wk inc flu hosp,-1,2025-12-06,34,quantile,0.3,250
2025-12-13,wk inc flu hosp,-1,2025-12-06,34,quantile,0.35,253
2025-12-13,wk inc flu hosp,-1,2025-12-06,34,quantile,0.4,256
2025-12-13,wk inc flu hosp,-1,2025-12-06,34,quantile,0.45,259
2025-12-13,wk inc flu hosp,-1,2025-12-06,34,quantile,0.5,261
2025-12-13,wk inc flu hosp,-1,2025-12-06,34,quantile,0.55,263
2025-12-13,wk inc flu hosp,-1,2025-12-06,34,quantile,0.6,267
2025-12-13,wk inc flu hosp,-1,2025-12-06,34,quantile,0.65,270
2025-12-13,wk inc flu hosp,-1,2025-12-06,34,quantile,0.7,274
2025-12-13,wk inc flu hosp,-1,2025-12-06,34,quantile,0.75,279
2025-12-13,wk inc flu hosp,-1,2025-12-06,34,quantile,0.8,285
2025-12-13,wk inc flu hosp,-1,2025-12-06,34,quantile,0.85,288
2025-12-13,wk inc flu hosp,-1,2025-12-06,34,quantile,0.9,293
2025-12-13,wk inc flu hosp,-1,2025-12-06,34,quantile,0.95,304
2025-12-13,wk inc flu hosp,-1,2025-12-06,34,quantile,0.975,309
2025-12-13,wk inc flu hosp,-1,2025-12-06,34,quantile,0.99,321
2025-12-13,wk inc flu hosp,-1,2025-12-06,35,quantile,0.01,25
2025-12-13,wk inc flu hosp,-1,2025-12-06,35,quantile,0.025,27
2025-12-13,wk inc flu hosp,-1,2025-12-06,35,quantile,0.05,29
2025-12-13,wk inc flu hosp,-1,2025-12-06,35,quantile,0.1,31
2025-12-13,wk inc flu hosp,-1,2025-12-06,35,quantile,0.15,32
2025-12-13,wk inc flu hosp,-1,2025-12-06,35,quantile,0.2,33
2025-12-13,wk inc flu hosp,-1,2025-12-06,35,quantile,0.25,34
2025-12-13,wk inc flu hosp,-1,2025-12-06,35,quantile,0.3,34
2025-12-13,wk inc flu hosp,-1,2025-12-06,35,quantile,0.35,35
2025-12-13,wk inc flu hosp,-1,2025-12-06,35,quantile,0.4,36
2025-12-13,wk inc flu hosp,-1,2025-12-06,35,quantile,0.45,37
2025-12-13,wk inc flu hosp,-1,2025-12-06,35,quantile,0.5,38
2025-12-13,wk inc flu hosp,-1,2025-12-06,35,quantile,0.55,39
2025-12-13,wk inc flu hosp,-1,2025-12-06,35,quantile,0.6,40
2025-12-13,wk inc flu hosp,-1,2025-12-06,35,quantile,0.65,41
2025-12-13,wk inc flu hosp,-1,2025-12-06,35,quantile,0.7,41
2025-12-13,wk inc flu hosp,-1,2025-12-06,35,quantile,0.75,42
2025-12-13,wk inc flu hosp,-1,2025-12-06,35,quantile,0.8,44
2025-12-13,wk inc flu hosp,-1,2025-12-06,35,quantile,0.85,45
2025-12-13,wk inc flu hosp,-1,2025-12-06,35,quantile,0.9,46
2025-12-13,wk inc flu hosp,-1,2025-12-06,35,quantile,0.95,49
2025-12-13,wk inc flu hosp,-1,2025-12-06,35,quantile,0.975,52
2025-12-13,wk inc flu hosp,-1,2025-12-06,35,quantile,0.99,55
2025-12-13,wk inc flu hosp,-1,2025-12-06,36,quantile,0.01,966
2025-12-13,wk inc flu hosp,-1,2025-12-06,36,quantile,0.025,981
2025-12-13,wk inc flu hosp,-1,2025-12-06,36,quantile,0.05,1001
2025-12-13,wk inc flu hosp,-1,2025-12-06,36,quantile,0.1,1025
2025-12-13,wk inc flu hosp,-1,2025-12-06,36,quantile,0.15,1041
2025-12-13,wk inc flu hosp,-1,2025-12-06,36,quantile,0.2,1053
2025-12-13,wk inc flu hosp,-1,2025-12-06,36,quantile,0.25,1069
2025-12-13,wk inc flu hosp,-1,2025-12-06,36,quantile,0.3,1078
2025-12-13,wk inc flu hosp,-1,2025-12-06,36,quantile,0.35,1087
2025-12-13,wk inc flu hosp,-1,2025-12-06,36,quantile,0.4,1095
2025-12-13,wk inc flu hosp,-1,2025-12-06,36,quantile,0.45,1108
2025-12-13,wk inc flu hosp,-1,2025-12-06,36,quantile,0.5,1116
2025-12-13,wk inc flu hosp,-1,2025-12-06,36,quantile,0.55,1126
2025-12-13,wk inc flu hosp,-1,2025-12-06,36,quantile,0.6,1135
2025-12-13,wk inc flu hosp,-1,2025-12-06,36,quantile,0.65,1146
2025-12-13,wk inc flu hosp,-1,2025-12-06,36,quantile,0.7,1159
2025-12-13,wk inc flu hosp,-1,2025-12-06,36,quantile,0.75,1170
2025-12-13,wk inc flu hosp,-1,2025-12-06,36,quantile,0.8,1183
2025-12-13,wk inc flu hosp,-1,2025-12-06,36,quantile,0.85,1199
2025-12-13,wk inc flu hosp,-1,2025-12-06,36,quantile,0.9,1218
2025-12-13,wk inc flu hosp,-1,2025-12-06,36,quantile,0.95,1253
2025-12-13,wk inc flu hosp,-1,2025-12-06,36,quantile,0.975,1290
2025-12-13,wk inc flu hosp,-1,2025-12-06,36,quantile,0.99,1327
2025-12-13,wk inc flu hosp,-1,2025-12-06,37,quantile,0.01,238
2025-12-13,wk inc flu hosp,-1,2025-12-06,37,quantile,0.025,245
2025-12-13,wk inc flu hosp,-1,2025-12-06,37,quantile,0.05,252
2025-12-13,wk inc flu hosp,-1,2025-12-06,37,quantile,0.1,259
2025-12-13,wk inc flu hosp,-1,2025-12-06,37,quantile,0.15,264
2025-12-13,wk inc flu hosp,-1,2025-12-06,37,quantile,0.2,268
2025-12-13,wk inc flu hosp,-1,2025-12-06,37,quantile,0.25,273
2025-12-13,wk inc flu hosp,-1,2025-12-06,37,quantile,0.3,276
2025-12-13,wk inc flu hosp,-1,2025-12-06,37,quantile,0.35,280
2025-12-13,wk inc flu hosp,-1,2025-12-06,37,quantile,0.4,282
2025-12-13,wk inc flu hosp,-1,2025-12-06,37,quantile,0.45,286
2025-12-13,wk inc flu hosp,-1,2025-12-06,37,quantile,0.5,289
2025-12-13,wk inc flu hosp,-1,2025-12-06,37,quantile,0.55,291
2025-12-13,wk inc flu hosp,-1,2025-12-06,37,quantile,0.6,294
2025-12-13,wk inc flu hosp,-1,2025-12-06,37,quantile,0.65,297
2025-12-13,wk inc flu hosp,-1,2025-12-06,37,quantile,0.7,300
2025-12-13,wk inc flu hosp,-1,2025-12-06,37,quantile,0.75,303
2025-12-13,wk inc flu hosp,-1,2025-12-06,37,quantile,0.8,307
2025-12-13,wk inc flu hosp,-1,2025-12-06,37,quantile,0.85,311
2025-12-13,wk inc flu hosp,-1,2025-12-06,37,quantile,0.9,319
2025-12-13,wk inc flu hosp,-1,2025-12-06,37,quantile,0.95,327
2025-12-13,wk inc flu hosp,-1,2025-12-06,37,quantile,0.975,337
2025-12-13,wk inc flu hosp,-1,2025-12-06,37,quantile,0.99,345
2025-12-13,wk inc flu hosp,-1,2025-12-06,38,quantile,0.01,4
2025-12-13,wk inc flu hosp,-1,2025-12-06,38,quantile,0.025,4
2025-12-13,wk inc flu hosp,-1,2025-12-06,38,quantile,0.05,5
2025-12-13,wk inc flu hosp,-1,2025-12-06,38,quantile,0.1,5
2025-12-13,wk inc flu hosp,-1,2025-12-06,38,quantile,0.15,6
2025-12-13,wk inc flu hosp,-1,2025-12-06,38,quantile,0.2,6
2025-12-13,wk inc flu hosp,-1,2025-12-06,38,quantile,0.25,6
2025-12-13,wk inc flu hosp,-1,2025-12-06,38,quantile,0.3,7
2025-12-13,wk inc flu hosp,-1,2025-12-06,38,quantile,0.35,7
2025-12-13,wk inc flu hosp,-1,2025-12-06,38,quantile,0.4,7
2025-12-13,wk inc flu hosp,-1,2025-12-06,38,quantile,0.45,8
2025-12-13,wk inc flu hosp,-1,2025-12-06,38,quantile,0.5,8
2025-12-13,wk inc flu hosp,-1,2025-12-06,38,quantile,0.55,8
2025-12-13,wk inc flu hosp,-1,2025-12-06,38,quantile,0.6,9
2025-12-13,wk inc flu hosp,-1,2025-12-06,38,quantile,0.65,9
2025-12-13,wk inc flu hosp,-1,2025-12-06,38,quantile,0.7,9
2025-12-13,wk inc flu hosp,-1,2025-12-06,38,quantile,0.75,10
2025-12-13,wk inc flu hosp,-1,2025-12-06,38,quantile,0.8,10
2025-12-13,wk inc flu hosp,-1,2025-12-06,38,quantile,0.85,11
2025-12-13,wk inc flu hosp,-1,2025-12-06,38,quantile,0.9,12
2025-12-13,wk inc flu hosp,-1,2025-12-06,38,quantile,0.95,13
2025-12-13,wk inc flu hosp,-1,2025-12-06,38,quantile,0.975,14
2025-12-13,wk inc flu hosp,-1,2025-12-06,38,quantile,0.99,16
2025-12-13,wk inc flu hosp,-1,2025-12-06,39,quantile,0.01,145
2025-12-13,wk inc flu hosp,-1,2025-12-06,39,quantile,0.025,148
2025-12-13,wk inc flu hosp,-1,2025-12-06,39,quantile,0.05,154
2025-12-13,wk inc flu hosp,-1,2025-12-06,39,quantile,0.1,159
2025-12-13,wk inc flu hosp,-1,2025-12-06,39,quantile,0.15,163
2025-12-13,wk inc flu hosp,-1,2025-12-06,39,quantile,0.2,166
2025-12-13,wk inc flu hosp,-1,2025-12-06,39,quantile,0.25,169
2025-12-13,wk inc flu hosp,-1,2025-12-06,39,quantile,0.3,171
2025-12-13,wk inc flu hosp,-1,2025-12-06,39,quantile,0.35,174
2025-12-13,wk inc flu hosp,-1,2025-12-06,39,quantile,0.4,176
2025-12-13,wk inc flu hosp,-1,2025-12-06,39,quantile,0.45,177
2025-12-13,wk inc flu hosp,-1,2025-12-06,39,quantile,0.5,180
2025-12-13,wk inc flu hosp,-1,2025-12-06,39,quantile,0.55,182
2025-12-13,wk inc flu hosp,-1,2025-12-06,39,quantile,0.6,184
2025-12-13,wk inc flu hosp,-1,2025-12-06,39,quantile,0.65,186
2025-12-13,wk inc flu hosp,-1,2025-12-06,39,quantile,0.7,189
2025-12-13,wk inc flu hosp,-1,2025-12-06,39,quantile,0.75,191
2025-12-13,wk inc flu hosp,-1,2025-12-06,39,quantile,0.8,193
2025-12-13,wk inc flu hosp,-1,2025-12-06,39,quantile,0.85,197
2025-12-13,wk inc flu hosp,-1,2025-12-06,39,quantile,0.9,201
2025-12-13,wk inc flu hosp,-1,2025-12-06,39,quantile,0.95,208
2025-12-13,wk inc flu hosp,-1,2025-12-06,39,quantile,0.975,214
2025-12-13,wk inc flu hosp,-1,2025-12-06,39,quantile,0.99,220
2025-12-13,wk inc flu hosp,-1,2025-12-06,40,quantile,0.01,10
2025-12-13,wk inc flu hosp,-1,2025-12-06,40,quantile,0.025,11
2025-12-13,wk inc flu hosp,-1,2025-12-06,40,quantile,0.05,12
2025-12-13,wk inc flu hosp,-1,2025-12-06,40,quantile,0.1,13
2025-12-13,wk inc flu hosp,-1,2025-12-06,40,quantile,0.15,14
2025-12-13,wk inc flu hosp,-1,2025-12-06,40,quantile,0.2,15
2025-12-13,wk inc flu hosp,-1,2025-12-06,40,quantile,0.25,15
2025-12-13,wk inc flu hosp,-1,2025-12-06,40,quantile,0.3,16
2025-12-13,wk inc flu hosp,-1,2025-12-06,40,quantile,0.35,16
2025-12-13,wk inc flu hosp,-1,2025-12-06,40,quantile,0.4,17
2025-12-13,wk inc flu hosp,-1,2025-12-06,40,quantile,0.45,17
2025-12-13,wk inc flu hosp,-1,2025-12-06,40,quantile,0.5,18
2025-12-13,wk inc flu hosp,-1,2025-12-06,40,quantile,0.55,18
2025-12-13,wk inc flu hosp,-1,2025-12-06,40,quantile,0.6,19
2025-12-13,wk inc flu hosp,-1,2025-12-06,40,quantile,0.65,19
2025-12-13,wk inc flu hosp,-1,2025-12-06,40,quantile,0.7,20
2025-12-13,wk inc flu hosp,-1,2025-12-06,40,quantile,0.75,20
2025-12-13,wk inc flu hosp,-1,2025-12-06,40,quantile,0.8,21
2025-12-13,wk inc flu hosp,-1,2025-12-06,40,quantile,0.85,22
2025-12-13,wk inc flu hosp,-1,2025-12-06,40,quantile,0.9,23
2025-12-13,wk inc flu hosp,-1,2025-12-06,40,quantile,0.95,25
2025-12-13,wk inc flu hosp,-1,2025-12-06,40,quantile,0.975,26
2025-12-13,wk inc flu hosp,-1,2025-12-06,40,quantile,0.99,29
2025-12-13,wk inc flu hosp,-1,2025-12-06,41,quantile,0.01,25
2025-12-13,wk inc flu hosp,-1,2025-12-06,41,quantile,0.025,26
2025-12-13,wk inc flu hosp,-1,2025-12-06,41,quantile,0.05,27
2025-12-13,wk inc flu hosp,-1,2025-12-06,41,quantile,0.1,30
2025-12-13,wk inc flu hosp,-1,2025-12-06,41,quantile,0.15,31
2025-12-13,wk inc flu hosp,-1,2025-12-06,41,quantile,0.2,32
2025-12-13,wk inc flu hosp,-1,2025-12-06,41,quantile,0.25,33
2025-12-13,wk inc flu hosp,-1,2025-12-06,41,quantile,0.3,34
2025-12-13,wk inc flu hosp,-1,2025-12-06,41,quantile,0.35,35
2025-12-13,wk inc flu hosp,-1,2025-12-06,41,quantile,0.4,35
2025-12-13,wk inc flu hosp,-1,2025-12-06,41,quantile,0.45,36
2025-12-13,wk inc flu hosp,-1,2025-12-06,41,quantile,0.5,36
2025-12-13,wk inc flu hosp,-1,2025-12-06,41,quantile,0.55,37
2025-12-13,wk inc flu hosp,-1,2025-12-06,41,quantile,0.6,38
2025-12-13,wk inc flu hosp,-1,2025-12-06,41,quantile,0.65,38
2025-12-13,wk inc flu hosp,-1,2025-12-06,41,quantile,0.7,39
2025-12-13,wk inc flu hosp,-1,2025-12-06,41,quantile,0.75,41
2025-12-13,wk inc flu hosp,-1,2025-12-06,41,quantile,0.8,41
2025-12-13,wk inc flu hosp,-1,2025-12-06,41,quantile,0.85,43
2025-12-13,wk inc flu hosp,-1,2025-12-06,41,quantile,0.9,44
2025-12-13,wk inc flu hosp,-1,2025-12-06,41,quantile,0.95,47
2025-12-13,wk inc flu hosp,-1,2025-12-06,41,quantile,0.975,49
2025-12-13,wk inc flu hosp,-1,2025-12-06,41,quantile,0.99,52
2025-12-13,wk inc flu hosp,-1,2025-12-06,42,quantile,0.01,417
2025-12-13,wk inc flu hosp,-1,2025-12-06,42,quantile,0.025,427
2025-12-13,wk inc flu hosp,-1,2025-12-06,42,quantile,0.05,438
2025-12-13,wk inc flu hosp,-1,2025-12-06,42,quantile,0.1,452
2025-12-13,wk inc flu hosp,-1,2025-12-06,42,quantile,0.15,462
2025-12-13,wk inc flu hosp,-1,2025-12-06,42,quantile,0.2,467
2025-12-13,wk inc flu hosp,-1,2025-12-06,42,quantile,0.25,473
2025-12-13,wk inc flu hosp,-1,2025-12-06,42,quantile,0.3,478
2025-12-13,wk inc flu hosp,-1,2025-12-06,42,quantile,0.35,483
2025-12-13,wk inc flu hosp,-1,2025-12-06,42,quantile,0.4,489
2025-12-13,wk inc flu hosp,-1,2025-12-06,42,quantile,0.45,493
2025-12-13,wk inc flu hosp,-1,2025-12-06,42,quantile,0.5,496
2025-12-13,wk inc flu hosp,-1,2025-12-06,42,quantile,0.55,500
2025-12-13,wk inc flu hosp,-1,2025-12-06,42,quantile,0.6,505
2025-12-13,wk inc flu hosp,-1,2025-12-06,42,quantile,0.65,508
2025-12-13,wk inc flu hosp,-1,2025-12-06,42,quantile,0.7,512
2025-12-13,wk inc flu hosp,-1,2025-12-06,42,quantile,0.75,519
2025-12-13,wk inc flu hosp,-1,2025-12-06,42,quantile,0.8,523
2025-12-13,wk inc flu hosp,-1,2025-12-06,42,quantile,0.85,528
2025-12-13,wk inc flu hosp,-1,2025-12-06,42,quantile,0.9,536
2025-12-13,wk inc flu hosp,-1,2025-12-06,42,quantile,0.95,551
2025-12-13,wk inc flu hosp,-1,2025-12-06,42,quantile,0.975,563
2025-12-13,wk inc flu hosp,-1,2025-12-06,42,quantile,0.99,577
2025-12-13,wk inc flu hosp,-1,2025-12-06,44,quantile,0.01,15
2025-12-13,wk inc flu hosp,-1,2025-12-06,44,quantile,0.025,16
2025-12-13,wk inc flu hosp,-1,2025-12-06,44,quantile,0.05,17
2025-12-13,wk inc flu hosp,-1,2025-12-06,44,quantile,0.1,19
2025-12-13,wk inc flu hosp,-1,2025-12-06,44,quantile,0.15,19
2025-12-13,wk inc flu hosp,-1,2025-12-06,44,quantile,0.2,20
2025-12-13,wk inc flu hosp,-1,2025-12-06,44,quantile,0.25,21
2025-12-13,wk inc flu hosp,-1,2025-12-06,44,quantile,0.3,21
2025-12-13,wk inc flu hosp,-1,2025-12-06,44,quantile,0.35,22
2025-12-13,wk inc flu hosp,-1,2025-12-06,44,quantile,0.4,23
2025-12-13,wk inc flu hosp,-1,2025-12-06,44,quantile,0.45,24
2025-12-13,wk inc flu hosp,-1,2025-12-06,44,quantile,0.5,24
2025-12-13,wk inc flu hosp,-1,2025-12-06,44,quantile,0.55,25
2025-12-13,wk inc flu hosp,-1,2025-12-06,44,quantile,0.6,25
2025-12-13,wk inc flu hosp,-1,2025-12-06,44,quantile,0.65,26
2025-12-13,wk inc flu hosp,-1,2025-12-06,44,quantile,0.7,27
2025-12-13,wk inc flu hosp,-1,2025-12-06,44,quantile,0.75,28
2025-12-13,wk inc flu hosp,-1,2025-12-06,44,quantile,0.8,29
2025-12-13,wk inc flu hosp,-1,2025-12-06,44,quantile,0.85,30
2025-12-13,wk inc flu hosp,-1,2025-12-06,44,quantile,0.9,31
2025-12-13,wk inc flu hosp,-1,2025-12-06,44,quantile,0.95,33
2025-12-13,wk inc flu hosp,-1,2025-12-06,44,quantile,0.975,34
2025-12-13,wk inc flu hosp,-1,2025-12-06,44,quantile,0.99,37
2025-12-13,wk inc flu hosp,-1,2025-12-06,45,quantile,0.01,61
2025-12-13,wk inc flu hosp,-1,2025-12-06,45,quantile,0.025,64
2025-12-13,wk inc flu hosp,-1,2025-12-06,45,quantile,0.05,67
2025-12-13,wk inc flu hosp,-1,2025-12-06,45,quantile,0.1,70
2025-12-13,wk inc flu hosp,-1,2025-12-06,45,quantile,0.15,72
2025-12-13,wk inc flu hosp,-1,2025-12-06,45,quantile,0.2,74
2025-12-13,wk inc flu hosp,-1,2025-12-06,45,quantile,0.25,76
2025-12-13,wk inc flu hosp,-1,2025-12-06,45,quantile,0.3,77
2025-12-13,wk inc flu hosp,-1,2025-12-06,45,quantile,0.35,78
2025-12-13,wk inc flu hosp,-1,2025-12-06,45,quantile,0.4,80
2025-12-13,wk inc flu hosp,-1,2025-12-06,45,quantile,0.45,81
2025-12-13,wk inc flu hosp,-1,2025-12-06,45,quantile,0.5,82
2025-12-13,wk inc flu hosp,-1,2025-12-06,45,quantile,0.55,84
2025-12-13,wk inc flu hosp,-1,2025-12-06,45,quantile,0.6,85
2025-12-13,wk inc flu hosp,-1,2025-12-06,45,quantile,0.65,86
2025-12-13,wk inc flu hosp,-1,2025-12-06,45,quantile,0.7,88
2025-12-13,wk inc flu hosp,-1,2025-12-06,45,quantile,0.75,89
2025-12-13,wk inc flu hosp,-1,2025-12-06,45,quantile,0.8,91
2025-12-13,wk inc flu hosp,-1,2025-12-06,45,quantile,0.85,93
2025-12-13,wk inc flu hosp,-1,2025-12-06,45,quantile,0.9,96
2025-12-13,wk inc flu hosp,-1,2025-12-06,45,quantile,0.95,99
2025-12-13,wk inc flu hosp,-1,2025-12-06,45,quantile,0.975,103
2025-12-13,wk inc flu hosp,-1,2025-12-06,45,quantile,0.99,108
2025-12-13,wk inc flu hosp,-1,2025-12-06,46,quantile,0.01,1
2025-12-13,wk inc flu hosp,-1,2025-12-06,46,quantile,0.025,1
2025-12-13,wk inc flu hosp,-1,2025-12-06,46,quantile,0.05,2
2025-12-13,wk inc flu hosp,-1,2025-12-06,46,quantile,0.1,2
2025-12-13,wk inc flu hosp,-1,2025-12-06,46,quantile,0.15,2
2025-12-13,wk inc flu hosp,-1,2025-12-06,46,quantile,0.2,2
2025-12-13,wk inc flu hosp,-1,2025-12-06,46,quantile,0.25,3
2025-12-13,wk inc flu hosp,-1,2025-12-06,46,quantile,0.3,3
2025-12-13,wk inc flu hosp,-1,2025-12-06,46,quantile,0.35,3
2025-12-13,wk inc flu hosp,-1,2025-12-06,46,quantile,0.4,3
2025-12-13,wk inc flu hosp,-1,2025-12-06,46,quantile,0.45,3
2025-12-13,wk inc flu hosp,-1,2025-12-06,46,quantile,0.5,4
2025-12-13,wk inc flu hosp,-1,2025-12-06,46,quantile,0.55,4
2025-12-13,wk inc flu hosp,-1,2025-12-06,46,quantile,0.6,4
2025-12-13,wk inc flu hosp,-1,2025-12-06,46,quantile,0.65,4
2025-12-13,wk inc flu hosp,-1,2025-12-06,46,quantile,0.7,4
2025-12-13,wk inc flu hosp,-1,2025-12-06,46,quantile,0.75,5
2025-12-13,wk inc flu hosp,-1,2025-12-06,46,quantile,0.8,5
2025-12-13,wk inc flu hosp,-1,2025-12-06,46,quantile,0.85,5
2025-12-13,wk inc flu hosp,-1,2025-12-06,46,quantile,0.9,6
2025-12-13,wk inc flu hosp,-1,2025-12-06,46,quantile,0.95,7
2025-12-13,wk inc flu hosp,-1,2025-12-06,46,quantile,0.975,7
2025-12-13,wk inc flu hosp,-1,2025-12-06,46,quantile,0.99,8
2025-12-13,wk inc flu hosp,-1,2025-12-06,47,quantile,0.01,74
2025-12-13,wk inc flu hosp,-1,2025-12-06,47,quantile,0.025,77
2025-12-13,wk inc flu hosp,-1,2025-12-06,47,quantile,0.05,79
2025-12-13,wk inc flu hosp,-1,2025-12-06,47,quantile,0.1,82
2025-12-13,wk inc flu hosp,-1,2025-12-06,47,quantile,0.15,85
2025-12-13,wk inc flu hosp,-1,2025-12-06,47,quantile,0.2,86
2025-12-13,wk inc flu hosp,-1,2025-12-06,47,quantile,0.25,87
2025-12-13,wk inc flu hosp,-1,2025-12-06,47,quantile,0.3,88
2025-12-13,wk inc flu hosp,-1,2025-12-06,47,quantile,0.35,90
2025-12-13,wk inc flu hosp,-1,2025-12-06,47,quantile,0.4,92
2025-12-13,wk inc flu hosp,-1,2025-12-06,47,quantile,0.45,93
2025-12-13,wk inc flu hosp,-1,2025-12-06,47,quantile,0.5,94
2025-12-13,wk inc flu hosp,-1,2025-12-06,47,quantile,0.55,95
2025-12-13,wk inc flu hosp,-1,2025-12-06,47,quantile,0.6,97
2025-12-13,wk inc flu hosp,-1,2025-12-06,47,quantile,0.65,99
2025-12-13,wk inc flu hosp,-1,2025-12-06,47,quantile,0.7,101
2025-12-13,wk inc flu hosp,-1,2025-12-06,47,quantile,0.75,102
2025-12-13,wk inc flu hosp,-1,2025-12-06,47,quantile,0.8,104
2025-12-13,wk inc flu hosp,-1,2025-12-06,47,quantile,0.85,106
2025-12-13,wk inc flu hosp,-1,2025-12-06,47,quantile,0.9,109
2025-12-13,wk inc flu hosp,-1,2025-12-06,47,quantile,0.95,114
2025-12-13,wk inc flu hosp,-1,2025-12-06,47,quantile,0.975,118
2025-12-13,wk inc flu hosp,-1,2025-12-06,47,quantile,0.99,124
2025-12-13,wk inc flu hosp,-1,2025-12-06,48,quantile,0.01,565
2025-12-13,wk inc flu hosp,-1,2025-12-06,48,quantile,0.025,579
2025-12-13,wk inc flu hosp,-1,2025-12-06,48,quantile,0.05,592
2025-12-13,wk inc flu hosp,-1,2025-12-06,48,quantile,0.1,609
2025-12-13,wk inc flu hosp,-1,2025-12-06,48,quantile,0.15,619
2025-12-13,wk inc flu hosp,-1,2025-12-06,48,quantile,0.2,628
2025-12-13,wk inc flu hosp,-1,2025-12-06,48,quantile,0.25,637
2025-12-13,wk inc flu hosp,-1,2025-12-06,48,quantile,0.3,645
2025-12-13,wk inc flu hosp,-1,2025-12-06,48,quantile,0.35,651
2025-12-13,wk inc flu hosp,-1,2025-12-06,48,quantile,0.4,657
2025-12-13,wk inc flu hosp,-1,2025-12-06,48,quantile,0.45,663
2025-12-13,wk inc flu hosp,-1,2025-12-06,48,quantile,0.5,667
2025-12-13,wk inc flu hosp,-1,2025-12-06,48,quantile,0.55,676
2025-12-13,wk inc flu hosp,-1,2025-12-06,48,quantile,0.6,680
2025-12-13,wk inc flu hosp,-1,2025-12-06,48,quantile,0.65,685
2025-12-13,wk inc flu hosp,-1,2025-12-06,48,quantile,0.7,690
2025-12-13,wk inc flu hosp,-1,2025-12-06,48,quantile,0.75,699
2025-12-13,wk inc flu hosp,-1,2025-12-06,48,quantile,0.8,709
2025-12-13,wk inc flu hosp,-1,2025-12-06,48,quantile,0.85,718
2025-12-13,wk inc flu hosp,-1,2025-12-06,48,quantile,0.9,732
2025-12-13,wk inc flu hosp,-1,2025-12-06,48,quantile,0.95,751
2025-12-13,wk inc flu hosp,-1,2025-12-06,48,quantile,0.975,763
2025-12-13,wk inc flu hosp,-1,2025-12-06,48,quantile,0.99,780
2025-12-13,wk inc flu hosp,-1,2025-12-06,49,quantile,0.01,33
2025-12-13,wk inc flu hosp,-1,2025-12-06,49,quantile,0.025,35
2025-12-13,wk inc flu hosp,-1,2025-12-06,49,quantile,0.05,36
2025-12-13,wk inc flu hosp,-1,2025-12-06,49,quantile,0.1,38
2025-12-13,wk inc flu hosp,-1,2025-12-06,49,quantile,0.15,39
2025-12-13,wk inc flu hosp,-1,2025-12-06,49,quantile,0.2,41
2025-12-13,wk inc flu hosp,-1,2025-12-06,49,quantile,0.25,41
2025-12-13,wk inc flu hosp,-1,2025-12-06,49,quantile,0.3,43
2025-12-13,wk inc flu hosp,-1,2025-12-06,49,quantile,0.35,43
2025-12-13,wk inc flu hosp,-1,2025-12-06,49,quantile,0.4,44
2025-12-13,wk inc flu hosp,-1,2025-12-06,49,quantile,0.45,45
2025-12-13,wk inc flu hosp,-1,2025-12-06,49,quantile,0.5,46
2025-12-13,wk inc flu hosp,-1,2025-12-06,49,quantile,0.55,47
2025-12-13,wk inc flu hosp,-1,2025-12-06,49,quantile,0.6,48
2025-12-13,wk inc flu hosp,-1,2025-12-06,49,quantile,0.65,48
2025-12-13,wk inc flu hosp,-1,2025-12-06,49,quantile,0.7,50
2025-12-13,wk inc flu hosp,-1,2025-12-06,49,quantile,0.75,51
2025-12-13,wk inc flu hosp,-1,2025-12-06,49,quantile,0.8,52
2025-12-13,wk inc flu hosp,-1,2025-12-06,49,quantile,0.85,53
2025-12-13,wk inc flu hosp,-1,2025-12-06,49,quantile,0.9,55
2025-12-13,wk inc flu hosp,-1,2025-12-06,49,quantile,0.95,59
2025-12-13,wk inc flu hosp,-1,2025-12-06,49,quantile,0.975,61
2025-12-13,wk inc flu hosp,-1,2025-12-06,49,quantile,0.99,65
2025-12-13,wk inc flu hosp,-1,2025-12-06,50,quantile,0.01,1
2025-12-13,wk inc flu hosp,-1,2025-12-06,50,quantile,0.025,1
2025-12-13,wk inc flu hosp,-1,2025-12-06,50,quantile,0.05,1
2025-12-13,wk inc flu hosp,-1,2025-12-06,50,quantile,0.1,1
2025-12-13,wk inc flu hosp,-1,2025-12-06,50,quantile,0.15,2
2025-12-13,wk inc flu hosp,-1,2025-12-06,50,quantile,0.2,2
2025-12-13,wk inc flu hosp,-1,2025-12-06,50,quantile,0.25,2
2025-12-13,wk inc flu hosp,-1,2025-12-06,50,quantile,0.3,2
2025-12-13,wk inc flu hosp,-1,2025-12-06,50,quantile,0.35,2
2025-12-13,wk inc flu hosp,-1,2025-12-06,50,quantile,0.4,2
2025-12-13,wk inc flu hosp,-1,2025-12-06,50,quantile,0.45,2
2025-12-13,wk inc flu hosp,-1,2025-12-06,50,quantile,0.5,2
2025-12-13,wk inc flu hosp,-1,2025-12-06,50,quantile,0.55,3
2025-12-13,wk inc flu hosp,-1,2025-12-06,50,quantile,0.6,3
2025-12-13,wk inc flu hosp,-1,2025-12-06,50,quantile,0.65,3
2025-12-13,wk inc flu hosp,-1,2025-12-06,50,quantile,0.7,3
2025-12-13,wk inc flu hosp,-1,2025-12-06,50,quantile,0.75,3
2025-12-13,wk inc flu hosp,-1,2025-12-06,50,quantile,0.8,4
2025-12-13,wk inc flu hosp,-1,2025-12-06,50,quantile,0.85,4
2025-12-13,wk inc flu hosp,-1,2025-12-06,50,quantile,0.9,5
2025-12-13,wk inc flu hosp,-1,2025-12-06,50,quantile,0.95,5
2025-12-13,wk inc flu hosp,-1,2025-12-06,50,quantile,0.975,6
2025-12-13,wk inc flu hosp,-1,2025-12-06,50,quantile,0.99,7
2025-12-13,wk inc flu hosp,-1,2025-12-06,51,quantile,0.01,118
2025-12-13,wk inc flu hosp,-1,2025-12-06,51,quantile,0.025,123
2025-12-13,wk inc flu hosp,-1,2025-12-06,51,quantile,0.05,126
2025-12-13,wk inc flu hosp,-1,2025-12-06,51,quantile,0.1,131
2025-12-13,wk inc flu hosp,-1,2025-12-06,51,quantile,0.15,135
2025-12-13,wk inc flu hosp,-1,2025-12-06,51,quantile,0.2,137
2025-12-13,wk inc flu hosp,-1,2025-12-06,51,quantile,0.25,140
2025-12-13,wk inc flu hosp,-1,2025-12-06,51,quantile,0.3,143
2025-12-13,wk inc flu hosp,-1,2025-12-06,51,quantile,0.35,144
2025-12-13,wk inc flu hosp,-1,2025-12-06,51,quantile,0.4,146
2025-12-13,wk inc flu hosp,-1,2025-12-06,51,quantile,0.45,149
2025-12-13,wk inc flu hosp,-1,2025-12-06,51,quantile,0.5,151
2025-12-13,wk inc flu hosp,-1,2025-12-06,51,quantile,0.55,153
2025-12-13,wk inc flu hosp,-1,2025-12-06,51,quantile,0.6,155
2025-12-13,wk inc flu hosp,-1,2025-12-06,51,quantile,0.65,157
2025-12-13,wk inc flu hosp,-1,2025-12-06,51,quantile,0.7,158
2025-12-13,wk inc flu hosp,-1,2025-12-06,51,quantile,0.75,160
2025-12-13,wk inc flu hosp,-1,2025-12-06,51,quantile,0.8,163
2025-12-13,wk inc flu hosp,-1,2025-12-06,51,quantile,0.85,165
2025-12-13,wk inc flu hosp,-1,2025-12-06,51,quantile,0.9,168
2025-12-13,wk inc flu hosp,-1,2025-12-06,51,quantile,0.95,174
2025-12-13,wk inc flu hosp,-1,2025-12-06,51,quantile,0.975,179
2025-12-13,wk inc flu hosp,-1,2025-12-06,51,quantile,0.99,187
2025-12-13,wk inc flu hosp,-1,2025-12-06,53,quantile,0.01,45
2025-12-13,wk inc flu hosp,-1,2025-12-06,53,quantile,0.025,47
2025-12-13,wk inc flu hosp,-1,2025-12-06,53,quantile,0.05,49
2025-12-13,wk inc flu hosp,-1,2025-12-06,53,quantile,0.1,51
2025-12-13,wk inc flu hosp,-1,2025-12-06,53,quantile,0.15,53
2025-12-13,wk inc flu hosp,-1,2025-12-06,53,quantile,0.2,55
2025-12-13,wk inc flu hosp,-1,2025-12-06,53,quantile,0.25,56
2025-12-13,wk inc flu hosp,-1,2025-12-06,53,quantile,0.3,57
2025-12-13,wk inc flu hosp,-1,2025-12-06,53,quantile,0.35,58
2025-12-13,wk inc flu hosp,-1,2025-12-06,53,quantile,0.4,59
2025-12-13,wk inc flu hosp,-1,2025-12-06,53,quantile,0.45,61
2025-12-13,wk inc flu hosp,-1,2025-12-06,53,quantile,0.5,62
2025-12-13,wk inc flu hosp,-1,2025-12-06,53,quantile,0.55,63
2025-12-13,wk inc flu hosp,-1,2025-12-06,53,quantile,0.6,64
2025-12-13,wk inc flu hosp,-1,2025-12-06,53,quantile,0.65,64
2025-12-13,wk inc flu hosp,-1,2025-12-06,53,quantile,0.7,65
2025-12-13,wk inc flu hosp,-1,2025-12-06,53,quantile,0.75,67
2025-12-13,wk inc flu hosp,-1,2025-12-06,53,quantile,0.8,69
2025-12-13,wk inc flu hosp,-1,2025-12-06,53,quantile,0.85,70
2025-12-13,wk inc flu hosp,-1,2025-12-06,53,quantile,0.9,72
2025-12-13,wk inc flu hosp,-1,2025-12-06,53,quantile,0.95,75
2025-12-13,wk inc flu hosp,-1,2025-12-06,53,quantile,0.975,79
2025-12-13,wk inc flu hosp,-1,2025-12-06,53,quantile,0.99,83
2025-12-13,wk inc flu hosp,-1,2025-12-06,54,quantile,0.01,5
2025-12-13,wk inc flu hosp,-1,2025-12-06,54,quantile,0.025,5
2025-12-13,wk inc flu hosp,-1,2025-12-06,54,quantile,0.05,6
2025-12-13,wk inc flu hosp,-1,2025-12-06,54,quantile,0.1,6
2025-12-13,wk inc flu hosp,-1,2025-12-06,54,quantile,0.15,7
2025-12-13,wk inc flu hosp,-1,2025-12-06,54,quantile,0.2,7
2025-12-13,wk inc flu hosp,-1,2025-12-06,54,quantile,0.25,8
2025-12-13,wk inc flu hosp,-1,2025-12-06,54,quantile,0.3,8
2025-12-13,wk inc flu hosp,-1,2025-12-06,54,quantile,0.35,8
2025-12-13,wk inc flu hosp,-1,2025-12-06,54,quantile,0.4,9
2025-12-13,wk inc flu hosp,-1,2025-12-06,54,quantile,0.45,9
2025-12-13,wk inc flu hosp,-1,2025-12-06,54,quantile,0.5,9
2025-12-13,wk inc flu hosp,-1,2025-12-06,54,quantile,0.55,10
2025-12-13,wk inc flu hosp,-1,2025-12-06,54,quantile,0.6,10
2025-12-13,wk inc flu hosp,-1,2025-12-06,54,quantile,0.65,10
2025-12-13,wk inc flu hosp,-1,2025-12-06,54,quantile,0.7,11
2025-12-13,wk inc flu hosp,-1,2025-12-06,54,quantile,0.75,11
2025-12-13,wk inc flu hosp,-1,2025-12-06,54,quantile,0.8,12
2025-12-13,wk inc flu hosp,-1,2025-12-06,54,quantile,0.85,12
2025-12-13,wk inc flu hosp,-1,2025-12-06,54,quantile,0.9,13
2025-12-13,wk inc flu hosp,-1,2025-12-06,54,quantile,0.95,14
2025-12-13,wk inc flu hosp,-1,2025-12-06,54,quantile,0.975,15
2025-12-13,wk inc flu hosp,-1,2025-12-06,54,quantile,0.99,18
2025-12-13,wk inc flu hosp,-1,2025-12-06,55,quantile,0.01,59
2025-12-13,wk inc flu hosp,-1,2025-12-06,55,quantile,0.025,62
2025-12-13,wk inc flu hosp,-1,2025-12-06,55,quantile,0.05,66
2025-12-13,wk inc flu hosp,-1,2025-12-06,55,quantile,0.1,68
2025-12-13,wk inc flu hosp,-1,2025-12-06,55,quantile,0.15,71
2025-12-13,wk inc flu hosp,-1,2025-12-06,55,quantile,0.2,72
2025-12-13,wk inc flu hosp,-1,2025-12-06,55,quantile,0.25,74
2025-12-13,wk inc flu hosp,-1,2025-12-06,55,quantile,0.3,76
2025-12-13,wk inc flu hosp,-1,2025-12-06,55,quantile,0.35,78
2025-12-13,wk inc flu hosp,-1,2025-12-06,55,quantile,0.4,79
2025-12-13,wk inc flu hosp,-1,2025-12-06,55,quantile,0.45,80
2025-12-13,wk inc flu hosp,-1,2025-12-06,55,quantile,0.5,81
2025-12-13,wk inc flu hosp,-1,2025-12-06,55,quantile,0.55,82
2025-12-13,wk inc flu hosp,-1,2025-12-06,55,quantile,0.6,84
2025-12-13,wk inc flu hosp,-1,2025-12-06,55,quantile,0.65,86
2025-12-13,wk inc flu hosp,-1,2025-12-06,55,quantile,0.7,87
2025-12-13,wk inc flu hosp,-1,2025-12-06,55,quantile,0.75,89
2025-12-13,wk inc flu hosp,-1,2025-12-06,55,quantile,0.8,91
2025-12-13,wk inc flu hosp,-1,2025-12-06,55,quantile,0.85,94
2025-12-13,wk inc flu hosp,-1,2025-12-06,55,quantile,0.9,97
2025-12-13,wk inc flu hosp,-1,2025-12-06,55,quantile,0.95,101
2025-12-13,wk inc flu hosp,-1,2025-12-06,55,quantile,0.975,103
2025-12-13,wk inc flu hosp,-1,2025-12-06,55,quantile,0.99,110
2025-12-13,wk inc flu hosp,-1,2025-12-06,56,quantile,0.01,4
2025-12-13,wk inc flu hosp,-1,2025-12-06,56,quantile,0.025,4
2025-12-13,wk inc flu hosp,-1,2025-12-06,56,quantile,0.05,5
2025-12-13,wk inc flu hosp,-1,2025-12-06,56,quantile,0.1,6
2025-12-13,wk inc flu hosp,-1,2025-12-06,56,quantile,0.15,6
2025-12-13,wk inc flu hosp,-1,2025-12-06,56,quantile,0.2,7
2025-12-13,wk inc flu hosp,-1,2025-12-06,56,quantile,0.25,7
2025-12-13,wk inc flu hosp,-1,2025-12-06,56,quantile,0.3,7
2025-12-13,wk inc flu hosp,-1,2025-12-06,56,quantile,0.35,8
2025-12-13,wk inc flu hosp,-1,2025-12-06,56,quantile,0.4,8
2025-12-13,wk inc flu hosp,-1,2025-12-06,56,quantile,0.45,8
2025-12-13,wk inc flu hosp,-1,2025-12-06,56,quantile,0.5,9
2025-12-13,wk inc flu hosp,-1,2025-12-06,56,quantile,0.55,9
2025-12-13,wk inc flu hosp,-1,2025-12-06,56,quantile,0.6,9
2025-12-13,wk inc flu hosp,-1,2025-12-06,56,quantile,0.65,9
2025-12-13,wk inc flu hosp,-1,2025-12-06,56,quantile,0.7,10
2025-12-13,wk inc flu hosp,-1,2025-12-06,56,quantile,0.75,10
2025-12-13,wk inc flu hosp,-1,2025-12-06,56,quantile,0.8,11
2025-12-13,wk inc flu hosp,-1,2025-12-06,56,quantile,0.85,12
2025-12-13,wk inc flu hosp,-1,2025-12-06,56,quantile,0.9,12
2025-12-13,wk inc flu hosp,-1,2025-12-06,56,quantile,0.95,13
2025-12-13,wk inc flu hosp,-1,2025-12-06,56,quantile,0.975,14
2025-12-13,wk inc flu hosp,-1,2025-12-06,56,quantile,0.99,16
2025-12-13,wk inc flu hosp,-1,2025-12-06,72,quantile,0.01,214
2025-12-13,wk inc flu hosp,-1,2025-12-06,72,quantile,0.025,224
2025-12-13,wk inc flu hosp,-1,2025-12-06,72,quantile,0.05,228
2025-12-13,wk inc flu hosp,-1,2025-12-06,72,quantile,0.1,236
2025-12-13,wk inc flu hosp,-1,2025-12-06,72,quantile,0.15,240
2025-12-13,wk inc flu hosp,-1,2025-12-06,72,quantile,0.2,243
2025-12-13,wk inc flu hosp,-1,2025-12-06,72,quantile,0.25,247
2025-12-13,wk inc flu hosp,-1,2025-12-06,72,quantile,0.3,250
2025-12-13,wk inc flu hosp,-1,2025-12-06,72,quantile,0.35,253
2025-12-13,wk inc flu hosp,-1,2025-12-06,72,quantile,0.4,256
2025-12-13,wk inc flu hosp,-1,2025-12-06,72,quantile,0.45,260
2025-12-13,wk inc flu hosp,-1,2025-12-06,72,quantile,0.5,262
2025-12-13,wk inc flu hosp,-1,2025-12-06,72,quantile,0.55,265
2025-12-13,wk inc flu hosp,-1,2025-12-06,72,quantile,0.6,269
2025-12-13,wk inc flu hosp,-1,2025-12-06,72,quantile,0.65,271
2025-12-13,wk inc flu hosp,-1,2025-12-06,72,quantile,0.7,273
2025-12-13,wk inc flu hosp,-1,2025-12-06,72,quantile,0.75,275
2025-12-13,wk inc flu hosp,-1,2025-12-06,72,quantile,0.8,277
2025-12-13,wk inc flu hosp,-1,2025-12-06,72,quantile,0.85,283
2025-12-13,wk inc flu hosp,-1,2025-12-06,72,quantile,0.9,285
2025-12-13,wk inc flu hosp,-1,2025-12-06,72,quantile,0.95,292
2025-12-13,wk inc flu hosp,-1,2025-12-06,72,quantile,0.975,300
2025-12-13,wk inc flu hosp,-1,2025-12-06,72,quantile,0.99,312
2025-12-13,wk inc flu hosp,-1,2025-12-06,US,quantile,0.01,6484
2025-12-13,wk inc flu hosp,-1,2025-12-06,US,quantile,0.025,6543
2025-12-13,wk inc flu hosp,-1,2025-12-06,US,quantile,0.05,6586
2025-12-13,wk inc flu hosp,-1,2025-12-06,US,quantile,0.1,6627
2025-12-13,wk inc flu hosp,-1,2025-12-06,US,quantile,0.15,6657
2025-12-13,wk inc flu hosp,-1,2025-12-06,US,quantile,0.2,6681
2025-12-13,wk inc flu hosp,-1,2025-12-06,US,quantile,0.25,6709
2025-12-13,wk inc flu hosp,-1,2025-12-06,US,quantile,0.3,6728
2025-12-13,wk inc flu hosp,-1,2025-12-06,US,quantile,0.35,6746
2025-12-13,wk inc flu hosp,-1,2025-12-06,US,quantile,0.4,6767
2025-12-13,wk inc flu hosp,-1,2025-12-06,US,quantile,0.45,6788
2025-12-13,wk inc flu hosp,-1,2025-12-06,US,quantile,0.5,6800
2025-12-13,wk inc flu hosp,-1,2025-12-06,US,quantile,0.55,6814
2025-12-13,wk inc flu hosp,-1,2025-12-06,US,quantile,0.6,6830
2025-12-13,wk inc flu hosp,-1,2025-12-06,US,quantile,0.65,6851
2025-12-13,wk inc flu hosp,-1,2025-12-06,US,quantile,0.7,6868
2025-12-13,wk inc flu hosp,-1,2025-12-06,US,quantile,0.75,6893
2025-12-13,wk inc flu hosp,-1,2025-12-06,US,quantile,0.8,6922
2025-12-13,wk inc flu hosp,-1,2025-12-06,US,quantile,0.85,6951
2025-12-13,wk inc flu hosp,-1,2025-12-06,US,quantile,0.9,6977
2025-12-13,wk inc flu hosp,-1,2025-12-06,US,quantile,0.95,7029
2025-12-13,wk inc flu hosp,-1,2025-12-06,US,quantile,0.975,7071
2025-12-13,wk inc flu hosp,-1,2025-12-06,US,quantile,0.99,7131
2025-12-13,wk inc flu hosp,0,2025-12-13,01,quantile,0.01,41
2025-12-13,wk inc flu hosp,0,2025-12-13,01,quantile,0.025,47
2025-12-13,wk inc flu hosp,0,2025-12-13,01,quantile,0.05,53
2025-12-13,wk inc flu hosp,0,2025-12-13,01,quantile,0.1,61
2025-12-13,wk inc flu hosp,0,2025-12-13,01,quantile,0.15,64
2025-12-13,wk inc flu hosp,0,2025-12-13,01,quantile,0.2,68
2025-12-13,wk inc flu hosp,0,2025-12-13,01,quantile,0.25,71
2025-12-13,wk inc flu hosp,0,2025-12-13,01,quantile,0.3,75
2025-12-13,wk inc flu hosp,0,2025-12-13,01,quantile,0.35,78
2025-12-13,wk inc flu hosp,0,2025-12-13,01,quantile,0.4,81
2025-12-13,wk inc flu hosp,0,2025-12-13,01,quantile,0.45,84
2025-12-13,wk inc flu hosp,0,2025-12-13,01,quantile,0.5,86
2025-12-13,wk inc flu hosp,0,2025-12-13,01,quantile,0.55,89
2025-12-13,wk inc flu hosp,0,2025-12-13,01,quantile,0.6,92
2025-12-13,wk inc flu hosp,0,2025-12-13,01,quantile,0.65,96
2025-12-13,wk inc flu hosp,0,2025-12-13,01,quantile,0.7,99
2025-12-13,wk inc flu hosp,0,2025-12-13,01,quantile,0.75,103
2025-12-13,wk inc flu hosp,0,2025-12-13,01,quantile,0.8,108
2025-12-13,wk inc flu hosp,0,2025-12-13,01,quantile,0.85,114
2025-12-13,wk inc flu hosp,0,2025-12-13,01,quantile,0.9,120
2025-12-13,wk inc flu hosp,0,2025-12-13,01,quantile,0.95,131
2025-12-13,wk inc flu hosp,0,2025-12-13,01,quantile,0.975,142
2025-12-13,wk inc flu hosp,0,2025-12-13,01,quantile,0.99,157
2025-12-13,wk inc flu hosp,0,2025-12-13,02,quantile,0.01,1
2025-12-13,wk inc flu hosp,0,2025-12-13,02,quantile,0.025,2
2025-12-13,wk inc flu hosp,0,2025-12-13,02,quantile,0.05,3
2025-12-13,wk inc flu hosp,0,2025-12-13,02,quantile,0.1,4
2025-12-13,wk inc flu hosp,0,2025-12-13,02,quantile,0.15,5
2025-12-13,wk inc flu hosp,0,2025-12-13,02,quantile,0.2,6
2025-12-13,wk inc flu hosp,0,2025-12-13,02,quantile,0.25,7
2025-12-13,wk inc flu hosp,0,2025-12-13,02,quantile,0.3,8
2025-12-13,wk inc flu hosp,0,2025-12-13,02,quantile,0.35,8
2025-12-13,wk inc flu hosp,0,2025-12-13,02,quantile,0.4,9
2025-12-13,wk inc flu hosp,0,2025-12-13,02,quantile,0.45,10
2025-12-13,wk inc flu hosp,0,2025-12-13,02,quantile,0.5,11
2025-12-13,wk inc flu hosp,0,2025-12-13,02,quantile,0.55,12
2025-12-13,wk inc flu hosp,0,2025-12-13,02,quantile,0.6,13
2025-12-13,wk inc flu hosp,0,2025-12-13,02,quantile,0.65,14
2025-12-13,wk inc flu hosp,0,2025-12-13,02,quantile,0.7,15
2025-12-13,wk inc flu hosp,0,2025-12-13,02,quantile,0.75,16
2025-12-13,wk inc flu hosp,0,2025-12-13,02,quantile,0.8,18
2025-12-13,wk inc flu hosp,0,2025-12-13,02,quantile,0.85,20
2025-12-13,wk inc flu hosp,0,2025-12-13,02,quantile,0.9,23
2025-12-13,wk inc flu hosp,0,2025-12-13,02,quantile,0.95,25
2025-12-13,wk inc flu hosp,0,2025-12-13,02,quantile,0.975,29
2025-12-13,wk inc flu hosp,0,2025-12-13,02,quantile,0.99,33
2025-12-13,wk inc flu hosp,0,2025-12-13,04,quantile,0.01,31
2025-12-13,wk inc flu hosp,0,2025-12-13,04,quantile,0.025,35
2025-12-13,wk inc flu hosp,0,2025-12-13,04,quantile,0.05,40
2025-12-13,wk inc flu hosp,0,2025-12-13,04,quantile,0.1,45
2025-12-13,wk inc flu hosp,0,2025-12-13,04,quantile,0.15,49
2025-12-13,wk inc flu hosp,0,2025-12-13,04,quantile,0.2,51
2025-12-13,wk inc flu hosp,0,2025-12-13,04,quantile,0.25,54
2025-12-13,wk inc flu hosp,0,2025-12-13,04,quantile,0.3,57
2025-12-13,wk inc flu hosp,0,2025-12-13,04,quantile,0.35,59
2025-12-13,wk inc flu hosp,0,2025-12-13,04,quantile,0.4,61
2025-12-13,wk inc flu hosp,0,2025-12-13,04,quantile,0.45,63
2025-12-13,wk inc flu hosp,0,2025-12-13,04,quantile,0.5,65
2025-12-13,wk inc flu hosp,0,2025-12-13,04,quantile,0.55,67
2025-12-13,wk inc flu hosp,0,2025-12-13,04,quantile,0.6,69
2025-12-13,wk inc flu hosp,0,2025-12-13,04,quantile,0.65,71
2025-12-13,wk inc flu hosp,0,2025-12-13,04,quantile,0.7,74
2025-12-13,wk inc flu hosp,0,2025-12-13,04,quantile,0.75,77
2025-12-13,wk inc flu hosp,0,2025-12-13,04,quantile,0.8,81
2025-12-13,wk inc flu hosp,0,2025-12-13,04,quantile,0.85,86
2025-12-13,wk inc flu hosp,0,2025-12-13,04,quantile,0.9,93
2025-12-13,wk inc flu hosp,0,2025-12-13,04,quantile,0.95,102
2025-12-13,wk inc flu hosp,0,2025-12-13,04,quantile,0.975,113
2025-12-13,wk inc flu hosp,0,2025-12-13,04,quantile,0.99,126
2025-12-13,wk inc flu hosp,0,2025-12-13,05,quantile,0.01,64
2025-12-13,wk inc flu hosp,0,2025-12-13,05,quantile,0.025,78
2025-12-13,wk inc flu hosp,0,2025-12-13,05,quantile,0.05,87
2025-12-13,wk inc flu hosp,0,2025-12-13,05,quantile,0.1,94
2025-12-13,wk inc flu hosp,0,2025-12-13,05,quantile,0.15,98
2025-12-13,wk inc flu hosp,0,2025-12-13,05,quantile,0.2,101
2025-12-13,wk inc flu hosp,0,2025-12-13,05,quantile,0.25,104
2025-12-13,wk inc flu hosp,0,2025-12-13,05,quantile,0.3,107
2025-12-13,wk inc flu hosp,0,2025-12-13,05,quantile,0.35,109
2025-12-13,wk inc flu hosp,0,2025-12-13,05,quantile,0.4,112
2025-12-13,wk inc flu hosp,0,2025-12-13,05,quantile,0.45,115
2025-12-13,wk inc flu hosp,0,2025-12-13,05,quantile,0.5,117
2025-12-13,wk inc flu hosp,0,2025-12-13,05,quantile,0.55,119
2025-12-13,wk inc flu hosp,0,2025-12-13,05,quantile,0.6,122
2025-12-13,wk inc flu hosp,0,2025-12-13,05,quantile,0.65,124
2025-12-13,wk inc flu hosp,0,2025-12-13,05,quantile,0.7,127
2025-12-13,wk inc flu hosp,0,2025-12-13,05,quantile,0.75,131
2025-12-13,wk inc flu hosp,0,2025-12-13,05,quantile,0.8,133
2025-12-13,wk inc flu hosp,0,2025-12-13,05,quantile,0.85,138
2025-12-13,wk inc flu hosp,0,2025-12-13,05,quantile,0.9,144
2025-12-13,wk inc flu hosp,0,2025-12-13,05,quantile,0.95,152
2025-12-13,wk inc flu hosp,0,2025-12-13,05,quantile,0.975,160
2025-12-13,wk inc flu hosp,0,2025-12-13,05,quantile,0.99,172
2025-12-13,wk inc flu hosp,0,2025-12-13,06,quantile,0.01,175
2025-12-13,wk inc flu hosp,0,2025-12-13,06,quantile,0.025,187
2025-12-13,wk inc flu hosp,0,2025-12-13,06,quantile,0.05,204
2025-12-13,wk inc flu hosp,0,2025-12-13,06,quantile,0.1,217
2025-12-13,wk inc flu hosp,0,2025-12-13,06,quantile,0.15,227
2025-12-13,wk inc flu hosp,0,2025-12-13,06,quantile,0.2,237
2025-12-13,wk inc flu hosp,0,2025-12-13,06,quantile,0.25,245
2025-12-13,wk inc flu hosp,0,2025-12-13,06,quantile,0.3,251
2025-12-13,wk inc flu hosp,0,2025-12-13,06,quantile,0.35,260
2025-12-13,wk inc flu hosp,0,2025-12-13,06,quantile,0.4,268
2025-12-13,wk inc flu hosp,0,2025-12-13,06,quantile,0.45,274
2025-12-13,wk inc flu hosp,0,2025-12-13,06,quantile,0.5,279
2025-12-13,wk inc flu hosp,0,2025-12-13,06,quantile,0.55,286
2025-12-13,wk inc flu hosp,0,2025-12-13,06,quantile,0.6,294
2025-12-13,wk inc flu hosp,0,2025-12-13,06,quantile,0.65,301
2025-12-13,wk inc flu hosp,0,2025-12-13,06,quantile,0.7,310
2025-12-13,wk inc flu hosp,0,2025-12-13,06,quantile,0.75,320
2025-12-13,wk inc flu hosp,0,2025-12-13,06,quantile,0.8,329
2025-12-13,wk inc flu hosp,0,2025-12-13,06,quantile,0.85,342
2025-12-13,wk inc flu hosp,0,2025-12-13,06,quantile,0.9,357
2025-12-13,wk inc flu hosp,0,2025-12-13,06,quantile,0.95,384
2025-12-13,wk inc flu hosp,0,2025-12-13,06,quantile,0.975,410
2025-12-13,wk inc flu hosp,0,2025-12-13,06,quantile,0.99,430
2025-12-13,wk inc flu hosp,0,2025-12-13,08,quantile,0.01,205
2025-12-13,wk inc flu hosp,0,2025-12-13,08,quantile,0.025,222
2025-12-13,wk inc flu hosp,0,2025-12-13,08,quantile,0.05,238
2025-12-13,wk inc flu hosp,0,2025-12-13,08,quantile,0.1,254
2025-12-13,wk inc flu hosp,0,2025-12-13,08,quantile,0.15,267
2025-12-13,wk inc flu hosp,0,2025-12-13,08,quantile,0.2,278
2025-12-13,wk inc flu hosp,0,2025-12-13,08,quantile,0.25,287
2025-12-13,wk inc flu hosp,0,2025-12-13,08,quantile,0.3,296
2025-12-13,wk inc flu hosp,0,2025-12-13,08,quantile,0.35,304
2025-12-13,wk inc flu hosp,0,2025-12-13,08,quantile,0.4,311
2025-12-13,wk inc flu hosp,0,2025-12-13,08,quantile,0.45,317
2025-12-13,wk inc flu hosp,0,2025-12-13,08,quantile,0.5,325
2025-12-13,wk inc flu hosp,0,2025-12-13,08,quantile,0.55,333
2025-12-13,wk inc flu hosp,0,2025-12-13,08,quantile,0.6,342
2025-12-13,wk inc flu hosp,0,2025-12-13,08,quantile,0.65,350
2025-12-13,wk inc flu hosp,0,2025-12-13,08,quantile,0.7,361
2025-12-13,wk inc flu hosp,0,2025-12-13,08,quantile,0.75,370
2025-12-13,wk inc flu hosp,0,2025-12-13,08,quantile,0.8,385
2025-12-13,wk inc flu hosp,0,2025-12-13,08,quantile,0.85,397
2025-12-13,wk inc flu hosp,0,2025-12-13,08,quantile,0.9,414
2025-12-13,wk inc flu hosp,0,2025-12-13,08,quantile,0.95,448
2025-12-13,wk inc flu hosp,0,2025-12-13,08,quantile,0.975,470
2025-12-13,wk inc flu hosp,0,2025-12-13,08,quantile,0.99,496
2025-12-13,wk inc flu hosp,0,2025-12-13,09,quantile,0.01,38
2025-12-13,wk inc flu hosp,0,2025-12-13,09,quantile,0.025,40
2025-12-13,wk inc flu hosp,0,2025-12-13,09,quantile,0.05,42
2025-12-13,wk inc flu hosp,0,2025-12-13,09,quantile,0.1,46
2025-12-13,wk inc flu hosp,0,2025-12-13,09,quantile,0.15,47
2025-12-13,wk inc flu hosp,0,2025-12-13,09,quantile,0.2,49
2025-12-13,wk inc flu hosp,0,2025-12-13,09,quantile,0.25,50
2025-12-13,wk inc flu hosp,0,2025-12-13,09,quantile,0.3,52
2025-12-13,wk inc flu hosp,0,2025-12-13,09,quantile,0.35,54
2025-12-13,wk inc flu hosp,0,2025-12-13,09,quantile,0.4,55
2025-12-13,wk inc flu hosp,0,2025-12-13,09,quantile,0.45,57
2025-12-13,wk inc flu hosp,0,2025-12-13,09,quantile,0.5,58
2025-12-13,wk inc flu hosp,0,2025-12-13,09,quantile,0.55,60
2025-12-13,wk inc flu hosp,0,2025-12-13,09,quantile,0.6,61
2025-12-13,wk inc flu hosp,0,2025-12-13,09,quantile,0.65,63
2025-12-13,wk inc flu hosp,0,2025-12-13,09,quantile,0.7,65
2025-12-13,wk inc flu hosp,0,2025-12-13,09,quantile,0.75,67
2025-12-13,wk inc flu hosp,0,2025-12-13,09,quantile,0.8,70
2025-12-13,wk inc flu hosp,0,2025-12-13,09,quantile,0.85,73
2025-12-13,wk inc flu hosp,0,2025-12-13,09,quantile,0.9,78
2025-12-13,wk inc flu hosp,0,2025-12-13,09,quantile,0.95,89
2025-12-13,wk inc flu hosp,0,2025-12-13,09,quantile,0.975,99
2025-12-13,wk inc flu hosp,0,2025-12-13,09,quantile,0.99,113
2025-12-13,wk inc flu hosp,0,2025-12-13,10,quantile,0.01,2
2025-12-13,wk inc flu hosp,0,2025-12-13,10,quantile,0.025,3
2025-12-13,wk inc flu hosp,0,2025-12-13,10,quantile,0.05,4
2025-12-13,wk inc flu hosp,0,2025-12-13,10,quantile,0.1,5
2025-12-13,wk inc flu hosp,0,2025-12-13,10,quantile,0.15,6
2025-12-13,wk inc flu hosp,0,2025-12-13,10,quantile,0.2,7
2025-12-13,wk inc flu hosp,0,2025-12-13,10,quantile,0.25,7
2025-12-13,wk inc flu hosp,0,2025-12-13,10,quantile,0.3,8
2025-12-13,wk inc flu hosp,0,2025-12-13,10,quantile,0.35,9
2025-12-13,wk inc flu hosp,0,2025-12-13,10,quantile,0.4,9
2025-12-13,wk inc flu hosp,0,2025-12-13,10,quantile,0.45,10
2025-12-13,wk inc flu hosp,0,2025-12-13,10,quantile,0.5,11
2025-12-13,wk inc flu hosp,0,2025-12-13,10,quantile,0.55,11
2025-12-13,wk inc flu hosp,0,2025-12-13,10,quantile,0.6,12
2025-12-13,wk inc flu hosp,0,2025-12-13,10,quantile,0.65,13
2025-12-13,wk inc flu hosp,0,2025-12-13,10,quantile,0.7,14
2025-12-13,wk inc flu hosp,0,2025-12-13,10,quantile,0.75,15
2025-12-13,wk inc flu hosp,0,2025-12-13,10,quantile,0.8,16
2025-12-13,wk inc flu hosp,0,2025-12-13,10,quantile,0.85,17
2025-12-13,wk inc flu hosp,0,2025-12-13,10,quantile,0.9,20
2025-12-13,wk inc flu hosp,0,2025-12-13,10,quantile,0.95,23
2025-12-13,wk inc flu hosp,0,2025-12-13,10,quantile,0.975,26
2025-12-13,wk inc flu hosp,0,2025-12-13,10,quantile,0.99,30
2025-12-13,wk inc flu hosp,0,2025-12-13,11,quantile,0.01,10
2025-12-13,wk inc flu hosp,0,2025-12-13,11,quantile,0.025,12
2025-12-13,wk inc flu hosp,0,2025-12-13,11,quantile,0.05,14
2025-12-13,wk inc flu hosp,0,2025-12-13,11,quantile,0.1,17
2025-12-13,wk inc flu hosp,0,2025-12-13,11,quantile,0.15,19
2025-12-13,wk inc flu hosp,0,2025-12-13,11,quantile,0.2,20
2025-12-13,wk inc flu hosp,0,2025-12-13,11,quantile,0.25,21
2025-12-13,wk inc flu hosp,0,2025-12-13,11,quantile,0.3,23
2025-12-13,wk inc flu hosp,0,2025-12-13,11,quantile,0.35,24
2025-12-13,wk inc flu hosp,0,2025-12-13,11,quantile,0.4,26
2025-12-13,wk inc flu hosp,0,2025-12-13,11,quantile,0.45,27
2025-12-13,wk inc flu hosp,0,2025-12-13,11,quantile,0.5,28
2025-12-13,wk inc flu hosp,0,2025-12-13,11,quantile,0.55,30
2025-12-13,wk inc flu hosp,0,2025-12-13,11,quantile,0.6,31
2025-12-13,wk inc flu hosp,0,2025-12-13,11,quantile,0.65,33
2025-12-13,wk inc flu hosp,0,2025-12-13,11,quantile,0.7,34
2025-12-13,wk inc flu hosp,0,2025-12-13,11,quantile,0.75,36
2025-12-13,wk inc flu hosp,0,2025-12-13,11,quantile,0.8,38
2025-12-13,wk inc flu hosp,0,2025-12-13,11,quantile,0.85,41
2025-12-13,wk inc flu hosp,0,2025-12-13,11,quantile,0.9,46
2025-12-13,wk inc flu hosp,0,2025-12-13,11,quantile,0.95,50
2025-12-13,wk inc flu hosp,0,2025-12-13,11,quantile,0.975,56
2025-12-13,wk inc flu hosp,0,2025-12-13,11,quantile,0.99,64
2025-12-13,wk inc flu hosp,0,2025-12-13,12,quantile,0.01,654
2025-12-13,wk inc flu hosp,0,2025-12-13,12,quantile,0.025,686
2025-12-13,wk inc flu hosp,0,2025-12-13,12,quantile,0.05,710
2025-12-13,wk inc flu hosp,0,2025-12-13,12,quantile,0.1,745
2025-12-13,wk inc flu hosp,0,2025-12-13,12,quantile,0.15,771
2025-12-13,wk inc flu hosp,0,2025-12-13,12,quantile,0.2,794
2025-12-13,wk inc flu hosp,0,2025-12-13,12,quantile,0.25,812
2025-12-13,wk inc flu hosp,0,2025-12-13,12,quantile,0.3,826
2025-12-13,wk inc flu hosp,0,2025-12-13,12,quantile,0.35,846
2025-12-13,wk inc flu hosp,0,2025-12-13,12,quantile,0.4,864
2025-12-13,wk inc flu hosp,0,2025-12-13,12,quantile,0.45,884
2025-12-13,wk inc flu hosp,0,2025-12-13,12,quantile,0.5,902
2025-12-13,wk inc flu hosp,0,2025-12-13,12,quantile,0.55,927
2025-12-13,wk inc flu hosp,0,2025-12-13,12,quantile,0.6,946
2025-12-13,wk inc flu hosp,0,2025-12-13,12,quantile,0.65,967
2025-12-13,wk inc flu hosp,0,2025-12-13,12,quantile,0.7,990
2025-12-13,wk inc flu hosp,0,2025-12-13,12,quantile,0.75,1014
2025-12-13,wk inc flu hosp,0,2025-12-13,12,quantile,0.8,1038
2025-12-13,wk inc flu hosp,0,2025-12-13,12,quantile,0.85,1071
2025-12-13,wk inc flu hosp,0,2025-12-13,12,quantile,0.9,1111
2025-12-13,wk inc flu hosp,0,2025-12-13,12,quantile,0.95,1174
2025-12-13,wk inc flu hosp,0,2025-12-13,12,quantile,0.975,1227
2025-12-13,wk inc flu hosp,0,2025-12-13,12,quantile,0.99,1283
2025-12-13,wk inc flu hosp,0,2025-12-13,13,quantile,0.01,104
2025-12-13,wk inc flu hosp,0,2025-12-13,13,quantile,0.025,130
2025-12-13,wk inc flu hosp,0,2025-12-13,13,quantile,0.05,143
2025-12-13,wk inc flu hosp,0,2025-12-13,13,quantile,0.1,152
2025-12-13,wk inc flu hosp,0,2025-12-13,13,quantile,0.15,160
2025-12-13,wk inc flu hosp,0,2025-12-13,13,quantile,0.2,166
2025-12-13,wk inc flu hosp,0,2025-12-13,13,quantile,0.25,171
2025-12-13,wk inc flu hosp,0,2025-12-13,13,quantile,0.3,176
2025-12-13,wk inc flu hosp,0,2025-12-13,13,quantile,0.35,181
2025-12-13,wk inc flu hosp,0,2025-12-13,13,quantile,0.4,186
2025-12-13,wk inc flu hosp,0,2025-12-13,13,quantile,0.45,192
2025-12-13,wk inc flu hosp,0,2025-12-13,13,quantile,0.5,198
2025-12-13,wk inc flu hosp,0,2025-12-13,13,quantile,0.55,204
2025-12-13,wk inc flu hosp,0,2025-12-13,13,quantile,0.6,209
2025-12-13,wk inc flu hosp,0,2025-12-13,13,quantile,0.65,216
2025-12-13,wk inc flu hosp,0,2025-12-13,13,quantile,0.7,223
2025-12-13,wk inc flu hosp,0,2025-12-13,13,quantile,0.75,229
2025-12-13,wk inc flu hosp,0,2025-12-13,13,quantile,0.8,238
2025-12-13,wk inc flu hosp,0,2025-12-13,13,quantile,0.85,247
2025-12-13,wk inc flu hosp,0,2025-12-13,13,quantile,0.9,258
2025-12-13,wk inc flu hosp,0,2025-12-13,13,quantile,0.95,275
2025-12-13,wk inc flu hosp,0,2025-12-13,13,quantile,0.975,293
2025-12-13,wk inc flu hosp,0,2025-12-13,13,quantile,0.99,316
2025-12-13,wk inc flu hosp,0,2025-12-13,15,quantile,0.01,27
2025-12-13,wk inc flu hosp,0,2025-12-13,15,quantile,0.025,30
2025-12-13,wk inc flu hosp,0,2025-12-13,15,quantile,0.05,34
2025-12-13,wk inc flu hosp,0,2025-12-13,15,quantile,0.1,39
2025-12-13,wk inc flu hosp,0,2025-12-13,15,quantile,0.15,42
2025-12-13,wk inc flu hosp,0,2025-12-13,15,quantile,0.2,44
2025-12-13,wk inc flu hosp,0,2025-12-13,15,quantile,0.25,47
2025-12-13,wk inc flu hosp,0,2025-12-13,15,quantile,0.3,48
2025-12-13,wk inc flu hosp,0,2025-12-13,15,quantile,0.35,51
2025-12-13,wk inc flu hosp,0,2025-12-13,15,quantile,0.4,52
2025-12-13,wk inc flu hosp,0,2025-12-13,15,quantile,0.45,54
2025-12-13,wk inc flu hosp,0,2025-12-13,15,quantile,0.5,56
2025-12-13,wk inc flu hosp,0,2025-12-13,15,quantile,0.55,58
2025-12-13,wk inc flu hosp,0,2025-12-13,15,quantile,0.6,60
2025-12-13,wk inc flu hosp,0,2025-12-13,15,quantile,0.65,62
2025-12-13,wk inc flu hosp,0,2025-12-13,15,quantile,0.7,65
2025-12-13,wk inc flu hosp,0,2025-12-13,15,quantile,0.75,68
2025-12-13,wk inc flu hosp,0,2025-12-13,15,quantile,0.8,72
2025-12-13,wk inc flu hosp,0,2025-12-13,15,quantile,0.85,76
2025-12-13,wk inc flu hosp,0,2025-12-13,15,quantile,0.9,81
2025-12-13,wk inc flu hosp,0,2025-12-13,15,quantile,0.95,91
2025-12-13,wk inc flu hosp,0,2025-12-13,15,quantile,0.975,100
2025-12-13,wk inc flu hosp,0,2025-12-13,15,quantile,0.99,110
2025-12-13,wk inc flu hosp,0,2025-12-13,16,quantile,0.01,22
2025-12-13,wk inc flu hosp,0,2025-12-13,16,quantile,0.025,24
2025-12-13,wk inc flu hosp,0,2025-12-13,16,quantile,0.05,27
2025-12-13,wk inc flu hosp,0,2025-12-13,16,quantile,0.1,31
2025-12-13,wk inc flu hosp,0,2025-12-13,16,quantile,0.15,33
2025-12-13,wk inc flu hosp,0,2025-12-13,16,quantile,0.2,36
2025-12-13,wk inc flu hosp,0,2025-12-13,16,quantile,0.25,38
2025-12-13,wk inc flu hosp,0,2025-12-13,16,quantile,0.3,41
2025-12-13,wk inc flu hosp,0,2025-12-13,16,quantile,0.35,43
2025-12-13,wk inc flu hosp,0,2025-12-13,16,quantile,0.4,45
2025-12-13,wk inc flu hosp,0,2025-12-13,16,quantile,0.45,47
2025-12-13,wk inc flu hosp,0,2025-12-13,16,quantile,0.5,49
2025-12-13,wk inc flu hosp,0,2025-12-13,16,quantile,0.55,51
2025-12-13,wk inc flu hosp,0,2025-12-13,16,quantile,0.6,53
2025-12-13,wk inc flu hosp,0,2025-12-13,16,quantile,0.65,56
2025-12-13,wk inc flu hosp,0,2025-12-13,16,quantile,0.7,58
2025-12-13,wk inc flu hosp,0,2025-12-13,16,quantile,0.75,61
2025-12-13,wk inc flu hosp,0,2025-12-13,16,quantile,0.8,63
2025-12-13,wk inc flu hosp,0,2025-12-13,16,quantile,0.85,68
2025-12-13,wk inc flu hosp,0,2025-12-13,16,quantile,0.9,72
2025-12-13,wk inc flu hosp,0,2025-12-13,16,quantile,0.95,78
2025-12-13,wk inc flu hosp,0,2025-12-13,16,quantile,0.975,88
2025-12-13,wk inc flu hosp,0,2025-12-13,16,quantile,0.99,94
2025-12-13,wk inc flu hosp,0,2025-12-13,17,quantile,0.01,152
2025-12-13,wk inc flu hosp,0,2025-12-13,17,quantile,0.025,162
2025-12-13,wk inc flu hosp,0,2025-12-13,17,quantile,0.05,175
2025-12-13,wk inc flu hosp,0,2025-12-13,17,quantile,0.1,190
2025-12-13,wk inc flu hosp,0,2025-12-13,17,quantile,0.15,200
2025-12-13,wk inc flu hosp,0,2025-12-13,17,quantile,0.2,208
2025-12-13,wk inc flu hosp,0,2025-12-13,17,quantile,0.25,216
2025-12-13,wk inc flu hosp,0,2025-12-13,17,quantile,0.3,222
2025-12-13,wk inc flu hosp,0,2025-12-13,17,quantile,0.35,227
2025-12-13,wk inc flu hosp,0,2025-12-13,17,quantile,0.4,235
2025-12-13,wk inc flu hosp,0,2025-12-13,17,quantile,0.45,241
2025-12-13,wk inc flu hosp,0,2025-12-13,17,quantile,0.5,248
2025-12-13,wk inc flu hosp,0,2025-12-13,17,quantile,0.55,253
2025-12-13,wk inc flu hosp,0,2025-12-13,17,quantile,0.6,257
2025-12-13,wk inc flu hosp,0,2025-12-13,17,quantile,0.65,266
2025-12-13,wk inc flu hosp,0,2025-12-13,17,quantile,0.7,272
2025-12-13,wk inc flu hosp,0,2025-12-13,17,quantile,0.75,280
2025-12-13,wk inc flu hosp,0,2025-12-13,17,quantile,0.8,290
2025-12-13,wk inc flu hosp,0,2025-12-13,17,quantile,0.85,299
2025-12-13,wk inc flu hosp,0,2025-12-13,17,quantile,0.9,312
2025-12-13,wk inc flu hosp,0,2025-12-13,17,quantile,0.95,332
2025-12-13,wk inc flu hosp,0,2025-12-13,17,quantile,0.975,354
2025-12-13,wk inc flu hosp,0,2025-12-13,17,quantile,0.99,386
2025-12-13,wk inc flu hosp,0,2025-12-13,18,quantile,0.01,85
2025-12-13,wk inc flu hosp,0,2025-12-13,18,quantile,0.025,90
2025-12-13,wk inc flu hosp,0,2025-12-13,18,quantile,0.05,97
2025-12-13,wk inc flu hosp,0,2025-12-13,18,quantile,0.1,105
2025-12-13,wk inc flu hosp,0,2025-12-13,18,quantile,0.15,112
2025-12-13,wk inc flu hosp,0,2025-12-13,18,quantile,0.2,117
2025-12-13,wk inc flu hosp,0,2025-12-13,18,quantile,0.25,122
2025-12-13,wk inc flu hosp,0,2025-12-13,18,quantile,0.3,126
2025-12-13,wk inc flu hosp,0,2025-12-13,18,quantile,0.35,130
2025-12-13,wk inc flu hosp,0,2025-12-13,18,quantile,0.4,134
2025-12-13,wk inc flu hosp,0,2025-12-13,18,quantile,0.45,138
2025-12-13,wk inc flu hosp,0,2025-12-13,18,quantile,0.5,142
2025-12-13,wk inc flu hosp,0,2025-12-13,18,quantile,0.55,146
2025-12-13,wk inc flu hosp,0,2025-12-13,18,quantile,0.6,150
2025-12-13,wk inc flu hosp,0,2025-12-13,18,quantile,0.65,155
2025-12-13,wk inc flu hosp,0,2025-12-13,18,quantile,0.7,161
2025-12-13,wk inc flu hosp,0,2025-12-13,18,quantile,0.75,167
2025-12-13,wk inc flu hosp,0,2025-12-13,18,quantile,0.8,172
2025-12-13,wk inc flu hosp,0,2025-12-13,18,quantile,0.85,178
2025-12-13,wk inc flu hosp,0,2025-12-13,18,quantile,0.9,189
2025-12-13,wk inc flu hosp,0,2025-12-13,18,quantile,0.95,201
2025-12-13,wk inc flu hosp,0,2025-12-13,18,quantile,0.975,217
2025-12-13,wk inc flu hosp,0,2025-12-13,18,quantile,0.99,240
2025-12-13,wk inc flu hosp,0,2025-12-13,19,quantile,0.01,8
2025-12-13,wk inc flu hosp,0,2025-12-13,19,quantile,0.025,10
2025-12-13,wk inc flu hosp,0,2025-12-13,19,quantile,0.05,13
2025-12-13,wk inc flu hosp,0,2025-12-13,19,quantile,0.1,15
2025-12-13,wk inc flu hosp,0,2025-12-13,19,quantile,0.15,16
2025-12-13,wk inc flu hosp,0,2025-12-13,19,quantile,0.2,18
2025-12-13,wk inc flu hosp,0,2025-12-13,19,quantile,0.25,19
2025-12-13,wk inc flu hosp,0,2025-12-13,19,quantile,0.3,21
2025-12-13,wk inc flu hosp,0,2025-12-13,19,quantile,0.35,23
2025-12-13,wk inc flu hosp,0,2025-12-13,19,quantile,0.4,24
2025-12-13,wk inc flu hosp,0,2025-12-13,19,quantile,0.45,25
2025-12-13,wk inc flu hosp,0,2025-12-13,19,quantile,0.5,27
2025-12-13,wk inc flu hosp,0,2025-12-13,19,quantile,0.55,28
2025-12-13,wk inc flu hosp,0,2025-12-13,19,quantile,0.6,30
2025-12-13,wk inc flu hosp,0,2025-12-13,19,quantile,0.65,32
2025-12-13,wk inc flu hosp,0,2025-12-13,19,quantile,0.7,33
2025-12-13,wk inc flu hosp,0,2025-12-13,19,quantile,0.75,34
2025-12-13,wk inc flu hosp,0,2025-12-13,19,quantile,0.8,36
2025-12-13,wk inc flu hosp,0,2025-12-13,19,quantile,0.85,39
2025-12-13,wk inc flu hosp,0,2025-12-13,19,quantile,0.9,43
2025-12-13,wk inc flu hosp,0,2025-12-13,19,quantile,0.95,47
2025-12-13,wk inc flu hosp,0,2025-12-13,19,quantile,0.975,54
2025-12-13,wk inc flu hosp,0,2025-12-13,19,quantile,0.99,62
2025-12-13,wk inc flu hosp,0,2025-12-13,20,quantile,0.01,6
2025-12-13,wk inc flu hosp,0,2025-12-13,20,quantile,0.025,9
2025-12-13,wk inc flu hosp,0,2025-12-13,20,quantile,0.05,10
2025-12-13,wk inc flu hosp,0,2025-12-13,20,quantile,0.1,12
2025-12-13,wk inc flu hosp,0,2025-12-13,20,quantile,0.15,14
2025-12-13,wk inc flu hosp,0,2025-12-13,20,quantile,0.2,15
2025-12-13,wk inc flu hosp,0,2025-12-13,20,quantile,0.25,16
2025-12-13,wk inc flu hosp,0,2025-12-13,20,quantile,0.3,18
2025-12-13,wk inc flu hosp,0,2025-12-13,20,quantile,0.35,19
2025-12-13,wk inc flu hosp,0,2025-12-13,20,quantile,0.4,20
2025-12-13,wk inc flu hosp,0,2025-12-13,20,quantile,0.45,21
2025-12-13,wk inc flu hosp,0,2025-12-13,20,quantile,0.5,22
2025-12-13,wk inc flu hosp,0,2025-12-13,20,quantile,0.55,24
2025-12-13,wk inc flu hosp,0,2025-12-13,20,quantile,0.6,25
2025-12-13,wk inc flu hosp,0,2025-12-13,20,quantile,0.65,26
2025-12-13,wk inc flu hosp,0,2025-12-13,20,quantile,0.7,28
2025-12-13,wk inc flu hosp,0,2025-12-13,20,quantile,0.75,30
2025-12-13,wk inc flu hosp,0,2025-12-13,20,quantile,0.8,32
2025-12-13,wk inc flu hosp,0,2025-12-13,20,quantile,0.85,34
2025-12-13,wk inc flu hosp,0,2025-12-13,20,quantile,0.9,38
2025-12-13,wk inc flu hosp,0,2025-12-13,20,quantile,0.95,43
2025-12-13,wk inc flu hosp,0,2025-12-13,20,quantile,0.975,49
2025-12-13,wk inc flu hosp,0,2025-12-13,20,quantile,0.99,54
2025-12-13,wk inc flu hosp,0,2025-12-13,21,quantile,0.01,29
2025-12-13,wk inc flu hosp,0,2025-12-13,21,quantile,0.025,33
2025-12-13,wk inc flu hosp,0,2025-12-13,21,quantile,0.05,37
2025-12-13,wk inc flu hosp,0,2025-12-13,21,quantile,0.1,42
2025-12-13,wk inc flu hosp,0,2025-12-13,21,quantile,0.15,45
2025-12-13,wk inc flu hosp,0,2025-12-13,21,quantile,0.2,47
2025-12-13,wk inc flu hosp,0,2025-12-13,21,quantile,0.25,50
2025-12-13,wk inc flu hosp,0,2025-12-13,21,quantile,0.3,52
2025-12-13,wk inc flu hosp,0,2025-12-13,21,quantile,0.35,54
2025-12-13,wk inc flu hosp,0,2025-12-13,21,quantile,0.4,56
2025-12-13,wk inc flu hosp,0,2025-12-13,21,quantile,0.45,58
2025-12-13,wk inc flu hosp,0,2025-12-13,21,quantile,0.5,60
2025-12-13,wk inc flu hosp,0,2025-12-13,21,quantile,0.55,62
2025-12-13,wk inc flu hosp,0,2025-12-13,21,quantile,0.6,65
2025-12-13,wk inc flu hosp,0,2025-12-13,21,quantile,0.65,67
2025-12-13,wk inc flu hosp,0,2025-12-13,21,quantile,0.7,70
2025-12-13,wk inc flu hosp,0,2025-12-13,21,quantile,0.75,73
2025-12-13,wk inc flu hosp,0,2025-12-13,21,quantile,0.8,76
2025-12-13,wk inc flu hosp,0,2025-12-13,21,quantile,0.85,80
2025-12-13,wk inc flu hosp,0,2025-12-13,21,quantile,0.9,85
2025-12-13,wk inc flu hosp,0,2025-12-13,21,quantile,0.95,94
2025-12-13,wk inc flu hosp,0,2025-12-13,21,quantile,0.975,102
2025-12-13,wk inc flu hosp,0,2025-12-13,21,quantile,0.99,116
2025-12-13,wk inc flu hosp,0,2025-12-13,22,quantile,0.01,127
2025-12-13,wk inc flu hosp,0,2025-12-13,22,quantile,0.025,135
2025-12-13,wk inc flu hosp,0,2025-12-13,22,quantile,0.05,145
2025-12-13,wk inc flu hosp,0,2025-12-13,22,quantile,0.1,156
2025-12-13,wk inc flu hosp,0,2025-12-13,22,quantile,0.15,165
2025-12-13,wk inc flu hosp,0,2025-12-13,22,quantile,0.2,171
2025-12-13,wk inc flu hosp,0,2025-12-13,22,quantile,0.25,179
2025-12-13,wk inc flu hosp,0,2025-12-13,22,quantile,0.3,184
2025-12-13,wk inc flu hosp,0,2025-12-13,22,quantile,0.35,189
2025-12-13,wk inc flu hosp,0,2025-12-13,22,quantile,0.4,194
2025-12-13,wk inc flu hosp,0,2025-12-13,22,quantile,0.45,199
2025-12-13,wk inc flu hosp,0,2025-12-13,22,quantile,0.5,203
2025-12-13,wk inc flu hosp,0,2025-12-13,22,quantile,0.55,209
2025-12-13,wk inc flu hosp,0,2025-12-13,22,quantile,0.6,215
2025-12-13,wk inc flu hosp,0,2025-12-13,22,quantile,0.65,220
2025-12-13,wk inc flu hosp,0,2025-12-13,22,quantile,0.7,228
2025-12-13,wk inc flu hosp,0,2025-12-13,22,quantile,0.75,235
2025-12-13,wk inc flu hosp,0,2025-12-13,22,quantile,0.8,244
2025-12-13,wk inc flu hosp,0,2025-12-13,22,quantile,0.85,252
2025-12-13,wk inc flu hosp,0,2025-12-13,22,quantile,0.9,263
2025-12-13,wk inc flu hosp,0,2025-12-13,22,quantile,0.95,279
2025-12-13,wk inc flu hosp,0,2025-12-13,22,quantile,0.975,292
2025-12-13,wk inc flu hosp,0,2025-12-13,22,quantile,0.99,309
2025-12-13,wk inc flu hosp,0,2025-12-13,23,quantile,0.01,9
2025-12-13,wk inc flu hosp,0,2025-12-13,23,quantile,0.025,11
2025-12-13,wk inc flu hosp,0,2025-12-13,23,quantile,0.05,13
2025-12-13,wk inc flu hosp,0,2025-12-13,23,quantile,0.1,16
2025-12-13,wk inc flu hosp,0,2025-12-13,23,quantile,0.15,18
2025-12-13,wk inc flu hosp,0,2025-12-13,23,quantile,0.2,19
2025-12-13,wk inc flu hosp,0,2025-12-13,23,quantile,0.25,21
2025-12-13,wk inc flu hosp,0,2025-12-13,23,quantile,0.3,22
2025-12-13,wk inc flu hosp,0,2025-12-13,23,quantile,0.35,23
2025-12-13,wk inc flu hosp,0,2025-12-13,23,quantile,0.4,25
2025-12-13,wk inc flu hosp,0,2025-12-13,23,quantile,0.45,26
2025-12-13,wk inc flu hosp,0,2025-12-13,23,quantile,0.5,28
2025-12-13,wk inc flu hosp,0,2025-12-13,23,quantile,0.55,29
2025-12-13,wk inc flu hosp,0,2025-12-13,23,quantile,0.6,31
2025-12-13,wk inc flu hosp,0,2025-12-13,23,quantile,0.65,32
2025-12-13,wk inc flu hosp,0,2025-12-13,23,quantile,0.7,35
2025-12-13,wk inc flu hosp,0,2025-12-13,23,quantile,0.75,37
2025-12-13,wk inc flu hosp,0,2025-12-13,23,quantile,0.8,39
2025-12-13,wk inc flu hosp,0,2025-12-13,23,quantile,0.85,43
2025-12-13,wk inc flu hosp,0,2025-12-13,23,quantile,0.9,47
2025-12-13,wk inc flu hosp,0,2025-12-13,23,quantile,0.95,54
2025-12-13,wk inc flu hosp,0,2025-12-13,23,quantile,0.975,61
2025-12-13,wk inc flu hosp,0,2025-12-13,23,quantile,0.99,68
2025-12-13,wk inc flu hosp,0,2025-12-13,24,quantile,0.01,114
2025-12-13,wk inc flu hosp,0,2025-12-13,24,quantile,0.025,126
2025-12-13,wk inc flu hosp,0,2025-12-13,24,quantile,0.05,136
2025-12-13,wk inc flu hosp,0,2025-12-13,24,quantile,0.1,148
2025-12-13,wk inc flu hosp,0,2025-12-13,24,quantile,0.15,157
2025-12-13,wk inc flu hosp,0,2025-12-13,24,quantile,0.2,164
2025-12-13,wk inc flu hosp,0,2025-12-13,24,quantile,0.25,170
2025-12-13,wk inc flu hosp,0,2025-12-13,24,quantile,0.3,175
2025-12-13,wk inc flu hosp,0,2025-12-13,24,quantile,0.35,181
2025-12-13,wk inc flu hosp,0,2025-12-13,24,quantile,0.4,187
2025-12-13,wk inc flu hosp,0,2025-12-13,24,quantile,0.45,193
2025-12-13,wk inc flu hosp,0,2025-12-13,24,quantile,0.5,198
2025-12-13,wk inc flu hosp,0,2025-12-13,24,quantile,0.55,202
2025-12-13,wk inc flu hosp,0,2025-12-13,24,quantile,0.6,208
2025-12-13,wk inc flu hosp,0,2025-12-13,24,quantile,0.65,214
2025-12-13,wk inc flu hosp,0,2025-12-13,24,quantile,0.7,221
2025-12-13,wk inc flu hosp,0,2025-12-13,24,quantile,0.75,227
2025-12-13,wk inc flu hosp,0,2025-12-13,24,quantile,0.8,237
2025-12-13,wk inc flu hosp,0,2025-12-13,24,quantile,0.85,247
2025-12-13,wk inc flu hosp,0,2025-12-13,24,quantile,0.9,258
2025-12-13,wk inc flu hosp,0,2025-12-13,24,quantile,0.95,273
2025-12-13,wk inc flu hosp,0,2025-12-13,24,quantile,0.975,288
2025-12-13,wk inc flu hosp,0,2025-12-13,24,quantile,0.99,309
2025-12-13,wk inc flu hosp,0,2025-12-13,25,quantile,0.01,95
2025-12-13,wk inc flu hosp,0,2025-12-13,25,quantile,0.025,109
2025-12-13,wk inc flu hosp,0,2025-12-13,25,quantile,0.05,116
2025-12-13,wk inc flu hosp,0,2025-12-13,25,quantile,0.1,128
2025-12-13,wk inc flu hosp,0,2025-12-13,25,quantile,0.15,136
2025-12-13,wk inc flu hosp,0,2025-12-13,25,quantile,0.2,141
2025-12-13,wk inc flu hosp,0,2025-12-13,25,quantile,0.25,147
2025-12-13,wk inc flu hosp,0,2025-12-13,25,quantile,0.3,153
2025-12-13,wk inc flu hosp,0,2025-12-13,25,quantile,0.35,157
2025-12-13,wk inc flu hosp,0,2025-12-13,25,quantile,0.4,162
2025-12-13,wk inc flu hosp,0,2025-12-13,25,quantile,0.45,167
2025-12-13,wk inc flu hosp,0,2025-12-13,25,quantile,0.5,172
2025-12-13,wk inc flu hosp,0,2025-12-13,25,quantile,0.55,177
2025-12-13,wk inc flu hosp,0,2025-12-13,25,quantile,0.6,181
2025-12-13,wk inc flu hosp,0,2025-12-13,25,quantile,0.65,187
2025-12-13,wk inc flu hosp,0,2025-12-13,25,quantile,0.7,191
2025-12-13,wk inc flu hosp,0,2025-12-13,25,quantile,0.75,199
2025-12-13,wk inc flu hosp,0,2025-12-13,25,quantile,0.8,208
2025-12-13,wk inc flu hosp,0,2025-12-13,25,quantile,0.85,220
2025-12-13,wk inc flu hosp,0,2025-12-13,25,quantile,0.9,235
2025-12-13,wk inc flu hosp,0,2025-12-13,25,quantile,0.95,251
2025-12-13,wk inc flu hosp,0,2025-12-13,25,quantile,0.975,267
2025-12-13,wk inc flu hosp,0,2025-12-13,25,quantile,0.99,298
2025-12-13,wk inc flu hosp,0,2025-12-13,26,quantile,0.01,56
2025-12-13,wk inc flu hosp,0,2025-12-13,26,quantile,0.025,62
2025-12-13,wk inc flu hosp,0,2025-12-13,26,quantile,0.05,67
2025-12-13,wk inc flu hosp,0,2025-12-13,26,quantile,0.1,76
2025-12-13,wk inc flu hosp,0,2025-12-13,26,quantile,0.15,80
2025-12-13,wk inc flu hosp,0,2025-12-13,26,quantile,0.2,85
2025-12-13,wk inc flu hosp,0,2025-12-13,26,quantile,0.25,89
2025-12-13,wk inc flu hosp,0,2025-12-13,26,quantile,0.3,93
2025-12-13,wk inc flu hosp,0,2025-12-13,26,quantile,0.35,96
2025-12-13,wk inc flu hosp,0,2025-12-13,26,quantile,0.4,99
2025-12-13,wk inc flu hosp,0,2025-12-13,26,quantile,0.45,102
2025-12-13,wk inc flu hosp,0,2025-12-13,26,quantile,0.5,105
2025-12-13,wk inc flu hosp,0,2025-12-13,26,quantile,0.55,108
2025-12-13,wk inc flu hosp,0,2025-12-13,26,quantile,0.6,111
2025-12-13,wk inc flu hosp,0,2025-12-13,26,quantile,0.65,114
2025-12-13,wk inc flu hosp,0,2025-12-13,26,quantile,0.7,118
2025-12-13,wk inc flu hosp,0,2025-12-13,26,quantile,0.75,122
2025-12-13,wk inc flu hosp,0,2025-12-13,26,quantile,0.8,126
2025-12-13,wk inc flu hosp,0,2025-12-13,26,quantile,0.85,132
2025-12-13,wk inc flu hosp,0,2025-12-13,26,quantile,0.9,139
2025-12-13,wk inc flu hosp,0,2025-12-13,26,quantile,0.95,151
2025-12-13,wk inc flu hosp,0,2025-12-13,26,quantile,0.975,166
2025-12-13,wk inc flu hosp,0,2025-12-13,26,quantile,0.99,180
2025-12-13,wk inc flu hosp,0,2025-12-13,27,quantile,0.01,104
2025-12-13,wk inc flu hosp,0,2025-12-13,27,quantile,0.025,109
2025-12-13,wk inc flu hosp,0,2025-12-13,27,quantile,0.05,116
2025-12-13,wk inc flu hosp,0,2025-12-13,27,quantile,0.1,128
2025-12-13,wk inc flu hosp,0,2025-12-13,27,quantile,0.15,134
2025-12-13,wk inc flu hosp,0,2025-12-13,27,quantile,0.2,141
2025-12-13,wk inc flu hosp,0,2025-12-13,27,quantile,0.25,146
2025-12-13,wk inc flu hosp,0,2025-12-13,27,quantile,0.3,151
2025-12-13,wk inc flu hosp,0,2025-12-13,27,quantile,0.35,156
2025-12-13,wk inc flu hosp,0,2025-12-13,27,quantile,0.4,161
2025-12-13,wk inc flu hosp,0,2025-12-13,27,quantile,0.45,167
2025-12-13,wk inc flu hosp,0,2025-12-13,27,quantile,0.5,172
2025-12-13,wk inc flu hosp,0,2025-12-13,27,quantile,0.55,177
2025-12-13,wk inc flu hosp,0,2025-12-13,27,quantile,0.6,184
2025-12-13,wk inc flu hosp,0,2025-12-13,27,quantile,0.65,190
2025-12-13,wk inc flu hosp,0,2025-12-13,27,quantile,0.7,195
2025-12-13,wk inc flu hosp,0,2025-12-13,27,quantile,0.75,202
2025-12-13,wk inc flu hosp,0,2025-12-13,27,quantile,0.8,209
2025-12-13,wk inc flu hosp,0,2025-12-13,27,quantile,0.85,220
2025-12-13,wk inc flu hosp,0,2025-12-13,27,quantile,0.9,232
2025-12-13,wk inc flu hosp,0,2025-12-13,27,quantile,0.95,248
2025-12-13,wk inc flu hosp,0,2025-12-13,27,quantile,0.975,264
2025-12-13,wk inc flu hosp,0,2025-12-13,27,quantile,0.99,280
2025-12-13,wk inc flu hosp,0,2025-12-13,28,quantile,0.01,15
2025-12-13,wk inc flu hosp,0,2025-12-13,28,quantile,0.025,17
2025-12-13,wk inc flu hosp,0,2025-12-13,28,quantile,0.05,20
2025-12-13,wk inc flu hosp,0,2025-12-13,28,quantile,0.1,22
2025-12-13,wk inc flu hosp,0,2025-12-13,28,quantile,0.15,24
2025-12-13,wk inc flu hosp,0,2025-12-13,28,quantile,0.2,27
2025-12-13,wk inc flu hosp,0,2025-12-13,28,quantile,0.25,28
2025-12-13,wk inc flu hosp,0,2025-12-13,28,quantile,0.3,30
2025-12-13,wk inc flu hosp,0,2025-12-13,28,quantile,0.35,32
2025-12-13,wk inc flu hosp,0,2025-12-13,28,quantile,0.4,34
2025-12-13,wk inc flu hosp,0,2025-12-13,28,quantile,0.45,35
2025-12-13,wk inc flu hosp,0,2025-12-13,28,quantile,0.5,37
2025-12-13,wk inc flu hosp,0,2025-12-13,28,quantile,0.55,38
2025-12-13,wk inc flu hosp,0,2025-12-13,28,quantile,0.6,40
2025-12-13,wk inc flu hosp,0,2025-12-13,28,quantile,0.65,42
2025-12-13,wk inc flu hosp,0,2025-12-13,28,quantile,0.7,44
2025-12-13,wk inc flu hosp,0,2025-12-13,28,quantile,0.75,46
2025-12-13,wk inc flu hosp,0,2025-12-13,28,quantile,0.8,49
2025-12-13,wk inc flu hosp,0,2025-12-13,28,quantile,0.85,52
2025-12-13,wk inc flu hosp,0,2025-12-13,28,quantile,0.9,56
2025-12-13,wk inc flu hosp,0,2025-12-13,28,quantile,0.95,64
2025-12-13,wk inc flu hosp,0,2025-12-13,28,quantile,0.975,69
2025-12-13,wk inc flu hosp,0,2025-12-13,28,quantile,0.99,78
2025-12-13,wk inc flu hosp,0,2025-12-13,29,quantile,0.01,38
2025-12-13,wk inc flu hosp,0,2025-12-13,29,quantile,0.025,44
2025-12-13,wk inc flu hosp,0,2025-12-13,29,quantile,0.05,47
2025-12-13,wk inc flu hosp,0,2025-12-13,29,quantile,0.1,54
2025-12-13,wk inc flu hosp,0,2025-12-13,29,quantile,0.15,58
2025-12-13,wk inc flu hosp,0,2025-12-13,29,quantile,0.2,61
2025-12-13,wk inc flu hosp,0,2025-12-13,29,quantile,0.25,64
2025-12-13,wk inc flu hosp,0,2025-12-13,29,quantile,0.3,67
2025-12-13,wk inc flu hosp,0,2025-12-13,29,quantile,0.35,70
2025-12-13,wk inc flu hosp,0,2025-12-13,29,quantile,0.4,73
2025-12-13,wk inc flu hosp,0,2025-12-13,29,quantile,0.45,76
2025-12-13,wk inc flu hosp,0,2025-12-13,29,quantile,0.5,78
2025-12-13,wk inc flu hosp,0,2025-12-13,29,quantile,0.55,80
2025-12-13,wk inc flu hosp,0,2025-12-13,29,quantile,0.6,83
2025-12-13,wk inc flu hosp,0,2025-12-13,29,quantile,0.65,86
2025-12-13,wk inc flu hosp,0,2025-12-13,29,quantile,0.7,89
2025-12-13,wk inc flu hosp,0,2025-12-13,29,quantile,0.75,93
2025-12-13,wk inc flu hosp,0,2025-12-13,29,quantile,0.8,98
2025-12-13,wk inc flu hosp,0,2025-12-13,29,quantile,0.85,103
2025-12-13,wk inc flu hosp,0,2025-12-13,29,quantile,0.9,112
2025-12-13,wk inc flu hosp,0,2025-12-13,29,quantile,0.95,127
2025-12-13,wk inc flu hosp,0,2025-12-13,29,quantile,0.975,136
2025-12-13,wk inc flu hosp,0,2025-12-13,29,quantile,0.99,146
2025-12-13,wk inc flu hosp,0,2025-12-13,30,quantile,0.01,6
2025-12-13,wk inc flu hosp,0,2025-12-13,30,quantile,0.025,7
2025-12-13,wk inc flu hosp,0,2025-12-13,30,quantile,0.05,9
2025-12-13,wk inc flu hosp,0,2025-12-13,30,quantile,0.1,10
2025-12-13,wk inc flu hosp,0,2025-12-13,30,quantile,0.15,11
2025-12-13,wk inc flu hosp,0,2025-12-13,30,quantile,0.2,13
2025-12-13,wk inc flu hosp,0,2025-12-13,30,quantile,0.25,14
2025-12-13,wk inc flu hosp,0,2025-12-13,30,quantile,0.3,15
2025-12-13,wk inc flu hosp,0,2025-12-13,30,quantile,0.35,16
2025-12-13,wk inc flu hosp,0,2025-12-13,30,quantile,0.4,17
2025-12-13,wk inc flu hosp,0,2025-12-13,30,quantile,0.45,18
2025-12-13,wk inc flu hosp,0,2025-12-13,30,quantile,0.5,19
2025-12-13,wk inc flu hosp,0,2025-12-13,30,quantile,0.55,21
2025-12-13,wk inc flu hosp,0,2025-12-13,30,quantile,0.6,22
2025-12-13,wk inc flu hosp,0,2025-12-13,30,quantile,0.65,23
2025-12-13,wk inc flu hosp,0,2025-12-13,30,quantile,0.7,24
2025-12-13,wk inc flu hosp,0,2025-12-13,30,quantile,0.75,26
2025-12-13,wk inc flu hosp,0,2025-12-13,30,quantile,0.8,28
2025-12-13,wk inc flu hosp,0,2025-12-13,30,quantile,0.85,31
2025-12-13,wk inc flu hosp,0,2025-12-13,30,quantile,0.9,33
2025-12-13,wk inc flu hosp,0,2025-12-13,30,quantile,0.95,38
2025-12-13,wk inc flu hosp,0,2025-12-13,30,quantile,0.975,42
2025-12-13,wk inc flu hosp,0,2025-12-13,30,quantile,0.99,49
2025-12-13,wk inc flu hosp,0,2025-12-13,31,quantile,0.01,3
2025-12-13,wk inc flu hosp,0,2025-12-13,31,quantile,0.025,4
2025-12-13,wk inc flu hosp,0,2025-12-13,31,quantile,0.05,6
2025-12-13,wk inc flu hosp,0,2025-12-13,31,quantile,0.1,7
2025-12-13,wk inc flu hosp,0,2025-12-13,31,quantile,0.15,8
2025-12-13,wk inc flu hosp,0,2025-12-13,31,quantile,0.2,9
2025-12-13,wk inc flu hosp,0,2025-12-13,31,quantile,0.25,10
2025-12-13,wk inc flu hosp,0,2025-12-13,31,quantile,0.3,11
2025-12-13,wk inc flu hosp,0,2025-12-13,31,quantile,0.35,12
2025-12-13,wk inc flu hosp,0,2025-12-13,31,quantile,0.4,13
2025-12-13,wk inc flu hosp,0,2025-12-13,31,quantile,0.45,14
2025-12-13,wk inc flu hosp,0,2025-12-13,31,quantile,0.5,15
2025-12-13,wk inc flu hosp,0,2025-12-13,31,quantile,0.55,16
2025-12-13,wk inc flu hosp,0,2025-12-13,31,quantile,0.6,17
2025-12-13,wk inc flu hosp,0,2025-12-13,31,quantile,0.65,18
2025-12-13,wk inc flu hosp,0,2025-12-13,31,quantile,0.7,19
2025-12-13,wk inc flu hosp,0,2025-12-13,31,quantile,0.75,21
2025-12-13,wk inc flu hosp,0,2025-12-13,31,quantile,0.8,22
2025-12-13,wk inc flu hosp,0,2025-12-13,31,quantile,0.85,25
2025-12-13,wk inc flu hosp,0,2025-12-13,31,quantile,0.9,27
2025-12-13,wk inc flu hosp,0,2025-12-13,31,quantile,0.95,32
2025-12-13,wk inc flu hosp,0,2025-12-13,31,quantile,0.975,36
2025-12-13,wk inc flu hosp,0,2025-12-13,31,quantile,0.99,44
2025-12-13,wk inc flu hosp,0,2025-12-13,32,quantile,0.01,12
2025-12-13,wk inc flu hosp,0,2025-12-13,32,quantile,0.025,15
2025-12-13,wk inc flu hosp,0,2025-12-13,32,quantile,0.05,18
2025-12-13,wk inc flu hosp,0,2025-12-13,32,quantile,0.1,20
2025-12-13,wk inc flu hosp,0,2025-12-13,32,quantile,0.15,22
2025-12-13,wk inc flu hosp,0,2025-12-13,32,quantile,0.2,24
2025-12-13,wk inc flu hosp,0,2025-12-13,32,quantile,0.25,25
2025-12-13,wk inc flu hosp,0,2025-12-13,32,quantile,0.3,27
2025-12-13,wk inc flu hosp,0,2025-12-13,32,quantile,0.35,29
2025-12-13,wk inc flu hosp,0,2025-12-13,32,quantile,0.4,30
2025-12-13,wk inc flu hosp,0,2025-12-13,32,quantile,0.45,31
2025-12-13,wk inc flu hosp,0,2025-12-13,32,quantile,0.5,33
2025-12-13,wk inc flu hosp,0,2025-12-13,32,quantile,0.55,34
2025-12-13,wk inc flu hosp,0,2025-12-13,32,quantile,0.6,36
2025-12-13,wk inc flu hosp,0,2025-12-13,32,quantile,0.65,37
2025-12-13,wk inc flu hosp,0,2025-12-13,32,quantile,0.7,40
2025-12-13,wk inc flu hosp,0,2025-12-13,32,quantile,0.75,42
2025-12-13,wk inc flu hosp,0,2025-12-13,32,quantile,0.8,44
2025-12-13,wk inc flu hosp,0,2025-12-13,32,quantile,0.85,47
2025-12-13,wk inc flu hosp,0,2025-12-13,32,quantile,0.9,51
2025-12-13,wk inc flu hosp,0,2025-12-13,32,quantile,0.95,56
2025-12-13,wk inc flu hosp,0,2025-12-13,32,quantile,0.975,63
2025-12-13,wk inc flu hosp,0,2025-12-13,32,quantile,0.99,68
2025-12-13,wk inc flu hosp,0,2025-12-13,33,quantile,0.01,11
2025-12-13,wk inc flu hosp,0,2025-12-13,33,quantile,0.025,13
2025-12-13,wk inc flu hosp,0,2025-12-13,33,quantile,0.05,15
2025-12-13,wk inc flu hosp,0,2025-12-13,33,quantile,0.1,18
2025-12-13,wk inc flu hosp,0,2025-12-13,33,quantile,0.15,20
2025-12-13,wk inc flu hosp,0,2025-12-13,33,quantile,0.2,22
2025-12-13,wk inc flu hosp,0,2025-12-13,33,quantile,0.25,23
2025-12-13,wk inc flu hosp,0,2025-12-13,33,quantile,0.3,25
2025-12-13,wk inc flu hosp,0,2025-12-13,33,quantile,0.35,26
2025-12-13,wk inc flu hosp,0,2025-12-13,33,quantile,0.4,28
2025-12-13,wk inc flu hosp,0,2025-12-13,33,quantile,0.45,29
2025-12-13,wk inc flu hosp,0,2025-12-13,33,quantile,0.5,30
2025-12-13,wk inc flu hosp,0,2025-12-13,33,quantile,0.55,32
2025-12-13,wk inc flu hosp,0,2025-12-13,33,quantile,0.6,34
2025-12-13,wk inc flu hosp,0,2025-12-13,33,quantile,0.65,35
2025-12-13,wk inc flu hosp,0,2025-12-13,33,quantile,0.7,37
2025-12-13,wk inc flu hosp,0,2025-12-13,33,quantile,0.75,39
2025-12-13,wk inc flu hosp,0,2025-12-13,33,quantile,0.8,41
2025-12-13,wk inc flu hosp,0,2025-12-13,33,quantile,0.85,45
2025-12-13,wk inc flu hosp,0,2025-12-13,33,quantile,0.9,49
2025-12-13,wk inc flu hosp,0,2025-12-13,33,quantile,0.95,56
2025-12-13,wk inc flu hosp,0,2025-12-13,33,quantile,0.975,61
2025-12-13,wk inc flu hosp,0,2025-12-13,33,quantile,0.99,70
2025-12-13,wk inc flu hosp,0,2025-12-13,34,quantile,0.01,277
2025-12-13,wk inc flu hosp,0,2025-12-13,34,quantile,0.025,303
2025-12-13,wk inc flu hosp,0,2025-12-13,34,quantile,0.05,318
2025-12-13,wk inc flu hosp,0,2025-12-13,34,quantile,0.1,334
2025-12-13,wk inc flu hosp,0,2025-12-13,34,quantile,0.15,347
2025-12-13,wk inc flu hosp,0,2025-12-13,34,quantile,0.2,357
2025-12-13,wk inc flu hosp,0,2025-12-13,34,quantile,0.25,369
2025-12-13,wk inc flu hosp,0,2025-12-13,34,quantile,0.3,379
2025-12-13,wk inc flu hosp,0,2025-12-13,34,quantile,0.35,390
2025-12-13,wk inc flu hosp,0,2025-12-13,34,quantile,0.4,399
2025-12-13,wk inc flu hosp,0,2025-12-13,34,quantile,0.45,409
2025-12-13,wk inc flu hosp,0,2025-12-13,34,quantile,0.5,419
2025-12-13,wk inc flu hosp,0,2025-12-13,34,quantile,0.55,428
2025-12-13,wk inc flu hosp,0,2025-12-13,34,quantile,0.6,441
2025-12-13,wk inc flu hosp,0,2025-12-13,34,quantile,0.65,455
2025-12-13,wk inc flu hosp,0,2025-12-13,34,quantile,0.7,470
2025-12-13,wk inc flu hosp,0,2025-12-13,34,quantile,0.75,487
2025-12-13,wk inc flu hosp,0,2025-12-13,34,quantile,0.8,509
2025-12-13,wk inc flu hosp,0,2025-12-13,34,quantile,0.85,531
2025-12-13,wk inc flu hosp,0,2025-12-13,34,quantile,0.9,560
2025-12-13,wk inc flu hosp,0,2025-12-13,34,quantile,0.95,600
2025-12-13,wk inc flu hosp,0,2025-12-13,34,quantile,0.975,629
2025-12-13,wk inc flu hosp,0,2025-12-13,34,quantile,0.99,647
2025-12-13,wk inc flu hosp,0,2025-12-13,35,quantile,0.01,26
2025-12-13,wk inc flu hosp,0,2025-12-13,35,quantile,0.025,30
2025-12-13,wk inc flu hosp,0,2025-12-13,35,quantile,0.05,33
2025-12-13,wk inc flu hosp,0,2025-12-13,35,quantile,0.1,36
2025-12-13,wk inc flu hosp,0,2025-12-13,35,quantile,0.15,40
2025-12-13,wk inc flu hosp,0,2025-12-13,35,quantile,0.2,42
2025-12-13,wk inc flu hosp,0,2025-12-13,35,quantile,0.25,45
2025-12-13,wk inc flu hosp,0,2025-12-13,35,quantile,0.3,47
2025-12-13,wk inc flu hosp,0,2025-12-13,35,quantile,0.35,49
2025-12-13,wk inc flu hosp,0,2025-12-13,35,quantile,0.4,52
2025-12-13,wk inc flu hosp,0,2025-12-13,35,quantile,0.45,54
2025-12-13,wk inc flu hosp,0,2025-12-13,35,quantile,0.5,56
2025-12-13,wk inc flu hosp,0,2025-12-13,35,quantile,0.55,58
2025-12-13,wk inc flu hosp,0,2025-12-13,35,quantile,0.6,60
2025-12-13,wk inc flu hosp,0,2025-12-13,35,quantile,0.65,63
2025-12-13,wk inc flu hosp,0,2025-12-13,35,quantile,0.7,66
2025-12-13,wk inc flu hosp,0,2025-12-13,35,quantile,0.75,69
2025-12-13,wk inc flu hosp,0,2025-12-13,35,quantile,0.8,73
2025-12-13,wk inc flu hosp,0,2025-12-13,35,quantile,0.85,79
2025-12-13,wk inc flu hosp,0,2025-12-13,35,quantile,0.9,85
2025-12-13,wk inc flu hosp,0,2025-12-13,35,quantile,0.95,94
2025-12-13,wk inc flu hosp,0,2025-12-13,35,quantile,0.975,101
2025-12-13,wk inc flu hosp,0,2025-12-13,35,quantile,0.99,108
2025-12-13,wk inc flu hosp,0,2025-12-13,36,quantile,0.01,1328
2025-12-13,wk inc flu hosp,0,2025-12-13,36,quantile,0.025,1411
2025-12-13,wk inc flu hosp,0,2025-12-13,36,quantile,0.05,1461
2025-12-13,wk inc flu hosp,0,2025-12-13,36,quantile,0.1,1533
2025-12-13,wk inc flu hosp,0,2025-12-13,36,quantile,0.15,1600
2025-12-13,wk inc flu hosp,0,2025-12-13,36,quantile,0.2,1653
2025-12-13,wk inc flu hosp,0,2025-12-13,36,quantile,0.25,1701
2025-12-13,wk inc flu hosp,0,2025-12-13,36,quantile,0.3,1737
2025-12-13,wk inc flu hosp,0,2025-12-13,36,quantile,0.35,1774
2025-12-13,wk inc flu hosp,0,2025-12-13,36,quantile,0.4,1809
2025-12-13,wk inc flu hosp,0,2025-12-13,36,quantile,0.45,1846
2025-12-13,wk inc flu hosp,0,2025-12-13,36,quantile,0.5,1880
2025-12-13,wk inc flu hosp,0,2025-12-13,36,quantile,0.55,1922
2025-12-13,wk inc flu hosp,0,2025-12-13,36,quantile,0.6,1955
2025-12-13,wk inc flu hosp,0,2025-12-13,36,quantile,0.65,1992
2025-12-13,wk inc flu hosp,0,2025-12-13,36,quantile,0.7,2028
2025-12-13,wk inc flu hosp,0,2025-12-13,36,quantile,0.75,2072
2025-12-13,wk inc flu hosp,0,2025-12-13,36,quantile,0.8,2118
2025-12-13,wk inc flu hosp,0,2025-12-13,36,quantile,0.85,2178
2025-12-13,wk inc flu hosp,0,2025-12-13,36,quantile,0.9,2262
2025-12-13,wk inc flu hosp,0,2025-12-13,36,quantile,0.95,2364
2025-12-13,wk inc flu hosp,0,2025-12-13,36,quantile,0.975,2526
2025-12-13,wk inc flu hosp,0,2025-12-13,36,quantile,0.99,2699
2025-12-13,wk inc flu hosp,0,2025-12-13,37,quantile,0.01,265
2025-12-13,wk inc flu hosp,0,2025-12-13,37,quantile,0.025,290
2025-12-13,wk inc flu hosp,0,2025-12-13,37,quantile,0.05,310
2025-12-13,wk inc flu hosp,0,2025-12-13,37,quantile,0.1,328
2025-12-13,wk inc flu hosp,0,2025-12-13,37,quantile,0.15,344
2025-12-13,wk inc flu hosp,0,2025-12-13,37,quantile,0.2,357
2025-12-13,wk inc flu hosp,0,2025-12-13,37,quantile,0.25,367
2025-12-13,wk inc flu hosp,0,2025-12-13,37,quantile,0.3,376
2025-12-13,wk inc flu hosp,0,2025-12-13,37,quantile,0.35,386
2025-12-13,wk inc flu hosp,0,2025-12-13,37,quantile,0.4,394
2025-12-13,wk inc flu hosp,0,2025-12-13,37,quantile,0.45,405
2025-12-13,wk inc flu hosp,0,2025-12-13,37,quantile,0.5,416
2025-12-13,wk inc flu hosp,0,2025-12-13,37,quantile,0.55,426
2025-12-13,wk inc flu hosp,0,2025-12-13,37,quantile,0.6,436
2025-12-13,wk inc flu hosp,0,2025-12-13,37,quantile,0.65,447
2025-12-13,wk inc flu hosp,0,2025-12-13,37,quantile,0.7,457
2025-12-13,wk inc flu hosp,0,2025-12-13,37,quantile,0.75,467
2025-12-13,wk inc flu hosp,0,2025-12-13,37,quantile,0.8,481
2025-12-13,wk inc flu hosp,0,2025-12-13,37,quantile,0.85,499
2025-12-13,wk inc flu hosp,0,2025-12-13,37,quantile,0.9,521
2025-12-13,wk inc flu hosp,0,2025-12-13,37,quantile,0.95,565
2025-12-13,wk inc flu hosp,0,2025-12-13,37,quantile,0.975,589
2025-12-13,wk inc flu hosp,0,2025-12-13,37,quantile,0.99,627
2025-12-13,wk inc flu hosp,0,2025-12-13,38,quantile,0.01,2
2025-12-13,wk inc flu hosp,0,2025-12-13,38,quantile,0.025,3
2025-12-13,wk inc flu hosp,0,2025-12-13,38,quantile,0.05,3
2025-12-13,wk inc flu hosp,0,2025-12-13,38,quantile,0.1,5
2025-12-13,wk inc flu hosp,0,2025-12-13,38,quantile,0.15,6
2025-12-13,wk inc flu hosp,0,2025-12-13,38,quantile,0.2,6
2025-12-13,wk inc flu hosp,0,2025-12-13,38,quantile,0.25,7
2025-12-13,wk inc flu hosp,0,2025-12-13,38,quantile,0.3,8
2025-12-13,wk inc flu hosp,0,2025-12-13,38,quantile,0.35,9
2025-12-13,wk inc flu hosp,0,2025-12-13,38,quantile,0.4,9
2025-12-13,wk inc flu hosp,0,2025-12-13,38,quantile,0.45,10
2025-12-13,wk inc flu hosp,0,2025-12-13,38,quantile,0.5,11
2025-12-13,wk inc flu hosp,0,2025-12-13,38,quantile,0.55,11
2025-12-13,wk inc flu hosp,0,2025-12-13,38,quantile,0.6,12
2025-12-13,wk inc flu hosp,0,2025-12-13,38,quantile,0.65,13
2025-12-13,wk inc flu hosp,0,2025-12-13,38,quantile,0.7,14
2025-12-13,wk inc flu hosp,0,2025-12-13,38,quantile,0.75,15
2025-12-13,wk inc flu hosp,0,2025-12-13,38,quantile,0.8,16
2025-12-13,wk inc flu hosp,0,2025-12-13,38,quantile,0.85,18
2025-12-13,wk inc flu hosp,0,2025-12-13,38,quantile,0.9,20
2025-12-13,wk inc flu hosp,0,2025-12-13,38,quantile,0.95,24
2025-12-13,wk inc flu hosp,0,2025-12-13,38,quantile,0.975,27
2025-12-13,wk inc flu hosp,0,2025-12-13,38,quantile,0.99,34
2025-12-13,wk inc flu hosp,0,2025-12-13,39,quantile,0.01,164
2025-12-13,wk inc flu hosp,0,2025-12-13,39,quantile,0.025,176
2025-12-13,wk inc flu hosp,0,2025-12-13,39,quantile,0.05,184
2025-12-13,wk inc flu hosp,0,2025-12-13,39,quantile,0.1,201
2025-12-13,wk inc flu hosp,0,2025-12-13,39,quantile,0.15,211
2025-12-13,wk inc flu hosp,0,2025-12-13,39,quantile,0.2,218
2025-12-13,wk inc flu hosp,0,2025-12-13,39,quantile,0.25,227
2025-12-13,wk inc flu hosp,0,2025-12-13,39,quantile,0.3,233
2025-12-13,wk inc flu hosp,0,2025-12-13,39,quantile,0.35,241
2025-12-13,wk inc flu hosp,0,2025-12-13,39,quantile,0.4,249
2025-12-13,wk inc flu hosp,0,2025-12-13,39,quantile,0.45,256
2025-12-13,wk inc flu hosp,0,2025-12-13,39,quantile,0.5,262
2025-12-13,wk inc flu hosp,0,2025-12-13,39,quantile,0.55,269
2025-12-13,wk inc flu hosp,0,2025-12-13,39,quantile,0.6,275
2025-12-13,wk inc flu hosp,0,2025-12-13,39,quantile,0.65,285
2025-12-13,wk inc flu hosp,0,2025-12-13,39,quantile,0.7,292
2025-12-13,wk inc flu hosp,0,2025-12-13,39,quantile,0.75,301
2025-12-13,wk inc flu hosp,0,2025-12-13,39,quantile,0.8,310
2025-12-13,wk inc flu hosp,0,2025-12-13,39,quantile,0.85,324
2025-12-13,wk inc flu hosp,0,2025-12-13,39,quantile,0.9,341
2025-12-13,wk inc flu hosp,0,2025-12-13,39,quantile,0.95,370
2025-12-13,wk inc flu hosp,0,2025-12-13,39,quantile,0.975,393
2025-12-13,wk inc flu hosp,0,2025-12-13,39,quantile,0.99,414
2025-12-13,wk inc flu hosp,0,2025-12-13,40,quantile,0.01,7
2025-12-13,wk inc flu hosp,0,2025-12-13,40,quantile,0.025,8
2025-12-13,wk inc flu hosp,0,2025-12-13,40,quantile,0.05,10
2025-12-13,wk inc flu hosp,0,2025-12-13,40,quantile,0.1,12
2025-12-13,wk inc flu hosp,0,2025-12-13,40,quantile,0.15,13
2025-12-13,wk inc flu hosp,0,2025-12-13,40,quantile,0.2,14
2025-12-13,wk inc flu hosp,0,2025-12-13,40,quantile,0.25,16
2025-12-13,wk inc flu hosp,0,2025-12-13,40,quantile,0.3,17
2025-12-13,wk inc flu hosp,0,2025-12-13,40,quantile,0.35,18
2025-12-13,wk inc flu hosp,0,2025-12-13,40,quantile,0.4,19
2025-12-13,wk inc flu hosp,0,2025-12-13,40,quantile,0.45,20
2025-12-13,wk inc flu hosp,0,2025-12-13,40,quantile,0.5,21
2025-12-13,wk inc flu hosp,0,2025-12-13,40,quantile,0.55,22
2025-12-13,wk inc flu hosp,0,2025-12-13,40,quantile,0.6,23
2025-12-13,wk inc flu hosp,0,2025-12-13,40,quantile,0.65,24
2025-12-13,wk inc flu hosp,0,2025-12-13,40,quantile,0.7,26
2025-12-13,wk inc flu hosp,0,2025-12-13,40,quantile,0.75,27
2025-12-13,wk inc flu hosp,0,2025-12-13,40,quantile,0.8,29
2025-12-13,wk inc flu hosp,0,2025-12-13,40,quantile,0.85,31
2025-12-13,wk inc flu hosp,0,2025-12-13,40,quantile,0.9,33
2025-12-13,wk inc flu hosp,0,2025-12-13,40,quantile,0.95,39
2025-12-13,wk inc flu hosp,0,2025-12-13,40,quantile,0.975,45
2025-12-13,wk inc flu hosp,0,2025-12-13,40,quantile,0.99,50
2025-12-13,wk inc flu hosp,0,2025-12-13,41,quantile,0.01,20
2025-12-13,wk inc flu hosp,0,2025-12-13,41,quantile,0.025,24
2025-12-13,wk inc flu hosp,0,2025-12-13,41,quantile,0.05,31
2025-12-13,wk inc flu hosp,0,2025-12-13,41,quantile,0.1,34
2025-12-13,wk inc flu hosp,0,2025-12-13,41,quantile,0.15,38
2025-12-13,wk inc flu hosp,0,2025-12-13,41,quantile,0.2,41
2025-12-13,wk inc flu hosp,0,2025-12-13,41,quantile,0.25,43
2025-12-13,wk inc flu hosp,0,2025-12-13,41,quantile,0.3,45
2025-12-13,wk inc flu hosp,0,2025-12-13,41,quantile,0.35,47
2025-12-13,wk inc flu hosp,0,2025-12-13,41,quantile,0.4,49
2025-12-13,wk inc flu hosp,0,2025-12-13,41,quantile,0.45,51
2025-12-13,wk inc flu hosp,0,2025-12-13,41,quantile,0.5,53
2025-12-13,wk inc flu hosp,0,2025-12-13,41,quantile,0.55,55
2025-12-13,wk inc flu hosp,0,2025-12-13,41,quantile,0.6,57
2025-12-13,wk inc flu hosp,0,2025-12-13,41,quantile,0.65,60
2025-12-13,wk inc flu hosp,0,2025-12-13,41,quantile,0.7,63
2025-12-13,wk inc flu hosp,0,2025-12-13,41,quantile,0.75,66
2025-12-13,wk inc flu hosp,0,2025-12-13,41,quantile,0.8,70
2025-12-13,wk inc flu hosp,0,2025-12-13,41,quantile,0.85,74
2025-12-13,wk inc flu hosp,0,2025-12-13,41,quantile,0.9,79
2025-12-13,wk inc flu hosp,0,2025-12-13,41,quantile,0.95,87
2025-12-13,wk inc flu hosp,0,2025-12-13,41,quantile,0.975,93
2025-12-13,wk inc flu hosp,0,2025-12-13,41,quantile,0.99,100
2025-12-13,wk inc flu hosp,0,2025-12-13,42,quantile,0.01,508
2025-12-13,wk inc flu hosp,0,2025-12-13,42,quantile,0.025,538
2025-12-13,wk inc flu hosp,0,2025-12-13,42,quantile,0.05,563
2025-12-13,wk inc flu hosp,0,2025-12-13,42,quantile,0.1,601
2025-12-13,wk inc flu hosp,0,2025-12-13,42,quantile,0.15,625
2025-12-13,wk inc flu hosp,0,2025-12-13,42,quantile,0.2,648
2025-12-13,wk inc flu hosp,0,2025-12-13,42,quantile,0.25,666
2025-12-13,wk inc flu hosp,0,2025-12-13,42,quantile,0.3,691
2025-12-13,wk inc flu hosp,0,2025-12-13,42,quantile,0.35,709
2025-12-13,wk inc flu hosp,0,2025-12-13,42,quantile,0.4,725
2025-12-13,wk inc flu hosp,0,2025-12-13,42,quantile,0.45,743
2025-12-13,wk inc flu hosp,0,2025-12-13,42,quantile,0.5,756
2025-12-13,wk inc flu hosp,0,2025-12-13,42,quantile,0.55,774
2025-12-13,wk inc flu hosp,0,2025-12-13,42,quantile,0.6,790
2025-12-13,wk inc flu hosp,0,2025-12-13,42,quantile,0.65,809
2025-12-13,wk inc flu hosp,0,2025-12-13,42,quantile,0.7,822
2025-12-13,wk inc flu hosp,0,2025-12-13,42,quantile,0.75,839
2025-12-13,wk inc flu hosp,0,2025-12-13,42,quantile,0.8,864
2025-12-13,wk inc flu hosp,0,2025-12-13,42,quantile,0.85,900
2025-12-13,wk inc flu hosp,0,2025-12-13,42,quantile,0.9,937
2025-12-13,wk inc flu hosp,0,2025-12-13,42,quantile,0.95,1010
2025-12-13,wk inc flu hosp,0,2025-12-13,42,quantile,0.975,1065
2025-12-13,wk inc flu hosp,0,2025-12-13,42,quantile,0.99,1154
2025-12-13,wk inc flu hosp,0,2025-12-13,44,quantile,0.01,11
2025-12-13,wk inc flu hosp,0,2025-12-13,44,quantile,0.025,14
2025-12-13,wk inc flu hosp,0,2025-12-13,44,quantile,0.05,16
2025-12-13,wk inc flu hosp,0,2025-12-13,44,quantile,0.1,20
2025-12-13,wk inc flu hosp,0,2025-12-13,44,quantile,0.15,22
2025-12-13,wk inc flu hosp,0,2025-12-13,44,quantile,0.2,24
2025-12-13,wk inc flu hosp,0,2025-12-13,44,quantile,0.25,25
2025-12-13,wk inc flu hosp,0,2025-12-13,44,quantile,0.3,27
2025-12-13,wk inc flu hosp,0,2025-12-13,44,quantile,0.35,29
2025-12-13,wk inc flu hosp,0,2025-12-13,44,quantile,0.4,30
2025-12-13,wk inc flu hosp,0,2025-12-13,44,quantile,0.45,32
2025-12-13,wk inc flu hosp,0,2025-12-13,44,quantile,0.5,33
2025-12-13,wk inc flu hosp,0,2025-12-13,44,quantile,0.55,35
2025-12-13,wk inc flu hosp,0,2025-12-13,44,quantile,0.6,37
2025-12-13,wk inc flu hosp,0,2025-12-13,44,quantile,0.65,39
2025-12-13,wk inc flu hosp,0,2025-12-13,44,quantile,0.7,41
2025-12-13,wk inc flu hosp,0,2025-12-13,44,quantile,0.75,44
2025-12-13,wk inc flu hosp,0,2025-12-13,44,quantile,0.8,47
2025-12-13,wk inc flu hosp,0,2025-12-13,44,quantile,0.85,50
2025-12-13,wk inc flu hosp,0,2025-12-13,44,quantile,0.9,55
2025-12-13,wk inc flu hosp,0,2025-12-13,44,quantile,0.95,63
2025-12-13,wk inc flu hosp,0,2025-12-13,44,quantile,0.975,69
2025-12-13,wk inc flu hosp,0,2025-12-13,44,quantile,0.99,77
2025-12-13,wk inc flu hosp,0,2025-12-13,45,quantile,0.01,69
2025-12-13,wk inc flu hosp,0,2025-12-13,45,quantile,0.025,73
2025-12-13,wk inc flu hosp,0,2025-12-13,45,quantile,0.05,80
2025-12-13,wk inc flu hosp,0,2025-12-13,45,quantile,0.1,87
2025-12-13,wk inc flu hosp,0,2025-12-13,45,quantile,0.15,93
2025-12-13,wk inc flu hosp,0,2025-12-13,45,quantile,0.2,98
2025-12-13,wk inc flu hosp,0,2025-12-13,45,quantile,0.25,102
2025-12-13,wk inc flu hosp,0,2025-12-13,45,quantile,0.3,107
2025-12-13,wk inc flu hosp,0,2025-12-13,45,quantile,0.35,110
2025-12-13,wk inc flu hosp,0,2025-12-13,45,quantile,0.4,113
2025-12-13,wk inc flu hosp,0,2025-12-13,45,quantile,0.45,116
2025-12-13,wk inc flu hosp,0,2025-12-13,45,quantile,0.5,121
2025-12-13,wk inc flu hosp,0,2025-12-13,45,quantile,0.55,125
2025-12-13,wk inc flu hosp,0,2025-12-13,45,quantile,0.6,130
2025-12-13,wk inc flu hosp,0,2025-12-13,45,quantile,0.65,135
2025-12-13,wk inc flu hosp,0,2025-12-13,45,quantile,0.7,140
2025-12-13,wk inc flu hosp,0,2025-12-13,45,quantile,0.75,145
2025-12-13,wk inc flu hosp,0,2025-12-13,45,quantile,0.8,151
2025-12-13,wk inc flu hosp,0,2025-12-13,45,quantile,0.85,156
2025-12-13,wk inc flu hosp,0,2025-12-13,45,quantile,0.9,167
2025-12-13,wk inc flu hosp,0,2025-12-13,45,quantile,0.95,185
2025-12-13,wk inc flu hosp,0,2025-12-13,45,quantile,0.975,195
2025-12-13,wk inc flu hosp,0,2025-12-13,45,quantile,0.99,217
2025-12-13,wk inc flu hosp,0,2025-12-13,46,quantile,0.01,0
2025-12-13,wk inc flu hosp,0,2025-12-13,46,quantile,0.025,0
2025-12-13,wk inc flu hosp,0,2025-12-13,46,quantile,0.05,0
2025-12-13,wk inc flu hosp,0,2025-12-13,46,quantile,0.1,1
2025-12-13,wk inc flu hosp,0,2025-12-13,46,quantile,0.15,1
2025-12-13,wk inc flu hosp,0,2025-12-13,46,quantile,0.2,2
2025-12-13,wk inc flu hosp,0,2025-12-13,46,quantile,0.25,2
2025-12-13,wk inc flu hosp,0,2025-12-13,46,quantile,0.3,2
2025-12-13,wk inc flu hosp,0,2025-12-13,46,quantile,0.35,3
2025-12-13,wk inc flu hosp,0,2025-12-13,46,quantile,0.4,3
2025-12-13,wk inc flu hosp,0,2025-12-13,46,quantile,0.45,3
2025-12-13,wk inc flu hosp,0,2025-12-13,46,quantile,0.5,4
2025-12-13,wk inc flu hosp,0,2025-12-13,46,quantile,0.55,4
2025-12-13,wk inc flu hosp,0,2025-12-13,46,quantile,0.6,5
2025-12-13,wk inc flu hosp,0,2025-12-13,46,quantile,0.65,5
2025-12-13,wk inc flu hosp,0,2025-12-13,46,quantile,0.7,6
2025-12-13,wk inc flu hosp,0,2025-12-13,46,quantile,0.75,6
2025-12-13,wk inc flu hosp,0,2025-12-13,46,quantile,0.8,7
2025-12-13,wk inc flu hosp,0,2025-12-13,46,quantile,0.85,8
2025-12-13,wk inc flu hosp,0,2025-12-13,46,quantile,0.9,9
2025-12-13,wk inc flu hosp,0,2025-12-13,46,quantile,0.95,12
2025-12-13,wk inc flu hosp,0,2025-12-13,46,quantile,0.975,13
2025-12-13,wk inc flu hosp,0,2025-12-13,46,quantile,0.99,16
2025-12-13,wk inc flu hosp,0,2025-12-13,47,quantile,0.01,68
2025-12-13,wk inc flu hosp,0,2025-12-13,47,quantile,0.025,73
2025-12-13,wk inc flu hosp,0,2025-12-13,47,quantile,0.05,81
2025-12-13,wk inc flu hosp,0,2025-12-13,47,quantile,0.1,88
2025-12-13,wk inc flu hosp,0,2025-12-13,47,quantile,0.15,93
2025-12-13,wk inc flu hosp,0,2025-12-13,47,quantile,0.2,98
2025-12-13,wk inc flu hosp,0,2025-12-13,47,quantile,0.25,102
2025-12-13,wk inc flu hosp,0,2025-12-13,47,quantile,0.3,106
2025-12-13,wk inc flu hosp,0,2025-12-13,47,quantile,0.35,110
2025-12-13,wk inc flu hosp,0,2025-12-13,47,quantile,0.4,113
2025-12-13,wk inc flu hosp,0,2025-12-13,47,quantile,0.45,116
2025-12-13,wk inc flu hosp,0,2025-12-13,47,quantile,0.5,120
2025-12-13,wk inc flu hosp,0,2025-12-13,47,quantile,0.55,124
2025-12-13,wk inc flu hosp,0,2025-12-13,47,quantile,0.6,128
2025-12-13,wk inc flu hosp,0,2025-12-13,47,quantile,0.65,132
2025-12-13,wk inc flu hosp,0,2025-12-13,47,quantile,0.7,137
2025-12-13,wk inc flu hosp,0,2025-12-13,47,quantile,0.75,141
2025-12-13,wk inc flu hosp,0,2025-12-13,47,quantile,0.8,147
2025-12-13,wk inc flu hosp,0,2025-12-13,47,quantile,0.85,155
2025-12-13,wk inc flu hosp,0,2025-12-13,47,quantile,0.9,169
2025-12-13,wk inc flu hosp,0,2025-12-13,47,quantile,0.95,184
2025-12-13,wk inc flu hosp,0,2025-12-13,47,quantile,0.975,201
2025-12-13,wk inc flu hosp,0,2025-12-13,47,quantile,0.99,221
2025-12-13,wk inc flu hosp,0,2025-12-13,48,quantile,0.01,609
2025-12-13,wk inc flu hosp,0,2025-12-13,48,quantile,0.025,630
2025-12-13,wk inc flu hosp,0,2025-12-13,48,quantile,0.05,658
2025-12-13,wk inc flu hosp,0,2025-12-13,48,quantile,0.1,690
2025-12-13,wk inc flu hosp,0,2025-12-13,48,quantile,0.15,715
2025-12-13,wk inc flu hosp,0,2025-12-13,48,quantile,0.2,739
2025-12-13,wk inc flu hosp,0,2025-12-13,48,quantile,0.25,756
2025-12-13,wk inc flu hosp,0,2025-12-13,48,quantile,0.3,773
2025-12-13,wk inc flu hosp,0,2025-12-13,48,quantile,0.35,789
2025-12-13,wk inc flu hosp,0,2025-12-13,48,quantile,0.4,801
2025-12-13,wk inc flu hosp,0,2025-12-13,48,quantile,0.45,817
2025-12-13,wk inc flu hosp,0,2025-12-13,48,quantile,0.5,832
2025-12-13,wk inc flu hosp,0,2025-12-13,48,quantile,0.55,847
2025-12-13,wk inc flu hosp,0,2025-12-13,48,quantile,0.6,866
2025-12-13,wk inc flu hosp,0,2025-12-13,48,quantile,0.65,884
2025-12-13,wk inc flu hosp,0,2025-12-13,48,quantile,0.7,908
2025-12-13,wk inc flu hosp,0,2025-12-13,48,quantile,0.75,927
2025-12-13,wk inc flu hosp,0,2025-12-13,48,quantile,0.8,950
2025-12-13,wk inc flu hosp,0,2025-12-13,48,quantile,0.85,975
2025-12-13,wk inc flu hosp,0,2025-12-13,48,quantile,0.9,1010
2025-12-13,wk inc flu hosp,0,2025-12-13,48,quantile,0.95,1082
2025-12-13,wk inc flu hosp,0,2025-12-13,48,quantile,0.975,1133
2025-12-13,wk inc flu hosp,0,2025-12-13,48,quantile,0.99,1174
2025-12-13,wk inc flu hosp,0,2025-12-13,49,quantile,0.01,37
2025-12-13,wk inc flu hosp,0,2025-12-13,49,quantile,0.025,42
2025-12-13,wk inc flu hosp,0,2025-12-13,49,quantile,0.05,48
2025-12-13,wk inc flu hosp,0,2025-12-13,49,quantile,0.1,52
2025-12-13,wk inc flu hosp,0,2025-12-13,49,quantile,0.15,57
2025-12-13,wk inc flu hosp,0,2025-12-13,49,quantile,0.2,61
2025-12-13,wk inc flu hosp,0,2025-12-13,49,quantile,0.25,64
2025-12-13,wk inc flu hosp,0,2025-12-13,49,quantile,0.3,67
2025-12-13,wk inc flu hosp,0,2025-12-13,49,quantile,0.35,70
2025-12-13,wk inc flu hosp,0,2025-12-13,49,quantile,0.4,73
2025-12-13,wk inc flu hosp,0,2025-12-13,49,quantile,0.45,76
2025-12-13,wk inc flu hosp,0,2025-12-13,49,quantile,0.5,79
2025-12-13,wk inc flu hosp,0,2025-12-13,49,quantile,0.55,83
2025-12-13,wk inc flu hosp,0,2025-12-13,49,quantile,0.6,86
2025-12-13,wk inc flu hosp,0,2025-12-13,49,quantile,0.65,90
2025-12-13,wk inc flu hosp,0,2025-12-13,49,quantile,0.7,94
2025-12-13,wk inc flu hosp,0,2025-12-13,49,quantile,0.75,98
2025-12-13,wk inc flu hosp,0,2025-12-13,49,quantile,0.8,103
2025-12-13,wk inc flu hosp,0,2025-12-13,49,quantile,0.85,108
2025-12-13,wk inc flu hosp,0,2025-12-13,49,quantile,0.9,119
2025-12-13,wk inc flu hosp,0,2025-12-13,49,quantile,0.95,131
2025-12-13,wk inc flu hosp,0,2025-12-13,49,quantile,0.975,142
2025-12-13,wk inc flu hosp,0,2025-12-13,49,quantile,0.99,155
2025-12-13,wk inc flu hosp,0,2025-12-13,50,quantile,0.01,0
2025-12-13,wk inc flu hosp,0,2025-12-13,50,quantile,0.025,0
2025-12-13,wk inc flu hosp,0,2025-12-13,50,quantile,0.05,0
2025-12-13,wk inc flu hosp,0,2025-12-13,50,quantile,0.1,0
2025-12-13,wk inc flu hosp,0,2025-12-13,50,quantile,0.15,1
2025-12-13,wk inc flu hosp,0,2025-12-13,50,quantile,0.2,1
2025-12-13,wk inc flu hosp,0,2025-12-13,50,quantile,0.25,1
2025-12-13,wk inc flu hosp,0,2025-12-13,50,quantile,0.3,2
2025-12-13,wk inc flu hosp,0,2025-12-13,50,quantile,0.35,2
2025-12-13,wk inc flu hosp,0,2025-12-13,50,quantile,0.4,2
2025-12-13,wk inc flu hosp,0,2025-12-13,50,quantile,0.45,3
2025-12-13,wk inc flu hosp,0,2025-12-13,50,quantile,0.5,3
2025-12-13,wk inc flu hosp,0,2025-12-13,50,quantile,0.55,3
2025-12-13,wk inc flu hosp,0,2025-12-13,50,quantile,0.6,4
2025-12-13,wk inc flu hosp,0,2025-12-13,50,quantile,0.65,4
2025-12-13,wk inc flu hosp,0,2025-12-13,50,quantile,0.7,4
2025-12-13,wk inc flu hosp,0,2025-12-13,50,quantile,0.75,5
2025-12-13,wk inc flu hosp,0,2025-12-13,50,quantile,0.8,6
2025-12-13,wk inc flu hosp,0,2025-12-13,50,quantile,0.85,6
2025-12-13,wk inc flu hosp,0,2025-12-13,50,quantile,0.9,7
2025-12-13,wk inc flu hosp,0,2025-12-13,50,quantile,0.95,9
2025-12-13,wk inc flu hosp,0,2025-12-13,50,quantile,0.975,12
2025-12-13,wk inc flu hosp,0,2025-12-13,50,quantile,0.99,16
2025-12-13,wk inc flu hosp,0,2025-12-13,51,quantile,0.01,141
2025-12-13,wk inc flu hosp,0,2025-12-13,51,quantile,0.025,152
2025-12-13,wk inc flu hosp,0,2025-12-13,51,quantile,0.05,162
2025-12-13,wk inc flu hosp,0,2025-12-13,51,quantile,0.1,177
2025-12-13,wk inc flu hosp,0,2025-12-13,51,quantile,0.15,187
2025-12-13,wk inc flu hosp,0,2025-12-13,51,quantile,0.2,193
2025-12-13,wk inc flu hosp,0,2025-12-13,51,quantile,0.25,200
2025-12-13,wk inc flu hosp,0,2025-12-13,51,quantile,0.3,206
2025-12-13,wk inc flu hosp,0,2025-12-13,51,quantile,0.35,214
2025-12-13,wk inc flu hosp,0,2025-12-13,51,quantile,0.4,220
2025-12-13,wk inc flu hosp,0,2025-12-13,51,quantile,0.45,225
2025-12-13,wk inc flu hosp,0,2025-12-13,51,quantile,0.5,232
2025-12-13,wk inc flu hosp,0,2025-12-13,51,quantile,0.55,238
2025-12-13,wk inc flu hosp,0,2025-12-13,51,quantile,0.6,247
2025-12-13,wk inc flu hosp,0,2025-12-13,51,quantile,0.65,255
2025-12-13,wk inc flu hosp,0,2025-12-13,51,quantile,0.7,261
2025-12-13,wk inc flu hosp,0,2025-12-13,51,quantile,0.75,271
2025-12-13,wk inc flu hosp,0,2025-12-13,51,quantile,0.8,280
2025-12-13,wk inc flu hosp,0,2025-12-13,51,quantile,0.85,290
2025-12-13,wk inc flu hosp,0,2025-12-13,51,quantile,0.9,308
2025-12-13,wk inc flu hosp,0,2025-12-13,51,quantile,0.95,327
2025-12-13,wk inc flu hosp,0,2025-12-13,51,quantile,0.975,351
2025-12-13,wk inc flu hosp,0,2025-12-13,51,quantile,0.99,378
2025-12-13,wk inc flu hosp,0,2025-12-13,53,quantile,0.01,38
2025-12-13,wk inc flu hosp,0,2025-12-13,53,quantile,0.025,44
2025-12-13,wk inc flu hosp,0,2025-12-13,53,quantile,0.05,51
2025-12-13,wk inc flu hosp,0,2025-12-13,53,quantile,0.1,57
2025-12-13,wk inc flu hosp,0,2025-12-13,53,quantile,0.15,62
2025-12-13,wk inc flu hosp,0,2025-12-13,53,quantile,0.2,66
2025-12-13,wk inc flu hosp,0,2025-12-13,53,quantile,0.25,69
2025-12-13,wk inc flu hosp,0,2025-12-13,53,quantile,0.3,72
2025-12-13,wk inc flu hosp,0,2025-12-13,53,quantile,0.35,74
2025-12-13,wk inc flu hosp,0,2025-12-13,53,quantile,0.4,78
2025-12-13,wk inc flu hosp,0,2025-12-13,53,quantile,0.45,82
2025-12-13,wk inc flu hosp,0,2025-12-13,53,quantile,0.5,85
2025-12-13,wk inc flu hosp,0,2025-12-13,53,quantile,0.55,88
2025-12-13,wk inc flu hosp,0,2025-12-13,53,quantile,0.6,91
2025-12-13,wk inc flu hosp,0,2025-12-13,53,quantile,0.65,94
2025-12-13,wk inc flu hosp,0,2025-12-13,53,quantile,0.7,98
2025-12-13,wk inc flu hosp,0,2025-12-13,53,quantile,0.75,102
2025-12-13,wk inc flu hosp,0,2025-12-13,53,quantile,0.8,106
2025-12-13,wk inc flu hosp,0,2025-12-13,53,quantile,0.85,111
2025-12-13,wk inc flu hosp,0,2025-12-13,53,quantile,0.9,121
2025-12-13,wk inc flu hosp,0,2025-12-13,53,quantile,0.95,136
2025-12-13,wk inc flu hosp,0,2025-12-13,53,quantile,0.975,146
2025-12-13,wk inc flu hosp,0,2025-12-13,53,quantile,0.99,159
2025-12-13,wk inc flu hosp,0,2025-12-13,54,quantile,0.01,3
2025-12-13,wk inc flu hosp,0,2025-12-13,54,quantile,0.025,4
2025-12-13,wk inc flu hosp,0,2025-12-13,54,quantile,0.05,5
2025-12-13,wk inc flu hosp,0,2025-12-13,54,quantile,0.1,6
2025-12-13,wk inc flu hosp,0,2025-12-13,54,quantile,0.15,7
2025-12-13,wk inc flu hosp,0,2025-12-13,54,quantile,0.2,8
2025-12-13,wk inc flu hosp,0,2025-12-13,54,quantile,0.25,9
2025-12-13,wk inc flu hosp,0,2025-12-13,54,quantile,0.3,10
2025-12-13,wk inc flu hosp,0,2025-12-13,54,quantile,0.35,11
2025-12-13,wk inc flu hosp,0,2025-12-13,54,quantile,0.4,11
2025-12-13,wk inc flu hosp,0,2025-12-13,54,quantile,0.45,12
2025-12-13,wk inc flu hosp,0,2025-12-13,54,quantile,0.5,13
2025-12-13,wk inc flu hosp,0,2025-12-13,54,quantile,0.55,14
2025-12-13,wk inc flu hosp,0,2025-12-13,54,quantile,0.6,15
2025-12-13,wk inc flu hosp,0,2025-12-13,54,quantile,0.65,16
2025-12-13,wk inc flu hosp,0,2025-12-13,54,quantile,0.7,17
2025-12-13,wk inc flu hosp,0,2025-12-13,54,quantile,0.75,19
2025-12-13,wk inc flu hosp,0,2025-12-13,54,quantile,0.8,21
2025-12-13,wk inc flu hosp,0,2025-12-13,54,quantile,0.85,22
2025-12-13,wk inc flu hosp,0,2025-12-13,54,quantile,0.9,26
2025-12-13,wk inc flu hosp,0,2025-12-13,54,quantile,0.95,31
2025-12-13,wk inc flu hosp,0,2025-12-13,54,quantile,0.975,35
2025-12-13,wk inc flu hosp,0,2025-12-13,54,quantile,0.99,40
2025-12-13,wk inc flu hosp,0,2025-12-13,55,quantile,0.01,74
2025-12-13,wk inc flu hosp,0,2025-12-13,55,quantile,0.025,82
2025-12-13,wk inc flu hosp,0,2025-12-13,55,quantile,0.05,88
2025-12-13,wk inc flu hosp,0,2025-12-13,55,quantile,0.1,100
2025-12-13,wk inc flu hosp,0,2025-12-13,55,quantile,0.15,107
2025-12-13,wk inc flu hosp,0,2025-12-13,55,quantile,0.2,114
2025-12-13,wk inc flu hosp,0,2025-12-13,55,quantile,0.25,121
2025-12-13,wk inc flu hosp,0,2025-12-13,55,quantile,0.3,127
2025-12-13,wk inc flu hosp,0,2025-12-13,55,quantile,0.35,134
2025-12-13,wk inc flu hosp,0,2025-12-13,55,quantile,0.4,140
2025-12-13,wk inc flu hosp,0,2025-12-13,55,quantile,0.45,146
2025-12-13,wk inc flu hosp,0,2025-12-13,55,quantile,0.5,150
2025-12-13,wk inc flu hosp,0,2025-12-13,55,quantile,0.55,155
2025-12-13,wk inc flu hosp,0,2025-12-13,55,quantile,0.6,160
2025-12-13,wk inc flu hosp,0,2025-12-13,55,quantile,0.65,165
2025-12-13,wk inc flu hosp,0,2025-12-13,55,quantile,0.7,172
2025-12-13,wk inc flu hosp,0,2025-12-13,55,quantile,0.75,179
2025-12-13,wk inc flu hosp,0,2025-12-13,55,quantile,0.8,186
2025-12-13,wk inc flu hosp,0,2025-12-13,55,quantile,0.85,195
2025-12-13,wk inc flu hosp,0,2025-12-13,55,quantile,0.9,207
2025-12-13,wk inc flu hosp,0,2025-12-13,55,quantile,0.95,226
2025-12-13,wk inc flu hosp,0,2025-12-13,55,quantile,0.975,245
2025-12-13,wk inc flu hosp,0,2025-12-13,55,quantile,0.99,263
2025-12-13,wk inc flu hosp,0,2025-12-13,56,quantile,0.01,2
2025-12-13,wk inc flu hosp,0,2025-12-13,56,quantile,0.025,2
2025-12-13,wk inc flu hosp,0,2025-12-13,56,quantile,0.05,3
2025-12-13,wk inc flu hosp,0,2025-12-13,56,quantile,0.1,4
2025-12-13,wk inc flu hosp,0,2025-12-13,56,quantile,0.15,5
2025-12-13,wk inc flu hosp,0,2025-12-13,56,quantile,0.2,6
2025-12-13,wk inc flu hosp,0,2025-12-13,56,quantile,0.25,7
2025-12-13,wk inc flu hosp,0,2025-12-13,56,quantile,0.3,7
2025-12-13,wk inc flu hosp,0,2025-12-13,56,quantile,0.35,8
2025-12-13,wk inc flu hosp,0,2025-12-13,56,quantile,0.4,9
2025-12-13,wk inc flu hosp,0,2025-12-13,56,quantile,0.45,10
2025-12-13,wk inc flu hosp,0,2025-12-13,56,quantile,0.5,10
2025-12-13,wk inc flu hosp,0,2025-12-13,56,quantile,0.55,11
2025-12-13,wk inc flu hosp,0,2025-12-13,56,quantile,0.6,12
2025-12-13,wk inc flu hosp,0,2025-12-13,56,quantile,0.65,13
2025-12-13,wk inc flu hosp,0,2025-12-13,56,quantile,0.7,13
2025-12-13,wk inc flu hosp,0,2025-12-13,56,quantile,0.75,15
2025-12-13,wk inc flu hosp,0,2025-12-13,56,quantile,0.8,16
2025-12-13,wk inc flu hosp,0,2025-12-13,56,quantile,0.85,17
2025-12-13,wk inc flu hosp,0,2025-12-13,56,quantile,0.9,20
2025-12-13,wk inc flu hosp,0,2025-12-13,56,quantile,0.95,23
2025-12-13,wk inc flu hosp,0,2025-12-13,56,quantile,0.975,26
2025-12-13,wk inc flu hosp,0,2025-12-13,56,quantile,0.99,31
2025-12-13,wk inc flu hosp,0,2025-12-13,72,quantile,0.01,212
2025-12-13,wk inc flu hosp,0,2025-12-13,72,quantile,0.025,224
2025-12-13,wk inc flu hosp,0,2025-12-13,72,quantile,0.05,240
2025-12-13,wk inc flu hosp,0,2025-12-13,72,quantile,0.1,258
2025-12-13,wk inc flu hosp,0,2025-12-13,72,quantile,0.15,268
2025-12-13,wk inc flu hosp,0,2025-12-13,72,quantile,0.2,278
2025-12-13,wk inc flu hosp,0,2025-12-13,72,quantile,0.25,286
2025-12-13,wk inc flu hosp,0,2025-12-13,72,quantile,0.3,295
2025-12-13,wk inc flu hosp,0,2025-12-13,72,quantile,0.35,304
2025-12-13,wk inc flu hosp,0,2025-12-13,72,quantile,0.4,310
2025-12-13,wk inc flu hosp,0,2025-12-13,72,quantile,0.45,315
2025-12-13,wk inc flu hosp,0,2025-12-13,72,quantile,0.5,320
2025-12-13,wk inc flu hosp,0,2025-12-13,72,quantile,0.55,328
2025-12-13,wk inc flu hosp,0,2025-12-13,72,quantile,0.6,335
2025-12-13,wk inc flu hosp,0,2025-12-13,72,quantile,0.65,344
2025-12-13,wk inc flu hosp,0,2025-12-13,72,quantile,0.7,354
2025-12-13,wk inc flu hosp,0,2025-12-13,72,quantile,0.75,363
2025-12-13,wk inc flu hosp,0,2025-12-13,72,quantile,0.8,375
2025-12-13,wk inc flu hosp,0,2025-12-13,72,quantile,0.85,389
2025-12-13,wk inc flu hosp,0,2025-12-13,72,quantile,0.9,404
2025-12-13,wk inc flu hosp,0,2025-12-13,72,quantile,0.95,433
2025-12-13,wk inc flu hosp,0,2025-12-13,72,quantile,0.975,462
2025-12-13,wk inc flu hosp,0,2025-12-13,72,quantile,0.99,486
2025-12-13,wk inc flu hosp,0,2025-12-13,US,quantile,0.01,8851
2025-12-13,wk inc flu hosp,0,2025-12-13,US,quantile,0.025,8981
2025-12-13,wk inc flu hosp,0,2025-12-13,US,quantile,0.05,9150
2025-12-13,wk inc flu hosp,0,2025-12-13,US,quantile,0.1,9301
2025-12-13,wk inc flu hosp,0,2025-12-13,US,quantile,0.15,9392
2025-12-13,wk inc flu hosp,0,2025-12-13,US,quantile,0.2,9483
2025-12-13,wk inc flu hosp,0,2025-12-13,US,quantile,0.25,9545
2025-12-13,wk inc flu hosp,0,2025-12-13,US,quantile,0.3,9611
2025-12-13,wk inc flu hosp,0,2025-12-13,US,quantile,0.35,9662
2025-12-13,wk inc flu hosp,0,2025-12-13,US,quantile,0.4,9727
2025-12-13,wk inc flu hosp,0,2025-12-13,US,quantile,0.45,9780
2025-12-13,wk inc flu hosp,0,2025-12-13,US,quantile,0.5,9829
2025-12-13,wk inc flu hosp,0,2025-12-13,US,quantile,0.55,9891
2025-12-13,wk inc flu hosp,0,2025-12-13,US,quantile,0.6,9955
2025-12-13,wk inc flu hosp,0,2025-12-13,US,quantile,0.65,10021
2025-12-13,wk inc flu hosp,0,2025-12-13,US,quantile,0.7,10082
2025-12-13,wk inc flu hosp,0,2025-12-13,US,quantile,0.75,10143
2025-12-13,wk inc flu hosp,0,2025-12-13,US,quantile,0.8,10224
2025-12-13,wk inc flu hosp,0,2025-12-13,US,quantile,0.85,10293
2025-12-13,wk inc flu hosp,0,2025-12-13,US,quantile,0.9,10411
2025-12-13,wk inc flu hosp,0,2025-12-13,US,quantile,0.95,10540
2025-12-13,wk inc flu hosp,0,2025-12-13,US,quantile,0.975,10695
2025-12-13,wk inc flu hosp,0,2025-12-13,US,quantile,0.99,10810
2025-12-13,wk inc flu hosp,1,2025-12-20,01,quantile,0.01,43
2025-12-13,wk inc flu hosp,1,2025-12-20,01,quantile,0.025,51
2025-12-13,wk inc flu hosp,1,2025-12-20,01,quantile,0.05,60
2025-12-13,wk inc flu hosp,1,2025-12-20,01,quantile,0.1,69
2025-12-13,wk inc flu hosp,1,2025-12-20,01,quantile,0.15,77
2025-12-13,wk inc flu hosp,1,2025-12-20,01,quantile,0.2,83
2025-12-13,wk inc flu hosp,1,2025-12-20,01,quantile,0.25,89
2025-12-13,wk inc flu hosp,1,2025-12-20,01,quantile,0.3,95
2025-12-13,wk inc flu hosp,1,2025-12-20,01,quantile,0.35,100
2025-12-13,wk inc flu hosp,1,2025-12-20,01,quantile,0.4,106
2025-12-13,wk inc flu hosp,1,2025-12-20,01,quantile,0.45,112
2025-12-13,wk inc flu hosp,1,2025-12-20,01,quantile,0.5,118
2025-12-13,wk inc flu hosp,1,2025-12-20,01,quantile,0.55,125
2025-12-13,wk inc flu hosp,1,2025-12-20,01,quantile,0.6,130
2025-12-13,wk inc flu hosp,1,2025-12-20,01,quantile,0.65,137
2025-12-13,wk inc flu hosp,1,2025-12-20,01,quantile,0.7,143
2025-12-13,wk inc flu hosp,1,2025-12-20,01,quantile,0.75,152
2025-12-13,wk inc flu hosp,1,2025-12-20,01,quantile,0.8,162
2025-12-13,wk inc flu hosp,1,2025-12-20,01,quantile,0.85,173
2025-12-13,wk inc flu hosp,1,2025-12-20,01,quantile,0.9,192
2025-12-13,wk inc flu hosp,1,2025-12-20,01,quantile,0.95,218
2025-12-13,wk inc flu hosp,1,2025-12-20,01,quantile,0.975,248
2025-12-13,wk inc flu hosp,1,2025-12-20,01,quantile,0.99,295
2025-12-13,wk inc flu hosp,1,2025-12-20,02,quantile,0.01,2
2025-12-13,wk inc flu hosp,1,2025-12-20,02,quantile,0.025,3
2025-12-13,wk inc flu hosp,1,2025-12-20,02,quantile,0.05,4
2025-12-13,wk inc flu hosp,1,2025-12-20,02,quantile,0.1,6
2025-12-13,wk inc flu hosp,1,2025-12-20,02,quantile,0.15,8
2025-12-13,wk inc flu hosp,1,2025-12-20,02,quantile,0.2,9
2025-12-13,wk inc flu hosp,1,2025-12-20,02,quantile,0.25,10
2025-12-13,wk inc flu hosp,1,2025-12-20,02,quantile,0.3,11
2025-12-13,wk inc flu hosp,1,2025-12-20,02,quantile,0.35,12
2025-12-13,wk inc flu hosp,1,2025-12-20,02,quantile,0.4,13
2025-12-13,wk inc flu hosp,1,2025-12-20,02,quantile,0.45,15
2025-12-13,wk inc flu hosp,1,2025-12-20,02,quantile,0.5,16
2025-12-13,wk inc flu hosp,1,2025-12-20,02,quantile,0.55,18
2025-12-13,wk inc flu hosp,1,2025-12-20,02,quantile,0.6,19
2025-12-13,wk inc flu hosp,1,2025-12-20,02,quantile,0.65,21
2025-12-13,wk inc flu hosp,1,2025-12-20,02,quantile,0.7,23
2025-12-13,wk inc flu hosp,1,2025-12-20,02,quantile,0.75,25
2025-12-13,wk inc flu hosp,1,2025-12-20,02,quantile,0.8,27
2025-12-13,wk inc flu hosp,1,2025-12-20,02,quantile,0.85,31
2025-12-13,wk inc flu hosp,1,2025-12-20,02,quantile,0.9,36
2025-12-13,wk inc flu hosp,1,2025-12-20,02,quantile,0.95,44
2025-12-13,wk inc flu hosp,1,2025-12-20,02,quantile,0.975,54
2025-12-13,wk inc flu hosp,1,2025-12-20,02,quantile,0.99,68
2025-12-13,wk inc flu hosp,1,2025-12-20,04,quantile,0.01,29
2025-12-13,wk inc flu hosp,1,2025-12-20,04,quantile,0.025,38
2025-12-13,wk inc flu hosp,1,2025-12-20,04,quantile,0.05,45
2025-12-13,wk inc flu hosp,1,2025-12-20,04,quantile,0.1,54
2025-12-13,wk inc flu hosp,1,2025-12-20,04,quantile,0.15,58
2025-12-13,wk inc flu hosp,1,2025-12-20,04,quantile,0.2,62
2025-12-13,wk inc flu hosp,1,2025-12-20,04,quantile,0.25,67
2025-12-13,wk inc flu hosp,1,2025-12-20,04,quantile,0.3,69
2025-12-13,wk inc flu hosp,1,2025-12-20,04,quantile,0.35,73
2025-12-13,wk inc flu hosp,1,2025-12-20,04,quantile,0.4,76
2025-12-13,wk inc flu hosp,1,2025-12-20,04,quantile,0.45,79
2025-12-13,wk inc flu hosp,1,2025-12-20,04,quantile,0.5,83
2025-12-13,wk inc flu hosp,1,2025-12-20,04,quantile,0.55,88
2025-12-13,wk inc flu hosp,1,2025-12-20,04,quantile,0.6,92
2025-12-13,wk inc flu hosp,1,2025-12-20,04,quantile,0.65,97
2025-12-13,wk inc flu hosp,1,2025-12-20,04,quantile,0.7,102
2025-12-13,wk inc flu hosp,1,2025-12-20,04,quantile,0.75,108
2025-12-13,wk inc flu hosp,1,2025-12-20,04,quantile,0.8,117
2025-12-13,wk inc flu hosp,1,2025-12-20,04,quantile,0.85,129
2025-12-13,wk inc flu hosp,1,2025-12-20,04,quantile,0.9,144
2025-12-13,wk inc flu hosp,1,2025-12-20,04,quantile,0.95,166
2025-12-13,wk inc flu hosp,1,2025-12-20,04,quantile,0.975,198
2025-12-13,wk inc flu hosp,1,2025-12-20,04,quantile,0.99,244
2025-12-13,wk inc flu hosp,1,2025-12-20,05,quantile,0.01,83
2025-12-13,wk inc flu hosp,1,2025-12-20,05,quantile,0.025,93
2025-12-13,wk inc flu hosp,1,2025-12-20,05,quantile,0.05,111
2025-12-13,wk inc flu hosp,1,2025-12-20,05,quantile,0.1,125
2025-12-13,wk inc flu hosp,1,2025-12-20,05,quantile,0.15,133
2025-12-13,wk inc flu hosp,1,2025-12-20,05,quantile,0.2,139
2025-12-13,wk inc flu hosp,1,2025-12-20,05,quantile,0.25,147
2025-12-13,wk inc flu hosp,1,2025-12-20,05,quantile,0.3,152
2025-12-13,wk inc flu hosp,1,2025-12-20,05,quantile,0.35,158
2025-12-13,wk inc flu hosp,1,2025-12-20,05,quantile,0.4,164
2025-12-13,wk inc flu hosp,1,2025-12-20,05,quantile,0.45,169
2025-12-13,wk inc flu hosp,1,2025-12-20,05,quantile,0.5,175
2025-12-13,wk inc flu hosp,1,2025-12-20,05,quantile,0.55,181
2025-12-13,wk inc flu hosp,1,2025-12-20,05,quantile,0.6,185
2025-12-13,wk inc flu hosp,1,2025-12-20,05,quantile,0.65,193
2025-12-13,wk inc flu hosp,1,2025-12-20,05,quantile,0.7,199
2025-12-13,wk inc flu hosp,1,2025-12-20,05,quantile,0.75,206
2025-12-13,wk inc flu hosp,1,2025-12-20,05,quantile,0.8,216
2025-12-13,wk inc flu hosp,1,2025-12-20,05,quantile,0.85,229
2025-12-13,wk inc flu hosp,1,2025-12-20,05,quantile,0.9,249
2025-12-13,wk inc flu hosp,1,2025-12-20,05,quantile,0.95,273
2025-12-13,wk inc flu hosp,1,2025-12-20,05,quantile,0.975,293
2025-12-13,wk inc flu hosp,1,2025-12-20,05,quantile,0.99,325
2025-12-13,wk inc flu hosp,1,2025-12-20,06,quantile,0.01,172
2025-12-13,wk inc flu hosp,1,2025-12-20,06,quantile,0.025,189
2025-12-13,wk inc flu hosp,1,2025-12-20,06,quantile,0.05,207
2025-12-13,wk inc flu hosp,1,2025-12-20,06,quantile,0.1,232
2025-12-13,wk inc flu hosp,1,2025-12-20,06,quantile,0.15,254
2025-12-13,wk inc flu hosp,1,2025-12-20,06,quantile,0.2,269
2025-12-13,wk inc flu hosp,1,2025-12-20,06,quantile,0.25,282
2025-12-13,wk inc flu hosp,1,2025-12-20,06,quantile,0.3,294
2025-12-13,wk inc flu hosp,1,2025-12-20,06,quantile,0.35,304
2025-12-13,wk inc flu hosp,1,2025-12-20,06,quantile,0.4,318
2025-12-13,wk inc flu hosp,1,2025-12-20,06,quantile,0.45,331
2025-12-13,wk inc flu hosp,1,2025-12-20,06,quantile,0.5,348
2025-12-13,wk inc flu hosp,1,2025-12-20,06,quantile,0.55,362
2025-12-13,wk inc flu hosp,1,2025-12-20,06,quantile,0.6,379
2025-12-13,wk inc flu hosp,1,2025-12-20,06,quantile,0.65,396
2025-12-13,wk inc flu hosp,1,2025-12-20,06,quantile,0.7,412
2025-12-13,wk inc flu hosp,1,2025-12-20,06,quantile,0.75,431
2025-12-13,wk inc flu hosp,1,2025-12-20,06,quantile,0.8,449
2025-12-13,wk inc flu hosp,1,2025-12-20,06,quantile,0.85,478
2025-12-13,wk inc flu hosp,1,2025-12-20,06,quantile,0.9,516
2025-12-13,wk inc flu hosp,1,2025-12-20,06,quantile,0.95,589
2025-12-13,wk inc flu hosp,1,2025-12-20,06,quantile,0.975,661
2025-12-13,wk inc flu hosp,1,2025-12-20,06,quantile,0.99,737
2025-12-13,wk inc flu hosp,1,2025-12-20,08,quantile,0.01,228
2025-12-13,wk inc flu hosp,1,2025-12-20,08,quantile,0.025,256
2025-12-13,wk inc flu hosp,1,2025-12-20,08,quantile,0.05,285
2025-12-13,wk inc flu hosp,1,2025-12-20,08,quantile,0.1,313
2025-12-13,wk inc flu hosp,1,2025-12-20,08,quantile,0.15,336
2025-12-13,wk inc flu hosp,1,2025-12-20,08,quantile,0.2,356
2025-12-13,wk inc flu hosp,1,2025-12-20,08,quantile,0.25,375
2025-12-13,wk inc flu hosp,1,2025-12-20,08,quantile,0.3,392
2025-12-13,wk inc flu hosp,1,2025-12-20,08,quantile,0.35,404
2025-12-13,wk inc flu hosp,1,2025-12-20,08,quantile,0.4,418
2025-12-13,wk inc flu hosp,1,2025-12-20,08,quantile,0.45,433
2025-12-13,wk inc flu hosp,1,2025-12-20,08,quantile,0.5,451
2025-12-13,wk inc flu hosp,1,2025-12-20,08,quantile,0.55,468
2025-12-13,wk inc flu hosp,1,2025-12-20,08,quantile,0.6,484
2025-12-13,wk inc flu hosp,1,2025-12-20,08,quantile,0.65,506
2025-12-13,wk inc flu hosp,1,2025-12-20,08,quantile,0.7,533
2025-12-13,wk inc flu hosp,1,2025-12-20,08,quantile,0.75,556
2025-12-13,wk inc flu hosp,1,2025-12-20,08,quantile,0.8,587
2025-12-13,wk inc flu hosp,1,2025-12-20,08,quantile,0.85,617
2025-12-13,wk inc flu hosp,1,2025-12-20,08,quantile,0.9,666
2025-12-13,wk inc flu hosp,1,2025-12-20,08,quantile,0.95,725
2025-12-13,wk inc flu hosp,1,2025-12-20,08,quantile,0.975,803
2025-12-13,wk inc flu hosp,1,2025-12-20,08,quantile,0.99,876
2025-12-13,wk inc flu hosp,1,2025-12-20,09,quantile,0.01,43
2025-12-13,wk inc flu hosp,1,2025-12-20,09,quantile,0.025,47
2025-12-13,wk inc flu hosp,1,2025-12-20,09,quantile,0.05,49
2025-12-13,wk inc flu hosp,1,2025-12-20,09,quantile,0.1,53
2025-12-13,wk inc flu hosp,1,2025-12-20,09,quantile,0.15,56
2025-12-13,wk inc flu hosp,1,2025-12-20,09,quantile,0.2,59
2025-12-13,wk inc flu hosp,1,2025-12-20,09,quantile,0.25,61
2025-12-13,wk inc flu hosp,1,2025-12-20,09,quantile,0.3,63
2025-12-13,wk inc flu hosp,1,2025-12-20,09,quantile,0.35,65
2025-12-13,wk inc flu hosp,1,2025-12-20,09,quantile,0.4,68
2025-12-13,wk inc flu hosp,1,2025-12-20,09,quantile,0.45,70
2025-12-13,wk inc flu hosp,1,2025-12-20,09,quantile,0.5,72
2025-12-13,wk inc flu hosp,1,2025-12-20,09,quantile,0.55,74
2025-12-13,wk inc flu hosp,1,2025-12-20,09,quantile,0.6,77
2025-12-13,wk inc flu hosp,1,2025-12-20,09,quantile,0.65,80
2025-12-13,wk inc flu hosp,1,2025-12-20,09,quantile,0.7,83
2025-12-13,wk inc flu hosp,1,2025-12-20,09,quantile,0.75,87
2025-12-13,wk inc flu hosp,1,2025-12-20,09,quantile,0.8,91
2025-12-13,wk inc flu hosp,1,2025-12-20,09,quantile,0.85,96
2025-12-13,wk inc flu hosp,1,2025-12-20,09,quantile,0.9,108
2025-12-13,wk inc flu hosp,1,2025-12-20,09,quantile,0.95,131
2025-12-13,wk inc flu hosp,1,2025-12-20,09,quantile,0.975,150
2025-12-13,wk inc flu hosp,1,2025-12-20,09,quantile,0.99,171
2025-12-13,wk inc flu hosp,1,2025-12-20,10,quantile,0.01,2
2025-12-13,wk inc flu hosp,1,2025-12-20,10,quantile,0.025,3
2025-12-13,wk inc flu hosp,1,2025-12-20,10,quantile,0.05,4
2025-12-13,wk inc flu hosp,1,2025-12-20,10,quantile,0.1,6
2025-12-13,wk inc flu hosp,1,2025-12-20,10,quantile,0.15,7
2025-12-13,wk inc flu hosp,1,2025-12-20,10,quantile,0.2,8
2025-12-13,wk inc flu hosp,1,2025-12-20,10,quantile,0.25,9
2025-12-13,wk inc flu hosp,1,2025-12-20,10,quantile,0.3,10
2025-12-13,wk inc flu hosp,1,2025-12-20,10,quantile,0.35,11
2025-12-13,wk inc flu hosp,1,2025-12-20,10,quantile,0.4,12
2025-12-13,wk inc flu hosp,1,2025-12-20,10,quantile,0.45,13
2025-12-13,wk inc flu hosp,1,2025-12-20,10,quantile,0.5,14
2025-12-13,wk inc flu hosp,1,2025-12-20,10,quantile,0.55,15
2025-12-13,wk inc flu hosp,1,2025-12-20,10,quantile,0.6,17
2025-12-13,wk inc flu hosp,1,2025-12-20,10,quantile,0.65,18
2025-12-13,wk inc flu hosp,1,2025-12-20,10,quantile,0.7,19
2025-12-13,wk inc flu hosp,1,2025-12-20,10,quantile,0.75,21
2025-12-13,wk inc flu hosp,1,2025-12-20,10,quantile,0.8,23
2025-12-13,wk inc flu hosp,1,2025-12-20,10,quantile,0.85,26
2025-12-13,wk inc flu hosp,1,2025-12-20,10,quantile,0.9,30
2025-12-13,wk inc flu hosp,1,2025-12-20,10,quantile,0.95,37
2025-12-13,wk inc flu hosp,1,2025-12-20,10,quantile,0.975,46
2025-12-13,wk inc flu hosp,1,2025-12-20,10,quantile,0.99,54
2025-12-13,wk inc flu hosp,1,2025-12-20,11,quantile,0.01,12
2025-12-13,wk inc flu hosp,1,2025-12-20,11,quantile,0.025,15
2025-12-13,wk inc flu hosp,1,2025-12-20,11,quantile,0.05,17
2025-12-13,wk inc flu hosp,1,2025-12-20,11,quantile,0.1,20
2025-12-13,wk inc flu hosp,1,2025-12-20,11,quantile,0.15,23
2025-12-13,wk inc flu hosp,1,2025-12-20,11,quantile,0.2,26
2025-12-13,wk inc flu hosp,1,2025-12-20,11,quantile,0.25,28
2025-12-13,wk inc flu hosp,1,2025-12-20,11,quantile,0.3,30
2025-12-13,wk inc flu hosp,1,2025-12-20,11,quantile,0.35,32
2025-12-13,wk inc flu hosp,1,2025-12-20,11,quantile,0.4,35
2025-12-13,wk inc flu hosp,1,2025-12-20,11,quantile,0.45,37
2025-12-13,wk inc flu hosp,1,2025-12-20,11,quantile,0.5,39
2025-12-13,wk inc flu hosp,1,2025-12-20,11,quantile,0.55,41
2025-12-13,wk inc flu hosp,1,2025-12-20,11,quantile,0.6,44
2025-12-13,wk inc flu hosp,1,2025-12-20,11,quantile,0.65,47
2025-12-13,wk inc flu hosp,1,2025-12-20,11,quantile,0.7,50
2025-12-13,wk inc flu hosp,1,2025-12-20,11,quantile,0.75,54
2025-12-13,wk inc flu hosp,1,2025-12-20,11,quantile,0.8,57
2025-12-13,wk inc flu hosp,1,2025-12-20,11,quantile,0.85,60
2025-12-13,wk inc flu hosp,1,2025-12-20,11,quantile,0.9,69
2025-12-13,wk inc flu hosp,1,2025-12-20,11,quantile,0.95,83
2025-12-13,wk inc flu hosp,1,2025-12-20,11,quantile,0.975,98
2025-12-13,wk inc flu hosp,1,2025-12-20,11,quantile,0.99,115
2025-12-13,wk inc flu hosp,1,2025-12-20,12,quantile,0.01,583
2025-12-13,wk inc flu hosp,1,2025-12-20,12,quantile,0.025,633
2025-12-13,wk inc flu hosp,1,2025-12-20,12,quantile,0.05,675
2025-12-13,wk inc flu hosp,1,2025-12-20,12,quantile,0.1,731
2025-12-13,wk inc flu hosp,1,2025-12-20,12,quantile,0.15,776
2025-12-13,wk inc flu hosp,1,2025-12-20,12,quantile,0.2,814
2025-12-13,wk inc flu hosp,1,2025-12-20,12,quantile,0.25,856
2025-12-13,wk inc flu hosp,1,2025-12-20,12,quantile,0.3,897
2025-12-13,wk inc flu hosp,1,2025-12-20,12,quantile,0.35,925
2025-12-13,wk inc flu hosp,1,2025-12-20,12,quantile,0.4,960
2025-12-13,wk inc flu hosp,1,2025-12-20,12,quantile,0.45,989
2025-12-13,wk inc flu hosp,1,2025-12-20,12,quantile,0.5,1024
2025-12-13,wk inc flu hosp,1,2025-12-20,12,quantile,0.55,1060
2025-12-13,wk inc flu hosp,1,2025-12-20,12,quantile,0.6,1096
2025-12-13,wk inc flu hosp,1,2025-12-20,12,quantile,0.65,1131
2025-12-13,wk inc flu hosp,1,2025-12-20,12,quantile,0.7,1177
2025-12-13,wk inc flu hosp,1,2025-12-20,12,quantile,0.75,1227
2025-12-13,wk inc flu hosp,1,2025-12-20,12,quantile,0.8,1296
2025-12-13,wk inc flu hosp,1,2025-12-20,12,quantile,0.85,1353
2025-12-13,wk inc flu hosp,1,2025-12-20,12,quantile,0.9,1430
2025-12-13,wk inc flu hosp,1,2025-12-20,12,quantile,0.95,1566
2025-12-13,wk inc flu hosp,1,2025-12-20,12,quantile,0.975,1710
2025-12-13,wk inc flu hosp,1,2025-12-20,12,quantile,0.99,1831
2025-12-13,wk inc flu hosp,1,2025-12-20,13,quantile,0.01,99
2025-12-13,wk inc flu hosp,1,2025-12-20,13,quantile,0.025,142
2025-12-13,wk inc flu hosp,1,2025-12-20,13,quantile,0.05,151
2025-12-13,wk inc flu hosp,1,2025-12-20,13,quantile,0.1,168
2025-12-13,wk inc flu hosp,1,2025-12-20,13,quantile,0.15,180
2025-12-13,wk inc flu hosp,1,2025-12-20,13,quantile,0.2,188
2025-12-13,wk inc flu hosp,1,2025-12-20,13,quantile,0.25,197
2025-12-13,wk inc flu hosp,1,2025-12-20,13,quantile,0.3,205
2025-12-13,wk inc flu hosp,1,2025-12-20,13,quantile,0.35,214
2025-12-13,wk inc flu hosp,1,2025-12-20,13,quantile,0.4,227
2025-12-13,wk inc flu hosp,1,2025-12-20,13,quantile,0.45,237
2025-12-13,wk inc flu hosp,1,2025-12-20,13,quantile,0.5,250
2025-12-13,wk inc flu hosp,1,2025-12-20,13,quantile,0.55,259
2025-12-13,wk inc flu hosp,1,2025-12-20,13,quantile,0.6,270
2025-12-13,wk inc flu hosp,1,2025-12-20,13,quantile,0.65,279
2025-12-13,wk inc flu hosp,1,2025-12-20,13,quantile,0.7,292
2025-12-13,wk inc flu hosp,1,2025-12-20,13,quantile,0.75,305
2025-12-13,wk inc flu hosp,1,2025-12-20,13,quantile,0.8,321
2025-12-13,wk inc flu hosp,1,2025-12-20,13,quantile,0.85,342
2025-12-13,wk inc flu hosp,1,2025-12-20,13,quantile,0.9,366
2025-12-13,wk inc flu hosp,1,2025-12-20,13,quantile,0.95,408
2025-12-13,wk inc flu hosp,1,2025-12-20,13,quantile,0.975,456
2025-12-13,wk inc flu hosp,1,2025-12-20,13,quantile,0.99,501
2025-12-13,wk inc flu hosp,1,2025-12-20,15,quantile,0.01,27
2025-12-13,wk inc flu hosp,1,2025-12-20,15,quantile,0.025,33
2025-12-13,wk inc flu hosp,1,2025-12-20,15,quantile,0.05,37
2025-12-13,wk inc flu hosp,1,2025-12-20,15,quantile,0.1,43
2025-12-13,wk inc flu hosp,1,2025-12-20,15,quantile,0.15,49
2025-12-13,wk inc flu hosp,1,2025-12-20,15,quantile,0.2,53
2025-12-13,wk inc flu hosp,1,2025-12-20,15,quantile,0.25,56
2025-12-13,wk inc flu hosp,1,2025-12-20,15,quantile,0.3,60
2025-12-13,wk inc flu hosp,1,2025-12-20,15,quantile,0.35,63
2025-12-13,wk inc flu hosp,1,2025-12-20,15,quantile,0.4,65
2025-12-13,wk inc flu hosp,1,2025-12-20,15,quantile,0.45,69
2025-12-13,wk inc flu hosp,1,2025-12-20,15,quantile,0.5,72
2025-12-13,wk inc flu hosp,1,2025-12-20,15,quantile,0.55,75
2025-12-13,wk inc flu hosp,1,2025-12-20,15,quantile,0.6,79
2025-12-13,wk inc flu hosp,1,2025-12-20,15,quantile,0.65,82
2025-12-13,wk inc flu hosp,1,2025-12-20,15,quantile,0.7,87
2025-12-13,wk inc flu hosp,1,2025-12-20,15,quantile,0.75,93
2025-12-13,wk inc flu hosp,1,2025-12-20,15,quantile,0.8,99
2025-12-13,wk inc flu hosp,1,2025-12-20,15,quantile,0.85,105
2025-12-13,wk inc flu hosp,1,2025-12-20,15,quantile,0.9,117
2025-12-13,wk inc flu hosp,1,2025-12-20,15,quantile,0.95,134
2025-12-13,wk inc flu hosp,1,2025-12-20,15,quantile,0.975,149
2025-12-13,wk inc flu hosp,1,2025-12-20,15,quantile,0.99,171
2025-12-13,wk inc flu hosp,1,2025-12-20,16,quantile,0.01,24
2025-12-13,wk inc flu hosp,1,2025-12-20,16,quantile,0.025,27
2025-12-13,wk inc flu hosp,1,2025-12-20,16,quantile,0.05,31
2025-12-13,wk inc flu hosp,1,2025-12-20,16,quantile,0.1,36
2025-12-13,wk inc flu hosp,1,2025-12-20,16,quantile,0.15,40
2025-12-13,wk inc flu hosp,1,2025-12-20,16,quantile,0.2,44
2025-12-13,wk inc flu hosp,1,2025-12-20,16,quantile,0.25,47
2025-12-13,wk inc flu hosp,1,2025-12-20,16,quantile,0.3,50
2025-12-13,wk inc flu hosp,1,2025-12-20,16,quantile,0.35,53
2025-12-13,wk inc flu hosp,1,2025-12-20,16,quantile,0.4,57
2025-12-13,wk inc flu hosp,1,2025-12-20,16,quantile,0.45,61
2025-12-13,wk inc flu hosp,1,2025-12-20,16,quantile,0.5,63
2025-12-13,wk inc flu hosp,1,2025-12-20,16,quantile,0.55,66
2025-12-13,wk inc flu hosp,1,2025-12-20,16,quantile,0.6,71
2025-12-13,wk inc flu hosp,1,2025-12-20,16,quantile,0.65,76
2025-12-13,wk inc flu hosp,1,2025-12-20,16,quantile,0.7,80
2025-12-13,wk inc flu hosp,1,2025-12-20,16,quantile,0.75,85
2025-12-13,wk inc flu hosp,1,2025-12-20,16,quantile,0.8,91
2025-12-13,wk inc flu hosp,1,2025-12-20,16,quantile,0.85,97
2025-12-13,wk inc flu hosp,1,2025-12-20,16,quantile,0.9,107
2025-12-13,wk inc flu hosp,1,2025-12-20,16,quantile,0.95,122
2025-12-13,wk inc flu hosp,1,2025-12-20,16,quantile,0.975,137
2025-12-13,wk inc flu hosp,1,2025-12-20,16,quantile,0.99,157
2025-12-13,wk inc flu hosp,1,2025-12-20,17,quantile,0.01,173
2025-12-13,wk inc flu hosp,1,2025-12-20,17,quantile,0.025,191
2025-12-13,wk inc flu hosp,1,2025-12-20,17,quantile,0.05,209
2025-12-13,wk inc flu hosp,1,2025-12-20,17,quantile,0.1,238
2025-12-13,wk inc flu hosp,1,2025-12-20,17,quantile,0.15,254
2025-12-13,wk inc flu hosp,1,2025-12-20,17,quantile,0.2,272
2025-12-13,wk inc flu hosp,1,2025-12-20,17,quantile,0.25,285
2025-12-13,wk inc flu hosp,1,2025-12-20,17,quantile,0.3,296
2025-12-13,wk inc flu hosp,1,2025-12-20,17,quantile,0.35,310
2025-12-13,wk inc flu hosp,1,2025-12-20,17,quantile,0.4,324
2025-12-13,wk inc flu hosp,1,2025-12-20,17,quantile,0.45,336
2025-12-13,wk inc flu hosp,1,2025-12-20,17,quantile,0.5,350
2025-12-13,wk inc flu hosp,1,2025-12-20,17,quantile,0.55,366
2025-12-13,wk inc flu hosp,1,2025-12-20,17,quantile,0.6,381
2025-12-13,wk inc flu hosp,1,2025-12-20,17,quantile,0.65,400
2025-12-13,wk inc flu hosp,1,2025-12-20,17,quantile,0.7,420
2025-12-13,wk inc flu hosp,1,2025-12-20,17,quantile,0.75,437
2025-12-13,wk inc flu hosp,1,2025-12-20,17,quantile,0.8,459
2025-12-13,wk inc flu hosp,1,2025-12-20,17,quantile,0.85,483
2025-12-13,wk inc flu hosp,1,2025-12-20,17,quantile,0.9,521
2025-12-13,wk inc flu hosp,1,2025-12-20,17,quantile,0.95,594
2025-12-13,wk inc flu hosp,1,2025-12-20,17,quantile,0.975,665
2025-12-13,wk inc flu hosp,1,2025-12-20,17,quantile,0.99,788
2025-12-13,wk inc flu hosp,1,2025-12-20,18,quantile,0.01,89
2025-12-13,wk inc flu hosp,1,2025-12-20,18,quantile,0.025,100
2025-12-13,wk inc flu hosp,1,2025-12-20,18,quantile,0.05,112
2025-12-13,wk inc flu hosp,1,2025-12-20,18,quantile,0.1,123
2025-12-13,wk inc flu hosp,1,2025-12-20,18,quantile,0.15,135
2025-12-13,wk inc flu hosp,1,2025-12-20,18,quantile,0.2,143
2025-12-13,wk inc flu hosp,1,2025-12-20,18,quantile,0.25,154
2025-12-13,wk inc flu hosp,1,2025-12-20,18,quantile,0.3,162
2025-12-13,wk inc flu hosp,1,2025-12-20,18,quantile,0.35,169
2025-12-13,wk inc flu hosp,1,2025-12-20,18,quantile,0.4,176
2025-12-13,wk inc flu hosp,1,2025-12-20,18,quantile,0.45,185
2025-12-13,wk inc flu hosp,1,2025-12-20,18,quantile,0.5,194
2025-12-13,wk inc flu hosp,1,2025-12-20,18,quantile,0.55,201
2025-12-13,wk inc flu hosp,1,2025-12-20,18,quantile,0.6,210
2025-12-13,wk inc flu hosp,1,2025-12-20,18,quantile,0.65,220
2025-12-13,wk inc flu hosp,1,2025-12-20,18,quantile,0.7,232
2025-12-13,wk inc flu hosp,1,2025-12-20,18,quantile,0.75,242
2025-12-13,wk inc flu hosp,1,2025-12-20,18,quantile,0.8,252
2025-12-13,wk inc flu hosp,1,2025-12-20,18,quantile,0.85,269
2025-12-13,wk inc flu hosp,1,2025-12-20,18,quantile,0.9,296
2025-12-13,wk inc flu hosp,1,2025-12-20,18,quantile,0.95,339
2025-12-13,wk inc flu hosp,1,2025-12-20,18,quantile,0.975,377
2025-12-13,wk inc flu hosp,1,2025-12-20,18,quantile,0.99,418
2025-12-13,wk inc flu hosp,1,2025-12-20,19,quantile,0.01,10
2025-12-13,wk inc flu hosp,1,2025-12-20,19,quantile,0.025,12
2025-12-13,wk inc flu hosp,1,2025-12-20,19,quantile,0.05,15
2025-12-13,wk inc flu hosp,1,2025-12-20,19,quantile,0.1,18
2025-12-13,wk inc flu hosp,1,2025-12-20,19,quantile,0.15,21
2025-12-13,wk inc flu hosp,1,2025-12-20,19,quantile,0.2,24
2025-12-13,wk inc flu hosp,1,2025-12-20,19,quantile,0.25,26
2025-12-13,wk inc flu hosp,1,2025-12-20,19,quantile,0.3,28
2025-12-13,wk inc flu hosp,1,2025-12-20,19,quantile,0.35,31
2025-12-13,wk inc flu hosp,1,2025-12-20,19,quantile,0.4,34
2025-12-13,wk inc flu hosp,1,2025-12-20,19,quantile,0.45,36
2025-12-13,wk inc flu hosp,1,2025-12-20,19,quantile,0.5,38
2025-12-13,wk inc flu hosp,1,2025-12-20,19,quantile,0.55,40
2025-12-13,wk inc flu hosp,1,2025-12-20,19,quantile,0.6,42
2025-12-13,wk inc flu hosp,1,2025-12-20,19,quantile,0.65,45
2025-12-13,wk inc flu hosp,1,2025-12-20,19,quantile,0.7,48
2025-12-13,wk inc flu hosp,1,2025-12-20,19,quantile,0.75,52
2025-12-13,wk inc flu hosp,1,2025-12-20,19,quantile,0.8,56
2025-12-13,wk inc flu hosp,1,2025-12-20,19,quantile,0.85,60
2025-12-13,wk inc flu hosp,1,2025-12-20,19,quantile,0.9,67
2025-12-13,wk inc flu hosp,1,2025-12-20,19,quantile,0.95,81
2025-12-13,wk inc flu hosp,1,2025-12-20,19,quantile,0.975,93
2025-12-13,wk inc flu hosp,1,2025-12-20,19,quantile,0.99,110
2025-12-13,wk inc flu hosp,1,2025-12-20,20,quantile,0.01,7
2025-12-13,wk inc flu hosp,1,2025-12-20,20,quantile,0.025,10
2025-12-13,wk inc flu hosp,1,2025-12-20,20,quantile,0.05,11
2025-12-13,wk inc flu hosp,1,2025-12-20,20,quantile,0.1,15
2025-12-13,wk inc flu hosp,1,2025-12-20,20,quantile,0.15,17
2025-12-13,wk inc flu hosp,1,2025-12-20,20,quantile,0.2,19
2025-12-13,wk inc flu hosp,1,2025-12-20,20,quantile,0.25,21
2025-12-13,wk inc flu hosp,1,2025-12-20,20,quantile,0.3,23
2025-12-13,wk inc flu hosp,1,2025-12-20,20,quantile,0.35,24
2025-12-13,wk inc flu hosp,1,2025-12-20,20,quantile,0.4,26
2025-12-13,wk inc flu hosp,1,2025-12-20,20,quantile,0.45,27
2025-12-13,wk inc flu hosp,1,2025-12-20,20,quantile,0.5,30
2025-12-13,wk inc flu hosp,1,2025-12-20,20,quantile,0.55,32
2025-12-13,wk inc flu hosp,1,2025-12-20,20,quantile,0.6,34
2025-12-13,wk inc flu hosp,1,2025-12-20,20,quantile,0.65,36
2025-12-13,wk inc flu hosp,1,2025-12-20,20,quantile,0.7,39
2025-12-13,wk inc flu hosp,1,2025-12-20,20,quantile,0.75,43
2025-12-13,wk inc flu hosp,1,2025-12-20,20,quantile,0.8,46
2025-12-13,wk inc flu hosp,1,2025-12-20,20,quantile,0.85,52
2025-12-13,wk inc flu hosp,1,2025-12-20,20,quantile,0.9,60
2025-12-13,wk inc flu hosp,1,2025-12-20,20,quantile,0.95,71
2025-12-13,wk inc flu hosp,1,2025-12-20,20,quantile,0.975,86
2025-12-13,wk inc flu hosp,1,2025-12-20,20,quantile,0.99,110
2025-12-13,wk inc flu hosp,1,2025-12-20,21,quantile,0.01,33
2025-12-13,wk inc flu hosp,1,2025-12-20,21,quantile,0.025,37
2025-12-13,wk inc flu hosp,1,2025-12-20,21,quantile,0.05,42
2025-12-13,wk inc flu hosp,1,2025-12-20,21,quantile,0.1,49
2025-12-13,wk inc flu hosp,1,2025-12-20,21,quantile,0.15,52
2025-12-13,wk inc flu hosp,1,2025-12-20,21,quantile,0.2,58
2025-12-13,wk inc flu hosp,1,2025-12-20,21,quantile,0.25,62
2025-12-13,wk inc flu hosp,1,2025-12-20,21,quantile,0.3,66
2025-12-13,wk inc flu hosp,1,2025-12-20,21,quantile,0.35,70
2025-12-13,wk inc flu hosp,1,2025-12-20,21,quantile,0.4,74
2025-12-13,wk inc flu hosp,1,2025-12-20,21,quantile,0.45,77
2025-12-13,wk inc flu hosp,1,2025-12-20,21,quantile,0.5,81
2025-12-13,wk inc flu hosp,1,2025-12-20,21,quantile,0.55,85
2025-12-13,wk inc flu hosp,1,2025-12-20,21,quantile,0.6,90
2025-12-13,wk inc flu hosp,1,2025-12-20,21,quantile,0.65,94
2025-12-13,wk inc flu hosp,1,2025-12-20,21,quantile,0.7,99
2025-12-13,wk inc flu hosp,1,2025-12-20,21,quantile,0.75,104
2025-12-13,wk inc flu hosp,1,2025-12-20,21,quantile,0.8,110
2025-12-13,wk inc flu hosp,1,2025-12-20,21,quantile,0.85,119
2025-12-13,wk inc flu hosp,1,2025-12-20,21,quantile,0.9,129
2025-12-13,wk inc flu hosp,1,2025-12-20,21,quantile,0.95,148
2025-12-13,wk inc flu hosp,1,2025-12-20,21,quantile,0.975,165
2025-12-13,wk inc flu hosp,1,2025-12-20,21,quantile,0.99,191
2025-12-13,wk inc flu hosp,1,2025-12-20,22,quantile,0.01,122
2025-12-13,wk inc flu hosp,1,2025-12-20,22,quantile,0.025,138
2025-12-13,wk inc flu hosp,1,2025-12-20,22,quantile,0.05,153
2025-12-13,wk inc flu hosp,1,2025-12-20,22,quantile,0.1,171
2025-12-13,wk inc flu hosp,1,2025-12-20,22,quantile,0.15,181
2025-12-13,wk inc flu hosp,1,2025-12-20,22,quantile,0.2,192
2025-12-13,wk inc flu hosp,1,2025-12-20,22,quantile,0.25,200
2025-12-13,wk inc flu hosp,1,2025-12-20,22,quantile,0.3,210
2025-12-13,wk inc flu hosp,1,2025-12-20,22,quantile,0.35,220
2025-12-13,wk inc flu hosp,1,2025-12-20,22,quantile,0.4,227
2025-12-13,wk inc flu hosp,1,2025-12-20,22,quantile,0.45,235
2025-12-13,wk inc flu hosp,1,2025-12-20,22,quantile,0.5,244
2025-12-13,wk inc flu hosp,1,2025-12-20,22,quantile,0.55,253
2025-12-13,wk inc flu hosp,1,2025-12-20,22,quantile,0.6,265
2025-12-13,wk inc flu hosp,1,2025-12-20,22,quantile,0.65,275
2025-12-13,wk inc flu hosp,1,2025-12-20,22,quantile,0.7,285
2025-12-13,wk inc flu hosp,1,2025-12-20,22,quantile,0.75,299
2025-12-13,wk inc flu hosp,1,2025-12-20,22,quantile,0.8,317
2025-12-13,wk inc flu hosp,1,2025-12-20,22,quantile,0.85,335
2025-12-13,wk inc flu hosp,1,2025-12-20,22,quantile,0.9,359
2025-12-13,wk inc flu hosp,1,2025-12-20,22,quantile,0.95,403
2025-12-13,wk inc flu hosp,1,2025-12-20,22,quantile,0.975,435
2025-12-13,wk inc flu hosp,1,2025-12-20,22,quantile,0.99,461
2025-12-13,wk inc flu hosp,1,2025-12-20,23,quantile,0.01,12
2025-12-13,wk inc flu hosp,1,2025-12-20,23,quantile,0.025,14
2025-12-13,wk inc flu hosp,1,2025-12-20,23,quantile,0.05,16
2025-12-13,wk inc flu hosp,1,2025-12-20,23,quantile,0.1,21
2025-12-13,wk inc flu hosp,1,2025-12-20,23,quantile,0.15,23
2025-12-13,wk inc flu hosp,1,2025-12-20,23,quantile,0.2,26
2025-12-13,wk inc flu hosp,1,2025-12-20,23,quantile,0.25,28
2025-12-13,wk inc flu hosp,1,2025-12-20,23,quantile,0.3,31
2025-12-13,wk inc flu hosp,1,2025-12-20,23,quantile,0.35,33
2025-12-13,wk inc flu hosp,1,2025-12-20,23,quantile,0.4,36
2025-12-13,wk inc flu hosp,1,2025-12-20,23,quantile,0.45,38
2025-12-13,wk inc flu hosp,1,2025-12-20,23,quantile,0.5,41
2025-12-13,wk inc flu hosp,1,2025-12-20,23,quantile,0.55,43
2025-12-13,wk inc flu hosp,1,2025-12-20,23,quantile,0.6,46
2025-12-13,wk inc flu hosp,1,2025-12-20,23,quantile,0.65,50
2025-12-13,wk inc flu hosp,1,2025-12-20,23,quantile,0.7,54
2025-12-13,wk inc flu hosp,1,2025-12-20,23,quantile,0.75,58
2025-12-13,wk inc flu hosp,1,2025-12-20,23,quantile,0.8,63
2025-12-13,wk inc flu hosp,1,2025-12-20,23,quantile,0.85,70
2025-12-13,wk inc flu hosp,1,2025-12-20,23,quantile,0.9,82
2025-12-13,wk inc flu hosp,1,2025-12-20,23,quantile,0.95,97
2025-12-13,wk inc flu hosp,1,2025-12-20,23,quantile,0.975,112
2025-12-13,wk inc flu hosp,1,2025-12-20,23,quantile,0.99,134
2025-12-13,wk inc flu hosp,1,2025-12-20,24,quantile,0.01,134
2025-12-13,wk inc flu hosp,1,2025-12-20,24,quantile,0.025,152
2025-12-13,wk inc flu hosp,1,2025-12-20,24,quantile,0.05,170
2025-12-13,wk inc flu hosp,1,2025-12-20,24,quantile,0.1,187
2025-12-13,wk inc flu hosp,1,2025-12-20,24,quantile,0.15,201
2025-12-13,wk inc flu hosp,1,2025-12-20,24,quantile,0.2,217
2025-12-13,wk inc flu hosp,1,2025-12-20,24,quantile,0.25,231
2025-12-13,wk inc flu hosp,1,2025-12-20,24,quantile,0.3,241
2025-12-13,wk inc flu hosp,1,2025-12-20,24,quantile,0.35,251
2025-12-13,wk inc flu hosp,1,2025-12-20,24,quantile,0.4,265
2025-12-13,wk inc flu hosp,1,2025-12-20,24,quantile,0.45,277
2025-12-13,wk inc flu hosp,1,2025-12-20,24,quantile,0.5,286
2025-12-13,wk inc flu hosp,1,2025-12-20,24,quantile,0.55,298
2025-12-13,wk inc flu hosp,1,2025-12-20,24,quantile,0.6,311
2025-12-13,wk inc flu hosp,1,2025-12-20,24,quantile,0.65,325
2025-12-13,wk inc flu hosp,1,2025-12-20,24,quantile,0.7,341
2025-12-13,wk inc flu hosp,1,2025-12-20,24,quantile,0.75,359
2025-12-13,wk inc flu hosp,1,2025-12-20,24,quantile,0.8,379
2025-12-13,wk inc flu hosp,1,2025-12-20,24,quantile,0.85,406
2025-12-13,wk inc flu hosp,1,2025-12-20,24,quantile,0.9,440
2025-12-13,wk inc flu hosp,1,2025-12-20,24,quantile,0.95,489
2025-12-13,wk inc flu hosp,1,2025-12-20,24,quantile,0.975,546
2025-12-13,wk inc flu hosp,1,2025-12-20,24,quantile,0.99,615
2025-12-13,wk inc flu hosp,1,2025-12-20,25,quantile,0.01,115
2025-12-13,wk inc flu hosp,1,2025-12-20,25,quantile,0.025,125
2025-12-13,wk inc flu hosp,1,2025-12-20,25,quantile,0.05,139
2025-12-13,wk inc flu hosp,1,2025-12-20,25,quantile,0.1,165
2025-12-13,wk inc flu hosp,1,2025-12-20,25,quantile,0.15,179
2025-12-13,wk inc flu hosp,1,2025-12-20,25,quantile,0.2,193
2025-12-13,wk inc flu hosp,1,2025-12-20,25,quantile,0.25,207
2025-12-13,wk inc flu hosp,1,2025-12-20,25,quantile,0.3,217
2025-12-13,wk inc flu hosp,1,2025-12-20,25,quantile,0.35,227
2025-12-13,wk inc flu hosp,1,2025-12-20,25,quantile,0.4,235
2025-12-13,wk inc flu hosp,1,2025-12-20,25,quantile,0.45,247
2025-12-13,wk inc flu hosp,1,2025-12-20,25,quantile,0.5,256
2025-12-13,wk inc flu hosp,1,2025-12-20,25,quantile,0.55,264
2025-12-13,wk inc flu hosp,1,2025-12-20,25,quantile,0.6,275
2025-12-13,wk inc flu hosp,1,2025-12-20,25,quantile,0.65,290
2025-12-13,wk inc flu hosp,1,2025-12-20,25,quantile,0.7,306
2025-12-13,wk inc flu hosp,1,2025-12-20,25,quantile,0.75,324
2025-12-13,wk inc flu hosp,1,2025-12-20,25,quantile,0.8,349
2025-12-13,wk inc flu hosp,1,2025-12-20,25,quantile,0.85,374
2025-12-13,wk inc flu hosp,1,2025-12-20,25,quantile,0.9,410
2025-12-13,wk inc flu hosp,1,2025-12-20,25,quantile,0.95,471
2025-12-13,wk inc flu hosp,1,2025-12-20,25,quantile,0.975,518
2025-12-13,wk inc flu hosp,1,2025-12-20,25,quantile,0.99,572
2025-12-13,wk inc flu hosp,1,2025-12-20,26,quantile,0.01,61
2025-12-13,wk inc flu hosp,1,2025-12-20,26,quantile,0.025,68
2025-12-13,wk inc flu hosp,1,2025-12-20,26,quantile,0.05,79
2025-12-13,wk inc flu hosp,1,2025-12-20,26,quantile,0.1,90
2025-12-13,wk inc flu hosp,1,2025-12-20,26,quantile,0.15,97
2025-12-13,wk inc flu hosp,1,2025-12-20,26,quantile,0.2,104
2025-12-13,wk inc flu hosp,1,2025-12-20,26,quantile,0.25,109
2025-12-13,wk inc flu hosp,1,2025-12-20,26,quantile,0.3,115
2025-12-13,wk inc flu hosp,1,2025-12-20,26,quantile,0.35,121
2025-12-13,wk inc flu hosp,1,2025-12-20,26,quantile,0.4,126
2025-12-13,wk inc flu hosp,1,2025-12-20,26,quantile,0.45,130
2025-12-13,wk inc flu hosp,1,2025-12-20,26,quantile,0.5,135
2025-12-13,wk inc flu hosp,1,2025-12-20,26,quantile,0.55,142
2025-12-13,wk inc flu hosp,1,2025-12-20,26,quantile,0.6,149
2025-12-13,wk inc flu hosp,1,2025-12-20,26,quantile,0.65,156
2025-12-13,wk inc flu hosp,1,2025-12-20,26,quantile,0.7,162
2025-12-13,wk inc flu hosp,1,2025-12-20,26,quantile,0.75,171
2025-12-13,wk inc flu hosp,1,2025-12-20,26,quantile,0.8,180
2025-12-13,wk inc flu hosp,1,2025-12-20,26,quantile,0.85,190
2025-12-13,wk inc flu hosp,1,2025-12-20,26,quantile,0.9,209
2025-12-13,wk inc flu hosp,1,2025-12-20,26,quantile,0.95,235
2025-12-13,wk inc flu hosp,1,2025-12-20,26,quantile,0.975,252
2025-12-13,wk inc flu hosp,1,2025-12-20,26,quantile,0.99,292
2025-12-13,wk inc flu hosp,1,2025-12-20,27,quantile,0.01,129
2025-12-13,wk inc flu hosp,1,2025-12-20,27,quantile,0.025,145
2025-12-13,wk inc flu hosp,1,2025-12-20,27,quantile,0.05,160
2025-12-13,wk inc flu hosp,1,2025-12-20,27,quantile,0.1,180
2025-12-13,wk inc flu hosp,1,2025-12-20,27,quantile,0.15,195
2025-12-13,wk inc flu hosp,1,2025-12-20,27,quantile,0.2,208
2025-12-13,wk inc flu hosp,1,2025-12-20,27,quantile,0.25,219
2025-12-13,wk inc flu hosp,1,2025-12-20,27,quantile,0.3,228
2025-12-13,wk inc flu hosp,1,2025-12-20,27,quantile,0.35,238
2025-12-13,wk inc flu hosp,1,2025-12-20,27,quantile,0.4,252
2025-12-13,wk inc flu hosp,1,2025-12-20,27,quantile,0.45,262
2025-12-13,wk inc flu hosp,1,2025-12-20,27,quantile,0.5,273
2025-12-13,wk inc flu hosp,1,2025-12-20,27,quantile,0.55,286
2025-12-13,wk inc flu hosp,1,2025-12-20,27,quantile,0.6,301
2025-12-13,wk inc flu hosp,1,2025-12-20,27,quantile,0.65,320
2025-12-13,wk inc flu hosp,1,2025-12-20,27,quantile,0.7,333
2025-12-13,wk inc flu hosp,1,2025-12-20,27,quantile,0.75,353
2025-12-13,wk inc flu hosp,1,2025-12-20,27,quantile,0.8,375
2025-12-13,wk inc flu hosp,1,2025-12-20,27,quantile,0.85,399
2025-12-13,wk inc flu hosp,1,2025-12-20,27,quantile,0.9,431
2025-12-13,wk inc flu hosp,1,2025-12-20,27,quantile,0.95,486
2025-12-13,wk inc flu hosp,1,2025-12-20,27,quantile,0.975,539
2025-12-13,wk inc flu hosp,1,2025-12-20,27,quantile,0.99,615
2025-12-13,wk inc flu hosp,1,2025-12-20,28,quantile,0.01,15
2025-12-13,wk inc flu hosp,1,2025-12-20,28,quantile,0.025,18
2025-12-13,wk inc flu hosp,1,2025-12-20,28,quantile,0.05,21
2025-12-13,wk inc flu hosp,1,2025-12-20,28,quantile,0.1,25
2025-12-13,wk inc flu hosp,1,2025-12-20,28,quantile,0.15,29
2025-12-13,wk inc flu hosp,1,2025-12-20,28,quantile,0.2,31
2025-12-13,wk inc flu hosp,1,2025-12-20,28,quantile,0.25,33
2025-12-13,wk inc flu hosp,1,2025-12-20,28,quantile,0.3,36
2025-12-13,wk inc flu hosp,1,2025-12-20,28,quantile,0.35,38
2025-12-13,wk inc flu hosp,1,2025-12-20,28,quantile,0.4,41
2025-12-13,wk inc flu hosp,1,2025-12-20,28,quantile,0.45,43
2025-12-13,wk inc flu hosp,1,2025-12-20,28,quantile,0.5,46
2025-12-13,wk inc flu hosp,1,2025-12-20,28,quantile,0.55,48
2025-12-13,wk inc flu hosp,1,2025-12-20,28,quantile,0.6,51
2025-12-13,wk inc flu hosp,1,2025-12-20,28,quantile,0.65,54
2025-12-13,wk inc flu hosp,1,2025-12-20,28,quantile,0.7,57
2025-12-13,wk inc flu hosp,1,2025-12-20,28,quantile,0.75,61
2025-12-13,wk inc flu hosp,1,2025-12-20,28,quantile,0.8,66
2025-12-13,wk inc flu hosp,1,2025-12-20,28,quantile,0.85,70
2025-12-13,wk inc flu hosp,1,2025-12-20,28,quantile,0.9,77
2025-12-13,wk inc flu hosp,1,2025-12-20,28,quantile,0.95,91
2025-12-13,wk inc flu hosp,1,2025-12-20,28,quantile,0.975,107
2025-12-13,wk inc flu hosp,1,2025-12-20,28,quantile,0.99,122
2025-12-13,wk inc flu hosp,1,2025-12-20,29,quantile,0.01,45
2025-12-13,wk inc flu hosp,1,2025-12-20,29,quantile,0.025,51
2025-12-13,wk inc flu hosp,1,2025-12-20,29,quantile,0.05,54
2025-12-13,wk inc flu hosp,1,2025-12-20,29,quantile,0.1,64
2025-12-13,wk inc flu hosp,1,2025-12-20,29,quantile,0.15,70
2025-12-13,wk inc flu hosp,1,2025-12-20,29,quantile,0.2,75
2025-12-13,wk inc flu hosp,1,2025-12-20,29,quantile,0.25,81
2025-12-13,wk inc flu hosp,1,2025-12-20,29,quantile,0.3,86
2025-12-13,wk inc flu hosp,1,2025-12-20,29,quantile,0.35,91
2025-12-13,wk inc flu hosp,1,2025-12-20,29,quantile,0.4,95
2025-12-13,wk inc flu hosp,1,2025-12-20,29,quantile,0.45,101
2025-12-13,wk inc flu hosp,1,2025-12-20,29,quantile,0.5,105
2025-12-13,wk inc flu hosp,1,2025-12-20,29,quantile,0.55,110
2025-12-13,wk inc flu hosp,1,2025-12-20,29,quantile,0.6,116
2025-12-13,wk inc flu hosp,1,2025-12-20,29,quantile,0.65,121
2025-12-13,wk inc flu hosp,1,2025-12-20,29,quantile,0.7,127
2025-12-13,wk inc flu hosp,1,2025-12-20,29,quantile,0.75,134
2025-12-13,wk inc flu hosp,1,2025-12-20,29,quantile,0.8,144
2025-12-13,wk inc flu hosp,1,2025-12-20,29,quantile,0.85,159
2025-12-13,wk inc flu hosp,1,2025-12-20,29,quantile,0.9,178
2025-12-13,wk inc flu hosp,1,2025-12-20,29,quantile,0.95,202
2025-12-13,wk inc flu hosp,1,2025-12-20,29,quantile,0.975,224
2025-12-13,wk inc flu hosp,1,2025-12-20,29,quantile,0.99,269
2025-12-13,wk inc flu hosp,1,2025-12-20,30,quantile,0.01,6
2025-12-13,wk inc flu hosp,1,2025-12-20,30,quantile,0.025,8
2025-12-13,wk inc flu hosp,1,2025-12-20,30,quantile,0.05,11
2025-12-13,wk inc flu hosp,1,2025-12-20,30,quantile,0.1,13
2025-12-13,wk inc flu hosp,1,2025-12-20,30,quantile,0.15,15
2025-12-13,wk inc flu hosp,1,2025-12-20,30,quantile,0.2,17
2025-12-13,wk inc flu hosp,1,2025-12-20,30,quantile,0.25,18
2025-12-13,wk inc flu hosp,1,2025-12-20,30,quantile,0.3,20
2025-12-13,wk inc flu hosp,1,2025-12-20,30,quantile,0.35,21
2025-12-13,wk inc flu hosp,1,2025-12-20,30,quantile,0.4,23
2025-12-13,wk inc flu hosp,1,2025-12-20,30,quantile,0.45,24
2025-12-13,wk inc flu hosp,1,2025-12-20,30,quantile,0.5,26
2025-12-13,wk inc flu hosp,1,2025-12-20,30,quantile,0.55,28
2025-12-13,wk inc flu hosp,1,2025-12-20,30,quantile,0.6,30
2025-12-13,wk inc flu hosp,1,2025-12-20,30,quantile,0.65,32
2025-12-13,wk inc flu hosp,1,2025-12-20,30,quantile,0.7,35
2025-12-13,wk inc flu hosp,1,2025-12-20,30,quantile,0.75,38
2025-12-13,wk inc flu hosp,1,2025-12-20,30,quantile,0.8,41
2025-12-13,wk inc flu hosp,1,2025-12-20,30,quantile,0.85,45
2025-12-13,wk inc flu hosp,1,2025-12-20,30,quantile,0.9,52
2025-12-13,wk inc flu hosp,1,2025-12-20,30,quantile,0.95,58
2025-12-13,wk inc flu hosp,1,2025-12-20,30,quantile,0.975,70
2025-12-13,wk inc flu hosp,1,2025-12-20,30,quantile,0.99,83
2025-12-13,wk inc flu hosp,1,2025-12-20,31,quantile,0.01,4
2025-12-13,wk inc flu hosp,1,2025-12-20,31,quantile,0.025,6
2025-12-13,wk inc flu hosp,1,2025-12-20,31,quantile,0.05,8
2025-12-13,wk inc flu hosp,1,2025-12-20,31,quantile,0.1,11
2025-12-13,wk inc flu hosp,1,2025-12-20,31,quantile,0.15,12
2025-12-13,wk inc flu hosp,1,2025-12-20,31,quantile,0.2,13
2025-12-13,wk inc flu hosp,1,2025-12-20,31,quantile,0.25,15
2025-12-13,wk inc flu hosp,1,2025-12-20,31,quantile,0.3,16
2025-12-13,wk inc flu hosp,1,2025-12-20,31,quantile,0.35,17
2025-12-13,wk inc flu hosp,1,2025-12-20,31,quantile,0.4,19
2025-12-13,wk inc flu hosp,1,2025-12-20,31,quantile,0.45,20
2025-12-13,wk inc flu hosp,1,2025-12-20,31,quantile,0.5,21
2025-12-13,wk inc flu hosp,1,2025-12-20,31,quantile,0.55,23
2025-12-13,wk inc flu hosp,1,2025-12-20,31,quantile,0.6,25
2025-12-13,wk inc flu hosp,1,2025-12-20,31,quantile,0.65,27
2025-12-13,wk inc flu hosp,1,2025-12-20,31,quantile,0.7,29
2025-12-13,wk inc flu hosp,1,2025-12-20,31,quantile,0.75,32
2025-12-13,wk inc flu hosp,1,2025-12-20,31,quantile,0.8,36
2025-12-13,wk inc flu hosp,1,2025-12-20,31,quantile,0.85,40
2025-12-13,wk inc flu hosp,1,2025-12-20,31,quantile,0.9,45
2025-12-13,wk inc flu hosp,1,2025-12-20,31,quantile,0.95,53
2025-12-13,wk inc flu hosp,1,2025-12-20,31,quantile,0.975,71
2025-12-13,wk inc flu hosp,1,2025-12-20,31,quantile,0.99,87
2025-12-13,wk inc flu hosp,1,2025-12-20,32,quantile,0.01,13
2025-12-13,wk inc flu hosp,1,2025-12-20,32,quantile,0.025,17
2025-12-13,wk inc flu hosp,1,2025-12-20,32,quantile,0.05,20
2025-12-13,wk inc flu hosp,1,2025-12-20,32,quantile,0.1,24
2025-12-13,wk inc flu hosp,1,2025-12-20,32,quantile,0.15,27
2025-12-13,wk inc flu hosp,1,2025-12-20,32,quantile,0.2,30
2025-12-13,wk inc flu hosp,1,2025-12-20,32,quantile,0.25,33
2025-12-13,wk inc flu hosp,1,2025-12-20,32,quantile,0.3,35
2025-12-13,wk inc flu hosp,1,2025-12-20,32,quantile,0.35,37
2025-12-13,wk inc flu hosp,1,2025-12-20,32,quantile,0.4,40
2025-12-13,wk inc flu hosp,1,2025-12-20,32,quantile,0.45,42
2025-12-13,wk inc flu hosp,1,2025-12-20,32,quantile,0.5,44
2025-12-13,wk inc flu hosp,1,2025-12-20,32,quantile,0.55,46
2025-12-13,wk inc flu hosp,1,2025-12-20,32,quantile,0.6,49
2025-12-13,wk inc flu hosp,1,2025-12-20,32,quantile,0.65,51
2025-12-13,wk inc flu hosp,1,2025-12-20,32,quantile,0.7,55
2025-12-13,wk inc flu hosp,1,2025-12-20,32,quantile,0.75,59
2025-12-13,wk inc flu hosp,1,2025-12-20,32,quantile,0.8,63
2025-12-13,wk inc flu hosp,1,2025-12-20,32,quantile,0.85,68
2025-12-13,wk inc flu hosp,1,2025-12-20,32,quantile,0.9,74
2025-12-13,wk inc flu hosp,1,2025-12-20,32,quantile,0.95,88
2025-12-13,wk inc flu hosp,1,2025-12-20,32,quantile,0.975,97
2025-12-13,wk inc flu hosp,1,2025-12-20,32,quantile,0.99,115
2025-12-13,wk inc flu hosp,1,2025-12-20,33,quantile,0.01,14
2025-12-13,wk inc flu hosp,1,2025-12-20,33,quantile,0.025,17
2025-12-13,wk inc flu hosp,1,2025-12-20,33,quantile,0.05,20
2025-12-13,wk inc flu hosp,1,2025-12-20,33,quantile,0.1,24
2025-12-13,wk inc flu hosp,1,2025-12-20,33,quantile,0.15,26
2025-12-13,wk inc flu hosp,1,2025-12-20,33,quantile,0.2,30
2025-12-13,wk inc flu hosp,1,2025-12-20,33,quantile,0.25,34
2025-12-13,wk inc flu hosp,1,2025-12-20,33,quantile,0.3,36
2025-12-13,wk inc flu hosp,1,2025-12-20,33,quantile,0.35,40
2025-12-13,wk inc flu hosp,1,2025-12-20,33,quantile,0.4,41
2025-12-13,wk inc flu hosp,1,2025-12-20,33,quantile,0.45,44
2025-12-13,wk inc flu hosp,1,2025-12-20,33,quantile,0.5,46
2025-12-13,wk inc flu hosp,1,2025-12-20,33,quantile,0.55,49
2025-12-13,wk inc flu hosp,1,2025-12-20,33,quantile,0.6,52
2025-12-13,wk inc flu hosp,1,2025-12-20,33,quantile,0.65,56
2025-12-13,wk inc flu hosp,1,2025-12-20,33,quantile,0.7,60
2025-12-13,wk inc flu hosp,1,2025-12-20,33,quantile,0.75,64
2025-12-13,wk inc flu hosp,1,2025-12-20,33,quantile,0.8,70
2025-12-13,wk inc flu hosp,1,2025-12-20,33,quantile,0.85,77
2025-12-13,wk inc flu hosp,1,2025-12-20,33,quantile,0.9,86
2025-12-13,wk inc flu hosp,1,2025-12-20,33,quantile,0.95,104
2025-12-13,wk inc flu hosp,1,2025-12-20,33,quantile,0.975,123
2025-12-13,wk inc flu hosp,1,2025-12-20,33,quantile,0.99,137
2025-12-13,wk inc flu hosp,1,2025-12-20,34,quantile,0.01,351
2025-12-13,wk inc flu hosp,1,2025-12-20,34,quantile,0.025,384
2025-12-13,wk inc flu hosp,1,2025-12-20,34,quantile,0.05,418
2025-12-13,wk inc flu hosp,1,2025-12-20,34,quantile,0.1,460
2025-12-13,wk inc flu hosp,1,2025-12-20,34,quantile,0.15,481
2025-12-13,wk inc flu hosp,1,2025-12-20,34,quantile,0.2,506
2025-12-13,wk inc flu hosp,1,2025-12-20,34,quantile,0.25,533
2025-12-13,wk inc flu hosp,1,2025-12-20,34,quantile,0.3,557
2025-12-13,wk inc flu hosp,1,2025-12-20,34,quantile,0.35,580
2025-12-13,wk inc flu hosp,1,2025-12-20,34,quantile,0.4,610
2025-12-13,wk inc flu hosp,1,2025-12-20,34,quantile,0.45,638
2025-12-13,wk inc flu hosp,1,2025-12-20,34,quantile,0.5,661
2025-12-13,wk inc flu hosp,1,2025-12-20,34,quantile,0.55,687
2025-12-13,wk inc flu hosp,1,2025-12-20,34,quantile,0.6,711
2025-12-13,wk inc flu hosp,1,2025-12-20,34,quantile,0.65,742
2025-12-13,wk inc flu hosp,1,2025-12-20,34,quantile,0.7,769
2025-12-13,wk inc flu hosp,1,2025-12-20,34,quantile,0.75,814
2025-12-13,wk inc flu hosp,1,2025-12-20,34,quantile,0.8,872
2025-12-13,wk inc flu hosp,1,2025-12-20,34,quantile,0.85,947
2025-12-13,wk inc flu hosp,1,2025-12-20,34,quantile,0.9,1022
2025-12-13,wk inc flu hosp,1,2025-12-20,34,quantile,0.95,1131
2025-12-13,wk inc flu hosp,1,2025-12-20,34,quantile,0.975,1212
2025-12-13,wk inc flu hosp,1,2025-12-20,34,quantile,0.99,1318
2025-12-13,wk inc flu hosp,1,2025-12-20,35,quantile,0.01,29
2025-12-13,wk inc flu hosp,1,2025-12-20,35,quantile,0.025,34
2025-12-13,wk inc flu hosp,1,2025-12-20,35,quantile,0.05,39
2025-12-13,wk inc flu hosp,1,2025-12-20,35,quantile,0.1,45
2025-12-13,wk inc flu hosp,1,2025-12-20,35,quantile,0.15,50
2025-12-13,wk inc flu hosp,1,2025-12-20,35,quantile,0.2,54
2025-12-13,wk inc flu hosp,1,2025-12-20,35,quantile,0.25,58
2025-12-13,wk inc flu hosp,1,2025-12-20,35,quantile,0.3,61
2025-12-13,wk inc flu hosp,1,2025-12-20,35,quantile,0.35,66
2025-12-13,wk inc flu hosp,1,2025-12-20,35,quantile,0.4,69
2025-12-13,wk inc flu hosp,1,2025-12-20,35,quantile,0.45,74
2025-12-13,wk inc flu hosp,1,2025-12-20,35,quantile,0.5,78
2025-12-13,wk inc flu hosp,1,2025-12-20,35,quantile,0.55,83
2025-12-13,wk inc flu hosp,1,2025-12-20,35,quantile,0.6,87
2025-12-13,wk inc flu hosp,1,2025-12-20,35,quantile,0.65,94
2025-12-13,wk inc flu hosp,1,2025-12-20,35,quantile,0.7,98
2025-12-13,wk inc flu hosp,1,2025-12-20,35,quantile,0.75,105
2025-12-13,wk inc flu hosp,1,2025-12-20,35,quantile,0.8,113
2025-12-13,wk inc flu hosp,1,2025-12-20,35,quantile,0.85,121
2025-12-13,wk inc flu hosp,1,2025-12-20,35,quantile,0.9,133
2025-12-13,wk inc flu hosp,1,2025-12-20,35,quantile,0.95,155
2025-12-13,wk inc flu hosp,1,2025-12-20,35,quantile,0.975,168
2025-12-13,wk inc flu hosp,1,2025-12-20,35,quantile,0.99,195
2025-12-13,wk inc flu hosp,1,2025-12-20,36,quantile,0.01,1670
2025-12-13,wk inc flu hosp,1,2025-12-20,36,quantile,0.025,1787
2025-12-13,wk inc flu hosp,1,2025-12-20,36,quantile,0.05,1872
2025-12-13,wk inc flu hosp,1,2025-12-20,36,quantile,0.1,2037
2025-12-13,wk inc flu hosp,1,2025-12-20,36,quantile,0.15,2175
2025-12-13,wk inc flu hosp,1,2025-12-20,36,quantile,0.2,2276
2025-12-13,wk inc flu hosp,1,2025-12-20,36,quantile,0.25,2354
2025-12-13,wk inc flu hosp,1,2025-12-20,36,quantile,0.3,2459
2025-12-13,wk inc flu hosp,1,2025-12-20,36,quantile,0.35,2545
2025-12-13,wk inc flu hosp,1,2025-12-20,36,quantile,0.4,2649
2025-12-13,wk inc flu hosp,1,2025-12-20,36,quantile,0.45,2726
2025-12-13,wk inc flu hosp,1,2025-12-20,36,quantile,0.5,2820
2025-12-13,wk inc flu hosp,1,2025-12-20,36,quantile,0.55,2882
2025-12-13,wk inc flu hosp,1,2025-12-20,36,quantile,0.6,2964
2025-12-13,wk inc flu hosp,1,2025-12-20,36,quantile,0.65,3068
2025-12-13,wk inc flu hosp,1,2025-12-20,36,quantile,0.7,3151
2025-12-13,wk inc flu hosp,1,2025-12-20,36,quantile,0.75,3250
2025-12-13,wk inc flu hosp,1,2025-12-20,36,quantile,0.8,3440
2025-12-13,wk inc flu hosp,1,2025-12-20,36,quantile,0.85,3599
2025-12-13,wk inc flu hosp,1,2025-12-20,36,quantile,0.9,3814
2025-12-13,wk inc flu hosp,1,2025-12-20,36,quantile,0.95,4086
2025-12-13,wk inc flu hosp,1,2025-12-20,36,quantile,0.975,4337
2025-12-13,wk inc flu hosp,1,2025-12-20,36,quantile,0.99,4931
2025-12-13,wk inc flu hosp,1,2025-12-20,37,quantile,0.01,307
2025-12-13,wk inc flu hosp,1,2025-12-20,37,quantile,0.025,332
2025-12-13,wk inc flu hosp,1,2025-12-20,37,quantile,0.05,365
2025-12-13,wk inc flu hosp,1,2025-12-20,37,quantile,0.1,413
2025-12-13,wk inc flu hosp,1,2025-12-20,37,quantile,0.15,443
2025-12-13,wk inc flu hosp,1,2025-12-20,37,quantile,0.2,468
2025-12-13,wk inc flu hosp,1,2025-12-20,37,quantile,0.25,489
2025-12-13,wk inc flu hosp,1,2025-12-20,37,quantile,0.3,512
2025-12-13,wk inc flu hosp,1,2025-12-20,37,quantile,0.35,531
2025-12-13,wk inc flu hosp,1,2025-12-20,37,quantile,0.4,548
2025-12-13,wk inc flu hosp,1,2025-12-20,37,quantile,0.45,567
2025-12-13,wk inc flu hosp,1,2025-12-20,37,quantile,0.5,584
2025-12-13,wk inc flu hosp,1,2025-12-20,37,quantile,0.55,610
2025-12-13,wk inc flu hosp,1,2025-12-20,37,quantile,0.6,635
2025-12-13,wk inc flu hosp,1,2025-12-20,37,quantile,0.65,660
2025-12-13,wk inc flu hosp,1,2025-12-20,37,quantile,0.7,684
2025-12-13,wk inc flu hosp,1,2025-12-20,37,quantile,0.75,712
2025-12-13,wk inc flu hosp,1,2025-12-20,37,quantile,0.8,744
2025-12-13,wk inc flu hosp,1,2025-12-20,37,quantile,0.85,790
2025-12-13,wk inc flu hosp,1,2025-12-20,37,quantile,0.9,851
2025-12-13,wk inc flu hosp,1,2025-12-20,37,quantile,0.95,974
2025-12-13,wk inc flu hosp,1,2025-12-20,37,quantile,0.975,1084
2025-12-13,wk inc flu hosp,1,2025-12-20,37,quantile,0.99,1192
2025-12-13,wk inc flu hosp,1,2025-12-20,38,quantile,0.01,2
2025-12-13,wk inc flu hosp,1,2025-12-20,38,quantile,0.025,3
2025-12-13,wk inc flu hosp,1,2025-12-20,38,quantile,0.05,4
2025-12-13,wk inc flu hosp,1,2025-12-20,38,quantile,0.1,6
2025-12-13,wk inc flu hosp,1,2025-12-20,38,quantile,0.15,7
2025-12-13,wk inc flu hosp,1,2025-12-20,38,quantile,0.2,8
2025-12-13,wk inc flu hosp,1,2025-12-20,38,quantile,0.25,9
2025-12-13,wk inc flu hosp,1,2025-12-20,38,quantile,0.3,10
2025-12-13,wk inc flu hosp,1,2025-12-20,38,quantile,0.35,11
2025-12-13,wk inc flu hosp,1,2025-12-20,38,quantile,0.4,12
2025-12-13,wk inc flu hosp,1,2025-12-20,38,quantile,0.45,13
2025-12-13,wk inc flu hosp,1,2025-12-20,38,quantile,0.5,15
2025-12-13,wk inc flu hosp,1,2025-12-20,38,quantile,0.55,16
2025-12-13,wk inc flu hosp,1,2025-12-20,38,quantile,0.6,17
2025-12-13,wk inc flu hosp,1,2025-12-20,38,quantile,0.65,18
2025-12-13,wk inc flu hosp,1,2025-12-20,38,quantile,0.7,20
2025-12-13,wk inc flu hosp,1,2025-12-20,38,quantile,0.75,22
2025-12-13,wk inc flu hosp,1,2025-12-20,38,quantile,0.8,25
2025-12-13,wk inc flu hosp,1,2025-12-20,38,quantile,0.85,27
2025-12-13,wk inc flu hosp,1,2025-12-20,38,quantile,0.9,30
2025-12-13,wk inc flu hosp,1,2025-12-20,38,quantile,0.95,38
2025-12-13,wk inc flu hosp,1,2025-12-20,38,quantile,0.975,45
2025-12-13,wk inc flu hosp,1,2025-12-20,38,quantile,0.99,56
2025-12-13,wk inc flu hosp,1,2025-12-20,39,quantile,0.01,174
2025-12-13,wk inc flu hosp,1,2025-12-20,39,quantile,0.025,206
2025-12-13,wk inc flu hosp,1,2025-12-20,39,quantile,0.05,223
2025-12-13,wk inc flu hosp,1,2025-12-20,39,quantile,0.1,247
2025-12-13,wk inc flu hosp,1,2025-12-20,39,quantile,0.15,270
2025-12-13,wk inc flu hosp,1,2025-12-20,39,quantile,0.2,286
2025-12-13,wk inc flu hosp,1,2025-12-20,39,quantile,0.25,301
2025-12-13,wk inc flu hosp,1,2025-12-20,39,quantile,0.3,316
2025-12-13,wk inc flu hosp,1,2025-12-20,39,quantile,0.35,330
2025-12-13,wk inc flu hosp,1,2025-12-20,39,quantile,0.4,344
2025-12-13,wk inc flu hosp,1,2025-12-20,39,quantile,0.45,359
2025-12-13,wk inc flu hosp,1,2025-12-20,39,quantile,0.5,376
2025-12-13,wk inc flu hosp,1,2025-12-20,39,quantile,0.55,387
2025-12-13,wk inc flu hosp,1,2025-12-20,39,quantile,0.6,402
2025-12-13,wk inc flu hosp,1,2025-12-20,39,quantile,0.65,424
2025-12-13,wk inc flu hosp,1,2025-12-20,39,quantile,0.7,444
2025-12-13,wk inc flu hosp,1,2025-12-20,39,quantile,0.75,470
2025-12-13,wk inc flu hosp,1,2025-12-20,39,quantile,0.8,494
2025-12-13,wk inc flu hosp,1,2025-12-20,39,quantile,0.85,527
2025-12-13,wk inc flu hosp,1,2025-12-20,39,quantile,0.9,575
2025-12-13,wk inc flu hosp,1,2025-12-20,39,quantile,0.95,652
2025-12-13,wk inc flu hosp,1,2025-12-20,39,quantile,0.975,712
2025-12-13,wk inc flu hosp,1,2025-12-20,39,quantile,0.99,782
2025-12-13,wk inc flu hosp,1,2025-12-20,40,quantile,0.01,7
2025-12-13,wk inc flu hosp,1,2025-12-20,40,quantile,0.025,8
2025-12-13,wk inc flu hosp,1,2025-12-20,40,quantile,0.05,10
2025-12-13,wk inc flu hosp,1,2025-12-20,40,quantile,0.1,13
2025-12-13,wk inc flu hosp,1,2025-12-20,40,quantile,0.15,15
2025-12-13,wk inc flu hosp,1,2025-12-20,40,quantile,0.2,16
2025-12-13,wk inc flu hosp,1,2025-12-20,40,quantile,0.25,18
2025-12-13,wk inc flu hosp,1,2025-12-20,40,quantile,0.3,19
2025-12-13,wk inc flu hosp,1,2025-12-20,40,quantile,0.35,21
2025-12-13,wk inc flu hosp,1,2025-12-20,40,quantile,0.4,23
2025-12-13,wk inc flu hosp,1,2025-12-20,40,quantile,0.45,24
2025-12-13,wk inc flu hosp,1,2025-12-20,40,quantile,0.5,26
2025-12-13,wk inc flu hosp,1,2025-12-20,40,quantile,0.55,27
2025-12-13,wk inc flu hosp,1,2025-12-20,40,quantile,0.6,30
2025-12-13,wk inc flu hosp,1,2025-12-20,40,quantile,0.65,32
2025-12-13,wk inc flu hosp,1,2025-12-20,40,quantile,0.7,34
2025-12-13,wk inc flu hosp,1,2025-12-20,40,quantile,0.75,36
2025-12-13,wk inc flu hosp,1,2025-12-20,40,quantile,0.8,40
2025-12-13,wk inc flu hosp,1,2025-12-20,40,quantile,0.85,44
2025-12-13,wk inc flu hosp,1,2025-12-20,40,quantile,0.9,48
2025-12-13,wk inc flu hosp,1,2025-12-20,40,quantile,0.95,57
2025-12-13,wk inc flu hosp,1,2025-12-20,40,quantile,0.975,67
2025-12-13,wk inc flu hosp,1,2025-12-20,40,quantile,0.99,86
2025-12-13,wk inc flu hosp,1,2025-12-20,41,quantile,0.01,25
2025-12-13,wk inc flu hosp,1,2025-12-20,41,quantile,0.025,31
2025-12-13,wk inc flu hosp,1,2025-12-20,41,quantile,0.05,36
2025-12-13,wk inc flu hosp,1,2025-12-20,41,quantile,0.1,44
2025-12-13,wk inc flu hosp,1,2025-12-20,41,quantile,0.15,49
2025-12-13,wk inc flu hosp,1,2025-12-20,41,quantile,0.2,54
2025-12-13,wk inc flu hosp,1,2025-12-20,41,quantile,0.25,57
2025-12-13,wk inc flu hosp,1,2025-12-20,41,quantile,0.3,61
2025-12-13,wk inc flu hosp,1,2025-12-20,41,quantile,0.35,64
2025-12-13,wk inc flu hosp,1,2025-12-20,41,quantile,0.4,68
2025-12-13,wk inc flu hosp,1,2025-12-20,41,quantile,0.45,72
2025-12-13,wk inc flu hosp,1,2025-12-20,41,quantile,0.5,76
2025-12-13,wk inc flu hosp,1,2025-12-20,41,quantile,0.55,81
2025-12-13,wk inc flu hosp,1,2025-12-20,41,quantile,0.6,85
2025-12-13,wk inc flu hosp,1,2025-12-20,41,quantile,0.65,90
2025-12-13,wk inc flu hosp,1,2025-12-20,41,quantile,0.7,94
2025-12-13,wk inc flu hosp,1,2025-12-20,41,quantile,0.75,102
2025-12-13,wk inc flu hosp,1,2025-12-20,41,quantile,0.8,110
2025-12-13,wk inc flu hosp,1,2025-12-20,41,quantile,0.85,119
2025-12-13,wk inc flu hosp,1,2025-12-20,41,quantile,0.9,129
2025-12-13,wk inc flu hosp,1,2025-12-20,41,quantile,0.95,152
2025-12-13,wk inc flu hosp,1,2025-12-20,41,quantile,0.975,169
2025-12-13,wk inc flu hosp,1,2025-12-20,41,quantile,0.99,197
2025-12-13,wk inc flu hosp,1,2025-12-20,42,quantile,0.01,575
2025-12-13,wk inc flu hosp,1,2025-12-20,42,quantile,0.025,626
2025-12-13,wk inc flu hosp,1,2025-12-20,42,quantile,0.05,681
2025-12-13,wk inc flu hosp,1,2025-12-20,42,quantile,0.1,752
2025-12-13,wk inc flu hosp,1,2025-12-20,42,quantile,0.15,797
2025-12-13,wk inc flu hosp,1,2025-12-20,42,quantile,0.2,853
2025-12-13,wk inc flu hosp,1,2025-12-20,42,quantile,0.25,898
2025-12-13,wk inc flu hosp,1,2025-12-20,42,quantile,0.3,942
2025-12-13,wk inc flu hosp,1,2025-12-20,42,quantile,0.35,985
2025-12-13,wk inc flu hosp,1,2025-12-20,42,quantile,0.4,1020
2025-12-13,wk inc flu hosp,1,2025-12-20,42,quantile,0.45,1060
2025-12-13,wk inc flu hosp,1,2025-12-20,42,quantile,0.5,1095
2025-12-13,wk inc flu hosp,1,2025-12-20,42,quantile,0.55,1124
2025-12-13,wk inc flu hosp,1,2025-12-20,42,quantile,0.6,1164
2025-12-13,wk inc flu hosp,1,2025-12-20,42,quantile,0.65,1204
2025-12-13,wk inc flu hosp,1,2025-12-20,42,quantile,0.7,1242
2025-12-13,wk inc flu hosp,1,2025-12-20,42,quantile,0.75,1291
2025-12-13,wk inc flu hosp,1,2025-12-20,42,quantile,0.8,1359
2025-12-13,wk inc flu hosp,1,2025-12-20,42,quantile,0.85,1421
2025-12-13,wk inc flu hosp,1,2025-12-20,42,quantile,0.9,1530
2025-12-13,wk inc flu hosp,1,2025-12-20,42,quantile,0.95,1721
2025-12-13,wk inc flu hosp,1,2025-12-20,42,quantile,0.975,1904
2025-12-13,wk inc flu hosp,1,2025-12-20,42,quantile,0.99,2135
2025-12-13,wk inc flu hosp,1,2025-12-20,44,quantile,0.01,15
2025-12-13,wk inc flu hosp,1,2025-12-20,44,quantile,0.025,18
2025-12-13,wk inc flu hosp,1,2025-12-20,44,quantile,0.05,22
2025-12-13,wk inc flu hosp,1,2025-12-20,44,quantile,0.1,27
2025-12-13,wk inc flu hosp,1,2025-12-20,44,quantile,0.15,30
2025-12-13,wk inc flu hosp,1,2025-12-20,44,quantile,0.2,34
2025-12-13,wk inc flu hosp,1,2025-12-20,44,quantile,0.25,37
2025-12-13,wk inc flu hosp,1,2025-12-20,44,quantile,0.3,40
2025-12-13,wk inc flu hosp,1,2025-12-20,44,quantile,0.35,42
2025-12-13,wk inc flu hosp,1,2025-12-20,44,quantile,0.4,44
2025-12-13,wk inc flu hosp,1,2025-12-20,44,quantile,0.45,47
2025-12-13,wk inc flu hosp,1,2025-12-20,44,quantile,0.5,50
2025-12-13,wk inc flu hosp,1,2025-12-20,44,quantile,0.55,54
2025-12-13,wk inc flu hosp,1,2025-12-20,44,quantile,0.6,57
2025-12-13,wk inc flu hosp,1,2025-12-20,44,quantile,0.65,61
2025-12-13,wk inc flu hosp,1,2025-12-20,44,quantile,0.7,66
2025-12-13,wk inc flu hosp,1,2025-12-20,44,quantile,0.75,71
2025-12-13,wk inc flu hosp,1,2025-12-20,44,quantile,0.8,79
2025-12-13,wk inc flu hosp,1,2025-12-20,44,quantile,0.85,88
2025-12-13,wk inc flu hosp,1,2025-12-20,44,quantile,0.9,100
2025-12-13,wk inc flu hosp,1,2025-12-20,44,quantile,0.95,118
2025-12-13,wk inc flu hosp,1,2025-12-20,44,quantile,0.975,132
2025-12-13,wk inc flu hosp,1,2025-12-20,44,quantile,0.99,149
2025-12-13,wk inc flu hosp,1,2025-12-20,45,quantile,0.01,81
2025-12-13,wk inc flu hosp,1,2025-12-20,45,quantile,0.025,89
2025-12-13,wk inc flu hosp,1,2025-12-20,45,quantile,0.05,101
2025-12-13,wk inc flu hosp,1,2025-12-20,45,quantile,0.1,115
2025-12-13,wk inc flu hosp,1,2025-12-20,45,quantile,0.15,123
2025-12-13,wk inc flu hosp,1,2025-12-20,45,quantile,0.2,131
2025-12-13,wk inc flu hosp,1,2025-12-20,45,quantile,0.25,140
2025-12-13,wk inc flu hosp,1,2025-12-20,45,quantile,0.3,147
2025-12-13,wk inc flu hosp,1,2025-12-20,45,quantile,0.35,154
2025-12-13,wk inc flu hosp,1,2025-12-20,45,quantile,0.4,163
2025-12-13,wk inc flu hosp,1,2025-12-20,45,quantile,0.45,172
2025-12-13,wk inc flu hosp,1,2025-12-20,45,quantile,0.5,181
2025-12-13,wk inc flu hosp,1,2025-12-20,45,quantile,0.55,188
2025-12-13,wk inc flu hosp,1,2025-12-20,45,quantile,0.6,197
2025-12-13,wk inc flu hosp,1,2025-12-20,45,quantile,0.65,206
2025-12-13,wk inc flu hosp,1,2025-12-20,45,quantile,0.7,217
2025-12-13,wk inc flu hosp,1,2025-12-20,45,quantile,0.75,227
2025-12-13,wk inc flu hosp,1,2025-12-20,45,quantile,0.8,241
2025-12-13,wk inc flu hosp,1,2025-12-20,45,quantile,0.85,260
2025-12-13,wk inc flu hosp,1,2025-12-20,45,quantile,0.9,286
2025-12-13,wk inc flu hosp,1,2025-12-20,45,quantile,0.95,318
2025-12-13,wk inc flu hosp,1,2025-12-20,45,quantile,0.975,381
2025-12-13,wk inc flu hosp,1,2025-12-20,45,quantile,0.99,452
2025-12-13,wk inc flu hosp,1,2025-12-20,46,quantile,0.01,0
2025-12-13,wk inc flu hosp,1,2025-12-20,46,quantile,0.025,0
2025-12-13,wk inc flu hosp,1,2025-12-20,46,quantile,0.05,1
2025-12-13,wk inc flu hosp,1,2025-12-20,46,quantile,0.1,1
2025-12-13,wk inc flu hosp,1,2025-12-20,46,quantile,0.15,2
2025-12-13,wk inc flu hosp,1,2025-12-20,46,quantile,0.2,2
2025-12-13,wk inc flu hosp,1,2025-12-20,46,quantile,0.25,3
2025-12-13,wk inc flu hosp,1,2025-12-20,46,quantile,0.3,3
2025-12-13,wk inc flu hosp,1,2025-12-20,46,quantile,0.35,4
2025-12-13,wk inc flu hosp,1,2025-12-20,46,quantile,0.4,4
2025-12-13,wk inc flu hosp,1,2025-12-20,46,quantile,0.45,4
2025-12-13,wk inc flu hosp,1,2025-12-20,46,quantile,0.5,5
2025-12-13,wk inc flu hosp,1,2025-12-20,46,quantile,0.55,6
2025-12-13,wk inc flu hosp,1,2025-12-20,46,quantile,0.6,6
2025-12-13,wk inc flu hosp,1,2025-12-20,46,quantile,0.65,7
2025-12-13,wk inc flu hosp,1,2025-12-20,46,quantile,0.7,8
2025-12-13,wk inc flu hosp,1,2025-12-20,46,quantile,0.75,9
2025-12-13,wk inc flu hosp,1,2025-12-20,46,quantile,0.8,10
2025-12-13,wk inc flu hosp,1,2025-12-20,46,quantile,0.85,12
2025-12-13,wk inc flu hosp,1,2025-12-20,46,quantile,0.9,14
2025-12-13,wk inc flu hosp,1,2025-12-20,46,quantile,0.95,19
2025-12-13,wk inc flu hosp,1,2025-12-20,46,quantile,0.975,22
2025-12-13,wk inc flu hosp,1,2025-12-20,46,quantile,0.99,29
2025-12-13,wk inc flu hosp,1,2025-12-20,47,quantile,0.01,70
2025-12-13,wk inc flu hosp,1,2025-12-20,47,quantile,0.025,78
2025-12-13,wk inc flu hosp,1,2025-12-20,47,quantile,0.05,88
2025-12-13,wk inc flu hosp,1,2025-12-20,47,quantile,0.1,100
2025-12-13,wk inc flu hosp,1,2025-12-20,47,quantile,0.15,111
2025-12-13,wk inc flu hosp,1,2025-12-20,47,quantile,0.2,119
2025-12-13,wk inc flu hosp,1,2025-12-20,47,quantile,0.25,126
2025-12-13,wk inc flu hosp,1,2025-12-20,47,quantile,0.3,134
2025-12-13,wk inc flu hosp,1,2025-12-20,47,quantile,0.35,139
2025-12-13,wk inc flu hosp,1,2025-12-20,47,quantile,0.4,146
2025-12-13,wk inc flu hosp,1,2025-12-20,47,quantile,0.45,152
2025-12-13,wk inc flu hosp,1,2025-12-20,47,quantile,0.5,158
2025-12-13,wk inc flu hosp,1,2025-12-20,47,quantile,0.55,165
2025-12-13,wk inc flu hosp,1,2025-12-20,47,quantile,0.6,173
2025-12-13,wk inc flu hosp,1,2025-12-20,47,quantile,0.65,185
2025-12-13,wk inc flu hosp,1,2025-12-20,47,quantile,0.7,193
2025-12-13,wk inc flu hosp,1,2025-12-20,47,quantile,0.75,206
2025-12-13,wk inc flu hosp,1,2025-12-20,47,quantile,0.8,220
2025-12-13,wk inc flu hosp,1,2025-12-20,47,quantile,0.85,239
2025-12-13,wk inc flu hosp,1,2025-12-20,47,quantile,0.9,259
2025-12-13,wk inc flu hosp,1,2025-12-20,47,quantile,0.95,288
2025-12-13,wk inc flu hosp,1,2025-12-20,47,quantile,0.975,345
2025-12-13,wk inc flu hosp,1,2025-12-20,47,quantile,0.99,387
2025-12-13,wk inc flu hosp,1,2025-12-20,48,quantile,0.01,592
2025-12-13,wk inc flu hosp,1,2025-12-20,48,quantile,0.025,648
2025-12-13,wk inc flu hosp,1,2025-12-20,48,quantile,0.05,697
2025-12-13,wk inc flu hosp,1,2025-12-20,48,quantile,0.1,755
2025-12-13,wk inc flu hosp,1,2025-12-20,48,quantile,0.15,807
2025-12-13,wk inc flu hosp,1,2025-12-20,48,quantile,0.2,846
2025-12-13,wk inc flu hosp,1,2025-12-20,48,quantile,0.25,883
2025-12-13,wk inc flu hosp,1,2025-12-20,48,quantile,0.3,916
2025-12-13,wk inc flu hosp,1,2025-12-20,48,quantile,0.35,940
2025-12-13,wk inc flu hosp,1,2025-12-20,48,quantile,0.4,967
2025-12-13,wk inc flu hosp,1,2025-12-20,48,quantile,0.45,1002
2025-12-13,wk inc flu hosp,1,2025-12-20,48,quantile,0.5,1044
2025-12-13,wk inc flu hosp,1,2025-12-20,48,quantile,0.55,1075
2025-12-13,wk inc flu hosp,1,2025-12-20,48,quantile,0.6,1107
2025-12-13,wk inc flu hosp,1,2025-12-20,48,quantile,0.65,1155
2025-12-13,wk inc flu hosp,1,2025-12-20,48,quantile,0.7,1193
2025-12-13,wk inc flu hosp,1,2025-12-20,48,quantile,0.75,1232
2025-12-13,wk inc flu hosp,1,2025-12-20,48,quantile,0.8,1282
2025-12-13,wk inc flu hosp,1,2025-12-20,48,quantile,0.85,1343
2025-12-13,wk inc flu hosp,1,2025-12-20,48,quantile,0.9,1444
2025-12-13,wk inc flu hosp,1,2025-12-20,48,quantile,0.95,1597
2025-12-13,wk inc flu hosp,1,2025-12-20,48,quantile,0.975,1755
2025-12-13,wk inc flu hosp,1,2025-12-20,48,quantile,0.99,1922
2025-12-13,wk inc flu hosp,1,2025-12-20,49,quantile,0.01,45
2025-12-13,wk inc flu hosp,1,2025-12-20,49,quantile,0.025,56
2025-12-13,wk inc flu hosp,1,2025-12-20,49,quantile,0.05,63
2025-12-13,wk inc flu hosp,1,2025-12-20,49,quantile,0.1,75
2025-12-13,wk inc flu hosp,1,2025-12-20,49,quantile,0.15,83
2025-12-13,wk inc flu hosp,1,2025-12-20,49,quantile,0.2,90
2025-12-13,wk inc flu hosp,1,2025-12-20,49,quantile,0.25,98
2025-12-13,wk inc flu hosp,1,2025-12-20,49,quantile,0.3,103
2025-12-13,wk inc flu hosp,1,2025-12-20,49,quantile,0.35,110
2025-12-13,wk inc flu hosp,1,2025-12-20,49,quantile,0.4,118
2025-12-13,wk inc flu hosp,1,2025-12-20,49,quantile,0.45,124
2025-12-13,wk inc flu hosp,1,2025-12-20,49,quantile,0.5,132
2025-12-13,wk inc flu hosp,1,2025-12-20,49,quantile,0.55,139
2025-12-13,wk inc flu hosp,1,2025-12-20,49,quantile,0.6,148
2025-12-13,wk inc flu hosp,1,2025-12-20,49,quantile,0.65,156
2025-12-13,wk inc flu hosp,1,2025-12-20,49,quantile,0.7,167
2025-12-13,wk inc flu hosp,1,2025-12-20,49,quantile,0.75,178
2025-12-13,wk inc flu hosp,1,2025-12-20,49,quantile,0.8,190
2025-12-13,wk inc flu hosp,1,2025-12-20,49,quantile,0.85,202
2025-12-13,wk inc flu hosp,1,2025-12-20,49,quantile,0.9,222
2025-12-13,wk inc flu hosp,1,2025-12-20,49,quantile,0.95,258
2025-12-13,wk inc flu hosp,1,2025-12-20,49,quantile,0.975,297
2025-12-13,wk inc flu hosp,1,2025-12-20,49,quantile,0.99,360
2025-12-13,wk inc flu hosp,1,2025-12-20,50,quantile,0.01,0
2025-12-13,wk inc flu hosp,1,2025-12-20,50,quantile,0.025,0
2025-12-13,wk inc flu hosp,1,2025-12-20,50,quantile,0.05,0
2025-12-13,wk inc flu hosp,1,2025-12-20,50,quantile,0.1,1
2025-12-13,wk inc flu hosp,1,2025-12-20,50,quantile,0.15,1
2025-12-13,wk inc flu hosp,1,2025-12-20,50,quantile,0.2,2
2025-12-13,wk inc flu hosp,1,2025-12-20,50,quantile,0.25,2
2025-12-13,wk inc flu hosp,1,2025-12-20,50,quantile,0.3,2
2025-12-13,wk inc flu hosp,1,2025-12-20,50,quantile,0.35,3
2025-12-13,wk inc flu hosp,1,2025-12-20,50,quantile,0.4,3
2025-12-13,wk inc flu hosp,1,2025-12-20,50,quantile,0.45,4
2025-12-13,wk inc flu hosp,1,2025-12-20,50,quantile,0.5,4
2025-12-13,wk inc flu hosp,1,2025-12-20,50,quantile,0.55,5
2025-12-13,wk inc flu hosp,1,2025-12-20,50,quantile,0.6,5
2025-12-13,wk inc flu hosp,1,2025-12-20,50,quantile,0.65,6
2025-12-13,wk inc flu hosp,1,2025-12-20,50,quantile,0.7,7
2025-12-13,wk inc flu hosp,1,2025-12-20,50,quantile,0.75,8
2025-12-13,wk inc flu hosp,1,2025-12-20,50,quantile,0.8,9
2025-12-13,wk inc flu hosp,1,2025-12-20,50,quantile,0.85,10
2025-12-13,wk inc flu hosp,1,2025-12-20,50,quantile,0.9,13
2025-12-13,wk inc flu hosp,1,2025-12-20,50,quantile,0.95,16
2025-12-13,wk inc flu hosp,1,2025-12-20,50,quantile,0.975,22
2025-12-13,wk inc flu hosp,1,2025-12-20,50,quantile,0.99,26
2025-12-13,wk inc flu hosp,1,2025-12-20,51,quantile,0.01,172
2025-12-13,wk inc flu hosp,1,2025-12-20,51,quantile,0.025,191
2025-12-13,wk inc flu hosp,1,2025-12-20,51,quantile,0.05,207
2025-12-13,wk inc flu hosp,1,2025-12-20,51,quantile,0.1,235
2025-12-13,wk inc flu hosp,1,2025-12-20,51,quantile,0.15,259
2025-12-13,wk inc flu hosp,1,2025-12-20,51,quantile,0.2,272
2025-12-13,wk inc flu hosp,1,2025-12-20,51,quantile,0.25,289
2025-12-13,wk inc flu hosp,1,2025-12-20,51,quantile,0.3,301
2025-12-13,wk inc flu hosp,1,2025-12-20,51,quantile,0.35,315
2025-12-13,wk inc flu hosp,1,2025-12-20,51,quantile,0.4,329
2025-12-13,wk inc flu hosp,1,2025-12-20,51,quantile,0.45,341
2025-12-13,wk inc flu hosp,1,2025-12-20,51,quantile,0.5,361
2025-12-13,wk inc flu hosp,1,2025-12-20,51,quantile,0.55,378
2025-12-13,wk inc flu hosp,1,2025-12-20,51,quantile,0.6,391
2025-12-13,wk inc flu hosp,1,2025-12-20,51,quantile,0.65,404
2025-12-13,wk inc flu hosp,1,2025-12-20,51,quantile,0.7,427
2025-12-13,wk inc flu hosp,1,2025-12-20,51,quantile,0.75,449
2025-12-13,wk inc flu hosp,1,2025-12-20,51,quantile,0.8,475
2025-12-13,wk inc flu hosp,1,2025-12-20,51,quantile,0.85,500
2025-12-13,wk inc flu hosp,1,2025-12-20,51,quantile,0.9,542
2025-12-13,wk inc flu hosp,1,2025-12-20,51,quantile,0.95,613
2025-12-13,wk inc flu hosp,1,2025-12-20,51,quantile,0.975,671
2025-12-13,wk inc flu hosp,1,2025-12-20,51,quantile,0.99,765
2025-12-13,wk inc flu hosp,1,2025-12-20,53,quantile,0.01,42
2025-12-13,wk inc flu hosp,1,2025-12-20,53,quantile,0.025,52
2025-12-13,wk inc flu hosp,1,2025-12-20,53,quantile,0.05,60
2025-12-13,wk inc flu hosp,1,2025-12-20,53,quantile,0.1,68
2025-12-13,wk inc flu hosp,1,2025-12-20,53,quantile,0.15,77
2025-12-13,wk inc flu hosp,1,2025-12-20,53,quantile,0.2,84
2025-12-13,wk inc flu hosp,1,2025-12-20,53,quantile,0.25,90
2025-12-13,wk inc flu hosp,1,2025-12-20,53,quantile,0.3,96
2025-12-13,wk inc flu hosp,1,2025-12-20,53,quantile,0.35,102
2025-12-13,wk inc flu hosp,1,2025-12-20,53,quantile,0.4,108
2025-12-13,wk inc flu hosp,1,2025-12-20,53,quantile,0.45,115
2025-12-13,wk inc flu hosp,1,2025-12-20,53,quantile,0.5,120
2025-12-13,wk inc flu hosp,1,2025-12-20,53,quantile,0.55,128
2025-12-13,wk inc flu hosp,1,2025-12-20,53,quantile,0.6,134
2025-12-13,wk inc flu hosp,1,2025-12-20,53,quantile,0.65,142
2025-12-13,wk inc flu hosp,1,2025-12-20,53,quantile,0.7,149
2025-12-13,wk inc flu hosp,1,2025-12-20,53,quantile,0.75,159
2025-12-13,wk inc flu hosp,1,2025-12-20,53,quantile,0.8,172
2025-12-13,wk inc flu hosp,1,2025-12-20,53,quantile,0.85,186
2025-12-13,wk inc flu hosp,1,2025-12-20,53,quantile,0.9,202
2025-12-13,wk inc flu hosp,1,2025-12-20,53,quantile,0.95,230
2025-12-13,wk inc flu hosp,1,2025-12-20,53,quantile,0.975,264
2025-12-13,wk inc flu hosp,1,2025-12-20,53,quantile,0.99,305
2025-12-13,wk inc flu hosp,1,2025-12-20,54,quantile,0.01,3
2025-12-13,wk inc flu hosp,1,2025-12-20,54,quantile,0.025,4
2025-12-13,wk inc flu hosp,1,2025-12-20,54,quantile,0.05,6
2025-12-13,wk inc flu hosp,1,2025-12-20,54,quantile,0.1,8
2025-12-13,wk inc flu hosp,1,2025-12-20,54,quantile,0.15,10
2025-12-13,wk inc flu hosp,1,2025-12-20,54,quantile,0.2,12
2025-12-13,wk inc flu hosp,1,2025-12-20,54,quantile,0.25,13
2025-12-13,wk inc flu hosp,1,2025-12-20,54,quantile,0.3,14
2025-12-13,wk inc flu hosp,1,2025-12-20,54,quantile,0.35,16
2025-12-13,wk inc flu hosp,1,2025-12-20,54,quantile,0.4,17
2025-12-13,wk inc flu hosp,1,2025-12-20,54,quantile,0.45,18
2025-12-13,wk inc flu hosp,1,2025-12-20,54,quantile,0.5,20
2025-12-13,wk inc flu hosp,1,2025-12-20,54,quantile,0.55,21
2025-12-13,wk inc flu hosp,1,2025-12-20,54,quantile,0.6,23
2025-12-13,wk inc flu hosp,1,2025-12-20,54,quantile,0.65,25
2025-12-13,wk inc flu hosp,1,2025-12-20,54,quantile,0.7,27
2025-12-13,wk inc flu hosp,1,2025-12-20,54,quantile,0.75,30
2025-12-13,wk inc flu hosp,1,2025-12-20,54,quantile,0.8,35
2025-12-13,wk inc flu hosp,1,2025-12-20,54,quantile,0.85,39
2025-12-13,wk inc flu hosp,1,2025-12-20,54,quantile,0.9,47
2025-12-13,wk inc flu hosp,1,2025-12-20,54,quantile,0.95,55
2025-12-13,wk inc flu hosp,1,2025-12-20,54,quantile,0.975,66
2025-12-13,wk inc flu hosp,1,2025-12-20,54,quantile,0.99,78
2025-12-13,wk inc flu hosp,1,2025-12-20,55,quantile,0.01,94
2025-12-13,wk inc flu hosp,1,2025-12-20,55,quantile,0.025,108
2025-12-13,wk inc flu hosp,1,2025-12-20,55,quantile,0.05,127
2025-12-13,wk inc flu hosp,1,2025-12-20,55,quantile,0.1,147
2025-12-13,wk inc flu hosp,1,2025-12-20,55,quantile,0.15,163
2025-12-13,wk inc flu hosp,1,2025-12-20,55,quantile,0.2,181
2025-12-13,wk inc flu hosp,1,2025-12-20,55,quantile,0.25,197
2025-12-13,wk inc flu hosp,1,2025-12-20,55,quantile,0.3,211
2025-12-13,wk inc flu hosp,1,2025-12-20,55,quantile,0.35,227
2025-12-13,wk inc flu hosp,1,2025-12-20,55,quantile,0.4,237
2025-12-13,wk inc flu hosp,1,2025-12-20,55,quantile,0.45,248
2025-12-13,wk inc flu hosp,1,2025-12-20,55,quantile,0.5,260
2025-12-13,wk inc flu hosp,1,2025-12-20,55,quantile,0.55,275
2025-12-13,wk inc flu hosp,1,2025-12-20,55,quantile,0.6,288
2025-12-13,wk inc flu hosp,1,2025-12-20,55,quantile,0.65,302
2025-12-13,wk inc flu hosp,1,2025-12-20,55,quantile,0.7,316
2025-12-13,wk inc flu hosp,1,2025-12-20,55,quantile,0.75,337
2025-12-13,wk inc flu hosp,1,2025-12-20,55,quantile,0.8,357
2025-12-13,wk inc flu hosp,1,2025-12-20,55,quantile,0.85,383
2025-12-13,wk inc flu hosp,1,2025-12-20,55,quantile,0.9,415
2025-12-13,wk inc flu hosp,1,2025-12-20,55,quantile,0.95,467
2025-12-13,wk inc flu hosp,1,2025-12-20,55,quantile,0.975,504
2025-12-13,wk inc flu hosp,1,2025-12-20,55,quantile,0.99,588
2025-12-13,wk inc flu hosp,1,2025-12-20,56,quantile,0.01,2
2025-12-13,wk inc flu hosp,1,2025-12-20,56,quantile,0.025,3
2025-12-13,wk inc flu hosp,1,2025-12-20,56,quantile,0.05,4
2025-12-13,wk inc flu hosp,1,2025-12-20,56,quantile,0.1,5
2025-12-13,wk inc flu hosp,1,2025-12-20,56,quantile,0.15,6
2025-12-13,wk inc flu hosp,1,2025-12-20,56,quantile,0.2,7
2025-12-13,wk inc flu hosp,1,2025-12-20,56,quantile,0.25,9
2025-12-13,wk inc flu hosp,1,2025-12-20,56,quantile,0.3,10
2025-12-13,wk inc flu hosp,1,2025-12-20,56,quantile,0.35,11
2025-12-13,wk inc flu hosp,1,2025-12-20,56,quantile,0.4,12
2025-12-13,wk inc flu hosp,1,2025-12-20,56,quantile,0.45,13
2025-12-13,wk inc flu hosp,1,2025-12-20,56,quantile,0.5,14
2025-12-13,wk inc flu hosp,1,2025-12-20,56,quantile,0.55,15
2025-12-13,wk inc flu hosp,1,2025-12-20,56,quantile,0.6,16
2025-12-13,wk inc flu hosp,1,2025-12-20,56,quantile,0.65,17
2025-12-13,wk inc flu hosp,1,2025-12-20,56,quantile,0.7,19
2025-12-13,wk inc flu hosp,1,2025-12-20,56,quantile,0.75,21
2025-12-13,wk inc flu hosp,1,2025-12-20,56,quantile,0.8,23
2025-12-13,wk inc flu hosp,1,2025-12-20,56,quantile,0.85,26
2025-12-13,wk inc flu hosp,1,2025-12-20,56,quantile,0.9,30
2025-12-13,wk inc flu hosp,1,2025-12-20,56,quantile,0.95,36
2025-12-13,wk inc flu hosp,1,2025-12-20,56,quantile,0.975,45
2025-12-13,wk inc flu hosp,1,2025-12-20,56,quantile,0.99,56
2025-12-13,wk inc flu hosp,1,2025-12-20,72,quantile,0.01,207
2025-12-13,wk inc flu hosp,1,2025-12-20,72,quantile,0.025,231
2025-12-13,wk inc flu hosp,1,2025-12-20,72,quantile,0.05,251
2025-12-13,wk inc flu hosp,1,2025-12-20,72,quantile,0.1,272
2025-12-13,wk inc flu hosp,1,2025-12-20,72,quantile,0.15,294
2025-12-13,wk inc flu hosp,1,2025-12-20,72,quantile,0.2,309
2025-12-13,wk inc flu hosp,1,2025-12-20,72,quantile,0.25,324
2025-12-13,wk inc flu hosp,1,2025-12-20,72,quantile,0.3,335
2025-12-13,wk inc flu hosp,1,2025-12-20,72,quantile,0.35,346
2025-12-13,wk inc flu hosp,1,2025-12-20,72,quantile,0.4,360
2025-12-13,wk inc flu hosp,1,2025-12-20,72,quantile,0.45,376
2025-12-13,wk inc flu hosp,1,2025-12-20,72,quantile,0.5,389
2025-12-13,wk inc flu hosp,1,2025-12-20,72,quantile,0.55,402
2025-12-13,wk inc flu hosp,1,2025-12-20,72,quantile,0.6,414
2025-12-13,wk inc flu hosp,1,2025-12-20,72,quantile,0.65,425
2025-12-13,wk inc flu hosp,1,2025-12-20,72,quantile,0.7,439
2025-12-13,wk inc flu hosp,1,2025-12-20,72,quantile,0.75,457
2025-12-13,wk inc flu hosp,1,2025-12-20,72,quantile,0.8,479
2025-12-13,wk inc flu hosp,1,2025-12-20,72,quantile,0.85,509
2025-12-13,wk inc flu hosp,1,2025-12-20,72,quantile,0.9,542
2025-12-13,wk inc flu hosp,1,2025-12-20,72,quantile,0.95,594
2025-12-13,wk inc flu hosp,1,2025-12-20,72,quantile,0.975,639
2025-12-13,wk inc flu hosp,1,2025-12-20,72,quantile,0.99,681
2025-12-13,wk inc flu hosp,1,2025-12-20,US,quantile,0.01,11933
2025-12-13,wk inc flu hosp,1,2025-12-20,US,quantile,0.025,12126
2025-12-13,wk inc flu hosp,1,2025-12-20,US,quantile,0.05,12378
2025-12-13,wk inc flu hosp,1,2025-12-20,US,quantile,0.1,12780
2025-12-13,wk inc flu hosp,1,2025-12-20,US,quantile,0.15,12984
2025-12-13,wk inc flu hosp,1,2025-12-20,US,quantile,0.2,13158
2025-12-13,wk inc flu hosp,1,2025-12-20,US,quantile,0.25,13334
2025-12-13,wk inc flu hosp,1,2025-12-20,US,quantile,0.3,13500
2025-12-13,wk inc flu hosp,1,2025-12-20,US,quantile,0.35,13646
2025-12-13,wk inc flu hosp,1,2025-12-20,US,quantile,0.4,13780
2025-12-13,wk inc flu hosp,1,2025-12-20,US,quantile,0.45,13905
2025-12-13,wk inc flu hosp,1,2025-12-20,US,quantile,0.5,14020
2025-12-13,wk inc flu hosp,1,2025-12-20,US,quantile,0.55,14164
2025-12-13,wk inc flu hosp,1,2025-12-20,US,quantile,0.6,14268
2025-12-13,wk inc flu hosp,1,2025-12-20,US,quantile,0.65,14410
2025-12-13,wk inc flu hosp,1,2025-12-20,US,quantile,0.7,14557
2025-12-13,wk inc flu hosp,1,2025-12-20,US,quantile,0.75,14704
2025-12-13,wk inc flu hosp,1,2025-12-20,US,quantile,0.8,14850
2025-12-13,wk inc flu hosp,1,2025-12-20,US,quantile,0.85,15031
2025-12-13,wk inc flu hosp,1,2025-12-20,US,quantile,0.9,15232
2025-12-13,wk inc flu hosp,1,2025-12-20,US,quantile,0.95,15695
2025-12-13,wk inc flu hosp,1,2025-12-20,US,quantile,0.975,15963
2025-12-13,wk inc flu hosp,1,2025-12-20,US,quantile,0.99,16255
2025-12-13,wk inc flu hosp,2,2025-12-27,01,quantile,0.01,45
2025-12-13,wk inc flu hosp,2,2025-12-27,01,quantile,0.025,57
2025-12-13,wk inc flu hosp,2,2025-12-27,01,quantile,0.05,67
2025-12-13,wk inc flu hosp,2,2025-12-27,01,quantile,0.1,80
2025-12-13,wk inc flu hosp,2,2025-12-27,01,quantile,0.15,93
2025-12-13,wk inc flu hosp,2,2025-12-27,01,quantile,0.2,102
2025-12-13,wk inc flu hosp,2,2025-12-27,01,quantile,0.25,111
2025-12-13,wk inc flu hosp,2,2025-12-27,01,quantile,0.3,121
2025-12-13,wk inc flu hosp,2,2025-12-27,01,quantile,0.35,130
2025-12-13,wk inc flu hosp,2,2025-12-27,01,quantile,0.4,138
2025-12-13,wk inc flu hosp,2,2025-12-27,01,quantile,0.45,149
2025-12-13,wk inc flu hosp,2,2025-12-27,01,quantile,0.5,156
2025-12-13,wk inc flu hosp,2,2025-12-27,01,quantile,0.55,169
2025-12-13,wk inc flu hosp,2,2025-12-27,01,quantile,0.6,181
2025-12-13,wk inc flu hosp,2,2025-12-27,01,quantile,0.65,198
2025-12-13,wk inc flu hosp,2,2025-12-27,01,quantile,0.7,211
2025-12-13,wk inc flu hosp,2,2025-12-27,01,quantile,0.75,224
2025-12-13,wk inc flu hosp,2,2025-12-27,01,quantile,0.8,243
2025-12-13,wk inc flu hosp,2,2025-12-27,01,quantile,0.85,270
2025-12-13,wk inc flu hosp,2,2025-12-27,01,quantile,0.9,302
2025-12-13,wk inc flu hosp,2,2025-12-27,01,quantile,0.95,377
2025-12-13,wk inc flu hosp,2,2025-12-27,01,quantile,0.975,446
2025-12-13,wk inc flu hosp,2,2025-12-27,01,quantile,0.99,541
2025-12-13,wk inc flu hosp,2,2025-12-27,02,quantile,0.01,3
2025-12-13,wk inc flu hosp,2,2025-12-27,02,quantile,0.025,4
2025-12-13,wk inc flu hosp,2,2025-12-27,02,quantile,0.05,5
2025-12-13,wk inc flu hosp,2,2025-12-27,02,quantile,0.1,7
2025-12-13,wk inc flu hosp,2,2025-12-27,02,quantile,0.15,10
2025-12-13,wk inc flu hosp,2,2025-12-27,02,quantile,0.2,12
2025-12-13,wk inc flu hosp,2,2025-12-27,02,quantile,0.25,13
2025-12-13,wk inc flu hosp,2,2025-12-27,02,quantile,0.3,16
2025-12-13,wk inc flu hosp,2,2025-12-27,02,quantile,0.35,17
2025-12-13,wk inc flu hosp,2,2025-12-27,02,quantile,0.4,19
2025-12-13,wk inc flu hosp,2,2025-12-27,02,quantile,0.45,22
2025-12-13,wk inc flu hosp,2,2025-12-27,02,quantile,0.5,24
2025-12-13,wk inc flu hosp,2,2025-12-27,02,quantile,0.55,26
2025-12-13,wk inc flu hosp,2,2025-12-27,02,quantile,0.6,29
2025-12-13,wk inc flu hosp,2,2025-12-27,02,quantile,0.65,32
2025-12-13,wk inc flu hosp,2,2025-12-27,02,quantile,0.7,35
2025-12-13,wk inc flu hosp,2,2025-12-27,02,quantile,0.75,40
2025-12-13,wk inc flu hosp,2,2025-12-27,02,quantile,0.8,44
2025-12-13,wk inc flu hosp,2,2025-12-27,02,quantile,0.85,50
2025-12-13,wk inc flu hosp,2,2025-12-27,02,quantile,0.9,60
2025-12-13,wk inc flu hosp,2,2025-12-27,02,quantile,0.95,77
2025-12-13,wk inc flu hosp,2,2025-12-27,02,quantile,0.975,97
2025-12-13,wk inc flu hosp,2,2025-12-27,02,quantile,0.99,115
2025-12-13,wk inc flu hosp,2,2025-12-27,04,quantile,0.01,31
2025-12-13,wk inc flu hosp,2,2025-12-27,04,quantile,0.025,39
2025-12-13,wk inc flu hosp,2,2025-12-27,04,quantile,0.05,47
2025-12-13,wk inc flu hosp,2,2025-12-27,04,quantile,0.1,61
2025-12-13,wk inc flu hosp,2,2025-12-27,04,quantile,0.15,70
2025-12-13,wk inc flu hosp,2,2025-12-27,04,quantile,0.2,76
2025-12-13,wk inc flu hosp,2,2025-12-27,04,quantile,0.25,81
2025-12-13,wk inc flu hosp,2,2025-12-27,04,quantile,0.3,86
2025-12-13,wk inc flu hosp,2,2025-12-27,04,quantile,0.35,93
2025-12-13,wk inc flu hosp,2,2025-12-27,04,quantile,0.4,99
2025-12-13,wk inc flu hosp,2,2025-12-27,04,quantile,0.45,105
2025-12-13,wk inc flu hosp,2,2025-12-27,04,quantile,0.5,111
2025-12-13,wk inc flu hosp,2,2025-12-27,04,quantile,0.55,120
2025-12-13,wk inc flu hosp,2,2025-12-27,04,quantile,0.6,127
2025-12-13,wk inc flu hosp,2,2025-12-27,04,quantile,0.65,135
2025-12-13,wk inc flu hosp,2,2025-12-27,04,quantile,0.7,147
2025-12-13,wk inc flu hosp,2,2025-12-27,04,quantile,0.75,159
2025-12-13,wk inc flu hosp,2,2025-12-27,04,quantile,0.8,174
2025-12-13,wk inc flu hosp,2,2025-12-27,04,quantile,0.85,197
2025-12-13,wk inc flu hosp,2,2025-12-27,04,quantile,0.9,225
2025-12-13,wk inc flu hosp,2,2025-12-27,04,quantile,0.95,288
2025-12-13,wk inc flu hosp,2,2025-12-27,04,quantile,0.975,343
2025-12-13,wk inc flu hosp,2,2025-12-27,04,quantile,0.99,464
2025-12-13,wk inc flu hosp,2,2025-12-27,05,quantile,0.01,98
2025-12-13,wk inc flu hosp,2,2025-12-27,05,quantile,0.025,112
2025-12-13,wk inc flu hosp,2,2025-12-27,05,quantile,0.05,129
2025-12-13,wk inc flu hosp,2,2025-12-27,05,quantile,0.1,150
2025-12-13,wk inc flu hosp,2,2025-12-27,05,quantile,0.15,170
2025-12-13,wk inc flu hosp,2,2025-12-27,05,quantile,0.2,181
2025-12-13,wk inc flu hosp,2,2025-12-27,05,quantile,0.25,190
2025-12-13,wk inc flu hosp,2,2025-12-27,05,quantile,0.3,200
2025-12-13,wk inc flu hosp,2,2025-12-27,05,quantile,0.35,210
2025-12-13,wk inc flu hosp,2,2025-12-27,05,quantile,0.4,222
2025-12-13,wk inc flu hosp,2,2025-12-27,05,quantile,0.45,234
2025-12-13,wk inc flu hosp,2,2025-12-27,05,quantile,0.5,244
2025-12-13,wk inc flu hosp,2,2025-12-27,05,quantile,0.55,257
2025-12-13,wk inc flu hosp,2,2025-12-27,05,quantile,0.6,268
2025-12-13,wk inc flu hosp,2,2025-12-27,05,quantile,0.65,282
2025-12-13,wk inc flu hosp,2,2025-12-27,05,quantile,0.7,297
2025-12-13,wk inc flu hosp,2,2025-12-27,05,quantile,0.75,314
2025-12-13,wk inc flu hosp,2,2025-12-27,05,quantile,0.8,333
2025-12-13,wk inc flu hosp,2,2025-12-27,05,quantile,0.85,360
2025-12-13,wk inc flu hosp,2,2025-12-27,05,quantile,0.9,395
2025-12-13,wk inc flu hosp,2,2025-12-27,05,quantile,0.95,454
2025-12-13,wk inc flu hosp,2,2025-12-27,05,quantile,0.975,497
2025-12-13,wk inc flu hosp,2,2025-12-27,05,quantile,0.99,562
2025-12-13,wk inc flu hosp,2,2025-12-27,06,quantile,0.01,156
2025-12-13,wk inc flu hosp,2,2025-12-27,06,quantile,0.025,192
2025-12-13,wk inc flu hosp,2,2025-12-27,06,quantile,0.05,217
2025-12-13,wk inc flu hosp,2,2025-12-27,06,quantile,0.1,247
2025-12-13,wk inc flu hosp,2,2025-12-27,06,quantile,0.15,279
2025-12-13,wk inc flu hosp,2,2025-12-27,06,quantile,0.2,306
2025-12-13,wk inc flu hosp,2,2025-12-27,06,quantile,0.25,329
2025-12-13,wk inc flu hosp,2,2025-12-27,06,quantile,0.3,347
2025-12-13,wk inc flu hosp,2,2025-12-27,06,quantile,0.35,365
2025-12-13,wk inc flu hosp,2,2025-12-27,06,quantile,0.4,385
2025-12-13,wk inc flu hosp,2,2025-12-27,06,quantile,0.45,407
2025-12-13,wk inc flu hosp,2,2025-12-27,06,quantile,0.5,434
2025-12-13,wk inc flu hosp,2,2025-12-27,06,quantile,0.55,465
2025-12-13,wk inc flu hosp,2,2025-12-27,06,quantile,0.6,502
2025-12-13,wk inc flu hosp,2,2025-12-27,06,quantile,0.65,528
2025-12-13,wk inc flu hosp,2,2025-12-27,06,quantile,0.7,563
2025-12-13,wk inc flu hosp,2,2025-12-27,06,quantile,0.75,602
2025-12-13,wk inc flu hosp,2,2025-12-27,06,quantile,0.8,655
2025-12-13,wk inc flu hosp,2,2025-12-27,06,quantile,0.85,715
2025-12-13,wk inc flu hosp,2,2025-12-27,06,quantile,0.9,788
2025-12-13,wk inc flu hosp,2,2025-12-27,06,quantile,0.95,936
2025-12-13,wk inc flu hosp,2,2025-12-27,06,quantile,0.975,1095
2025-12-13,wk inc flu hosp,2,2025-12-27,06,quantile,0.99,1352
2025-12-13,wk inc flu hosp,2,2025-12-27,08,quantile,0.01,241
2025-12-13,wk inc flu hosp,2,2025-12-27,08,quantile,0.025,279
2025-12-13,wk inc flu hosp,2,2025-12-27,08,quantile,0.05,313
2025-12-13,wk inc flu hosp,2,2025-12-27,08,quantile,0.1,365
2025-12-13,wk inc flu hosp,2,2025-12-27,08,quantile,0.15,397
2025-12-13,wk inc flu hosp,2,2025-12-27,08,quantile,0.2,433
2025-12-13,wk inc flu hosp,2,2025-12-27,08,quantile,0.25,454
2025-12-13,wk inc flu hosp,2,2025-12-27,08,quantile,0.3,476
2025-12-13,wk inc flu hosp,2,2025-12-27,08,quantile,0.35,500
2025-12-13,wk inc flu hosp,2,2025-12-27,08,quantile,0.4,521
2025-12-13,wk inc flu hosp,2,2025-12-27,08,quantile,0.45,546
2025-12-13,wk inc flu hosp,2,2025-12-27,08,quantile,0.5,573
2025-12-13,wk inc flu hosp,2,2025-12-27,08,quantile,0.55,606
2025-12-13,wk inc flu hosp,2,2025-12-27,08,quantile,0.6,637
2025-12-13,wk inc flu hosp,2,2025-12-27,08,quantile,0.65,675
2025-12-13,wk inc flu hosp,2,2025-12-27,08,quantile,0.7,718
2025-12-13,wk inc flu hosp,2,2025-12-27,08,quantile,0.75,762
2025-12-13,wk inc flu hosp,2,2025-12-27,08,quantile,0.8,819
2025-12-13,wk inc flu hosp,2,2025-12-27,08,quantile,0.85,864
2025-12-13,wk inc flu hosp,2,2025-12-27,08,quantile,0.9,930
2025-12-13,wk inc flu hosp,2,2025-12-27,08,quantile,0.95,1048
2025-12-13,wk inc flu hosp,2,2025-12-27,08,quantile,0.975,1167
2025-12-13,wk inc flu hosp,2,2025-12-27,08,quantile,0.99,1308
2025-12-13,wk inc flu hosp,2,2025-12-27,09,quantile,0.01,45
2025-12-13,wk inc flu hosp,2,2025-12-27,09,quantile,0.025,50
2025-12-13,wk inc flu hosp,2,2025-12-27,09,quantile,0.05,54
2025-12-13,wk inc flu hosp,2,2025-12-27,09,quantile,0.1,61
2025-12-13,wk inc flu hosp,2,2025-12-27,09,quantile,0.15,65
2025-12-13,wk inc flu hosp,2,2025-12-27,09,quantile,0.2,69
2025-12-13,wk inc flu hosp,2,2025-12-27,09,quantile,0.25,73
2025-12-13,wk inc flu hosp,2,2025-12-27,09,quantile,0.3,77
2025-12-13,wk inc flu hosp,2,2025-12-27,09,quantile,0.35,79
2025-12-13,wk inc flu hosp,2,2025-12-27,09,quantile,0.4,83
2025-12-13,wk inc flu hosp,2,2025-12-27,09,quantile,0.45,87
2025-12-13,wk inc flu hosp,2,2025-12-27,09,quantile,0.5,90
2025-12-13,wk inc flu hosp,2,2025-12-27,09,quantile,0.55,93
2025-12-13,wk inc flu hosp,2,2025-12-27,09,quantile,0.6,97
2025-12-13,wk inc flu hosp,2,2025-12-27,09,quantile,0.65,101
2025-12-13,wk inc flu hosp,2,2025-12-27,09,quantile,0.7,107
2025-12-13,wk inc flu hosp,2,2025-12-27,09,quantile,0.75,116
2025-12-13,wk inc flu hosp,2,2025-12-27,09,quantile,0.8,127
2025-12-13,wk inc flu hosp,2,2025-12-27,09,quantile,0.85,139
2025-12-13,wk inc flu hosp,2,2025-12-27,09,quantile,0.9,161
2025-12-13,wk inc flu hosp,2,2025-12-27,09,quantile,0.95,194
2025-12-13,wk inc flu hosp,2,2025-12-27,09,quantile,0.975,229
2025-12-13,wk inc flu hosp,2,2025-12-27,09,quantile,0.99,273
2025-12-13,wk inc flu hosp,2,2025-12-27,10,quantile,0.01,2
2025-12-13,wk inc flu hosp,2,2025-12-27,10,quantile,0.025,3
2025-12-13,wk inc flu hosp,2,2025-12-27,10,quantile,0.05,5
2025-12-13,wk inc flu hosp,2,2025-12-27,10,quantile,0.1,7
2025-12-13,wk inc flu hosp,2,2025-12-27,10,quantile,0.15,9
2025-12-13,wk inc flu hosp,2,2025-12-27,10,quantile,0.2,10
2025-12-13,wk inc flu hosp,2,2025-12-27,10,quantile,0.25,12
2025-12-13,wk inc flu hosp,2,2025-12-27,10,quantile,0.3,13
2025-12-13,wk inc flu hosp,2,2025-12-27,10,quantile,0.35,15
2025-12-13,wk inc flu hosp,2,2025-12-27,10,quantile,0.4,16
2025-12-13,wk inc flu hosp,2,2025-12-27,10,quantile,0.45,18
2025-12-13,wk inc flu hosp,2,2025-12-27,10,quantile,0.5,20
2025-12-13,wk inc flu hosp,2,2025-12-27,10,quantile,0.55,21
2025-12-13,wk inc flu hosp,2,2025-12-27,10,quantile,0.6,24
2025-12-13,wk inc flu hosp,2,2025-12-27,10,quantile,0.65,27
2025-12-13,wk inc flu hosp,2,2025-12-27,10,quantile,0.7,29
2025-12-13,wk inc flu hosp,2,2025-12-27,10,quantile,0.75,32
2025-12-13,wk inc flu hosp,2,2025-12-27,10,quantile,0.8,35
2025-12-13,wk inc flu hosp,2,2025-12-27,10,quantile,0.85,39
2025-12-13,wk inc flu hosp,2,2025-12-27,10,quantile,0.9,46
2025-12-13,wk inc flu hosp,2,2025-12-27,10,quantile,0.95,60
2025-12-13,wk inc flu hosp,2,2025-12-27,10,quantile,0.975,79
2025-12-13,wk inc flu hosp,2,2025-12-27,10,quantile,0.99,103
2025-12-13,wk inc flu hosp,2,2025-12-27,11,quantile,0.01,12
2025-12-13,wk inc flu hosp,2,2025-12-27,11,quantile,0.025,16
2025-12-13,wk inc flu hosp,2,2025-12-27,11,quantile,0.05,20
2025-12-13,wk inc flu hosp,2,2025-12-27,11,quantile,0.1,24
2025-12-13,wk inc flu hosp,2,2025-12-27,11,quantile,0.15,28
2025-12-13,wk inc flu hosp,2,2025-12-27,11,quantile,0.2,31
2025-12-13,wk inc flu hosp,2,2025-12-27,11,quantile,0.25,35
2025-12-13,wk inc flu hosp,2,2025-12-27,11,quantile,0.3,38
2025-12-13,wk inc flu hosp,2,2025-12-27,11,quantile,0.35,41
2025-12-13,wk inc flu hosp,2,2025-12-27,11,quantile,0.4,45
2025-12-13,wk inc flu hosp,2,2025-12-27,11,quantile,0.45,47
2025-12-13,wk inc flu hosp,2,2025-12-27,11,quantile,0.5,51
2025-12-13,wk inc flu hosp,2,2025-12-27,11,quantile,0.55,55
2025-12-13,wk inc flu hosp,2,2025-12-27,11,quantile,0.6,59
2025-12-13,wk inc flu hosp,2,2025-12-27,11,quantile,0.65,63
2025-12-13,wk inc flu hosp,2,2025-12-27,11,quantile,0.7,67
2025-12-13,wk inc flu hosp,2,2025-12-27,11,quantile,0.75,73
2025-12-13,wk inc flu hosp,2,2025-12-27,11,quantile,0.8,80
2025-12-13,wk inc flu hosp,2,2025-12-27,11,quantile,0.85,88
2025-12-13,wk inc flu hosp,2,2025-12-27,11,quantile,0.9,102
2025-12-13,wk inc flu hosp,2,2025-12-27,11,quantile,0.95,120
2025-12-13,wk inc flu hosp,2,2025-12-27,11,quantile,0.975,143
2025-12-13,wk inc flu hosp,2,2025-12-27,11,quantile,0.99,179
2025-12-13,wk inc flu hosp,2,2025-12-27,12,quantile,0.01,506
2025-12-13,wk inc flu hosp,2,2025-12-27,12,quantile,0.025,579
2025-12-13,wk inc flu hosp,2,2025-12-27,12,quantile,0.05,633
2025-12-13,wk inc flu hosp,2,2025-12-27,12,quantile,0.1,712
2025-12-13,wk inc flu hosp,2,2025-12-27,12,quantile,0.15,770
2025-12-13,wk inc flu hosp,2,2025-12-27,12,quantile,0.2,829
2025-12-13,wk inc flu hosp,2,2025-12-27,12,quantile,0.25,884
2025-12-13,wk inc flu hosp,2,2025-12-27,12,quantile,0.3,931
2025-12-13,wk inc flu hosp,2,2025-12-27,12,quantile,0.35,985
2025-12-13,wk inc flu hosp,2,2025-12-27,12,quantile,0.4,1027
2025-12-13,wk inc flu hosp,2,2025-12-27,12,quantile,0.45,1079
2025-12-13,wk inc flu hosp,2,2025-12-27,12,quantile,0.5,1138
2025-12-13,wk inc flu hosp,2,2025-12-27,12,quantile,0.55,1187
2025-12-13,wk inc flu hosp,2,2025-12-27,12,quantile,0.6,1244
2025-12-13,wk inc flu hosp,2,2025-12-27,12,quantile,0.65,1315
2025-12-13,wk inc flu hosp,2,2025-12-27,12,quantile,0.7,1385
2025-12-13,wk inc flu hosp,2,2025-12-27,12,quantile,0.75,1464
2025-12-13,wk inc flu hosp,2,2025-12-27,12,quantile,0.8,1559
2025-12-13,wk inc flu hosp,2,2025-12-27,12,quantile,0.85,1666
2025-12-13,wk inc flu hosp,2,2025-12-27,12,quantile,0.9,1827
2025-12-13,wk inc flu hosp,2,2025-12-27,12,quantile,0.95,2074
2025-12-13,wk inc flu hosp,2,2025-12-27,12,quantile,0.975,2333
2025-12-13,wk inc flu hosp,2,2025-12-27,12,quantile,0.99,2637
2025-12-13,wk inc flu hosp,2,2025-12-27,13,quantile,0.01,99
2025-12-13,wk inc flu hosp,2,2025-12-27,13,quantile,0.025,130
2025-12-13,wk inc flu hosp,2,2025-12-27,13,quantile,0.05,158
2025-12-13,wk inc flu hosp,2,2025-12-27,13,quantile,0.1,182
2025-12-13,wk inc flu hosp,2,2025-12-27,13,quantile,0.15,199
2025-12-13,wk inc flu hosp,2,2025-12-27,13,quantile,0.2,212
2025-12-13,wk inc flu hosp,2,2025-12-27,13,quantile,0.25,226
2025-12-13,wk inc flu hosp,2,2025-12-27,13,quantile,0.3,245
2025-12-13,wk inc flu hosp,2,2025-12-27,13,quantile,0.35,262
2025-12-13,wk inc flu hosp,2,2025-12-27,13,quantile,0.4,274
2025-12-13,wk inc flu hosp,2,2025-12-27,13,quantile,0.45,296
2025-12-13,wk inc flu hosp,2,2025-12-27,13,quantile,0.5,312
2025-12-13,wk inc flu hosp,2,2025-12-27,13,quantile,0.55,328
2025-12-13,wk inc flu hosp,2,2025-12-27,13,quantile,0.6,343
2025-12-13,wk inc flu hosp,2,2025-12-27,13,quantile,0.65,367
2025-12-13,wk inc flu hosp,2,2025-12-27,13,quantile,0.7,386
2025-12-13,wk inc flu hosp,2,2025-12-27,13,quantile,0.75,409
2025-12-13,wk inc flu hosp,2,2025-12-27,13,quantile,0.8,438
2025-12-13,wk inc flu hosp,2,2025-12-27,13,quantile,0.85,478
2025-12-13,wk inc flu hosp,2,2025-12-27,13,quantile,0.9,529
2025-12-13,wk inc flu hosp,2,2025-12-27,13,quantile,0.95,631
2025-12-13,wk inc flu hosp,2,2025-12-27,13,quantile,0.975,723
2025-12-13,wk inc flu hosp,2,2025-12-27,13,quantile,0.99,839
2025-12-13,wk inc flu hosp,2,2025-12-27,15,quantile,0.01,30
2025-12-13,wk inc flu hosp,2,2025-12-27,15,quantile,0.025,36
2025-12-13,wk inc flu hosp,2,2025-12-27,15,quantile,0.05,40
2025-12-13,wk inc flu hosp,2,2025-12-27,15,quantile,0.1,49
2025-12-13,wk inc flu hosp,2,2025-12-27,15,quantile,0.15,55
2025-12-13,wk inc flu hosp,2,2025-12-27,15,quantile,0.2,60
2025-12-13,wk inc flu hosp,2,2025-12-27,15,quantile,0.25,66
2025-12-13,wk inc flu hosp,2,2025-12-27,15,quantile,0.3,70
2025-12-13,wk inc flu hosp,2,2025-12-27,15,quantile,0.35,75
2025-12-13,wk inc flu hosp,2,2025-12-27,15,quantile,0.4,79
2025-12-13,wk inc flu hosp,2,2025-12-27,15,quantile,0.45,84
2025-12-13,wk inc flu hosp,2,2025-12-27,15,quantile,0.5,88
2025-12-13,wk inc flu hosp,2,2025-12-27,15,quantile,0.55,94
2025-12-13,wk inc flu hosp,2,2025-12-27,15,quantile,0.6,102
2025-12-13,wk inc flu hosp,2,2025-12-27,15,quantile,0.65,108
2025-12-13,wk inc flu hosp,2,2025-12-27,15,quantile,0.7,115
2025-12-13,wk inc flu hosp,2,2025-12-27,15,quantile,0.75,123
2025-12-13,wk inc flu hosp,2,2025-12-27,15,quantile,0.8,133
2025-12-13,wk inc flu hosp,2,2025-12-27,15,quantile,0.85,146
2025-12-13,wk inc flu hosp,2,2025-12-27,15,quantile,0.9,166
2025-12-13,wk inc flu hosp,2,2025-12-27,15,quantile,0.95,193
2025-12-13,wk inc flu hosp,2,2025-12-27,15,quantile,0.975,220
2025-12-13,wk inc flu hosp,2,2025-12-27,15,quantile,0.99,250
2025-12-13,wk inc flu hosp,2,2025-12-27,16,quantile,0.01,23
2025-12-13,wk inc flu hosp,2,2025-12-27,16,quantile,0.025,26
2025-12-13,wk inc flu hosp,2,2025-12-27,16,quantile,0.05,32
2025-12-13,wk inc flu hosp,2,2025-12-27,16,quantile,0.1,41
2025-12-13,wk inc flu hosp,2,2025-12-27,16,quantile,0.15,47
2025-12-13,wk inc flu hosp,2,2025-12-27,16,quantile,0.2,52
2025-12-13,wk inc flu hosp,2,2025-12-27,16,quantile,0.25,56
2025-12-13,wk inc flu hosp,2,2025-12-27,16,quantile,0.3,62
2025-12-13,wk inc flu hosp,2,2025-12-27,16,quantile,0.35,67
2025-12-13,wk inc flu hosp,2,2025-12-27,16,quantile,0.4,72
2025-12-13,wk inc flu hosp,2,2025-12-27,16,quantile,0.45,77
2025-12-13,wk inc flu hosp,2,2025-12-27,16,quantile,0.5,82
2025-12-13,wk inc flu hosp,2,2025-12-27,16,quantile,0.55,88
2025-12-13,wk inc flu hosp,2,2025-12-27,16,quantile,0.6,95
2025-12-13,wk inc flu hosp,2,2025-12-27,16,quantile,0.65,102
2025-12-13,wk inc flu hosp,2,2025-12-27,16,quantile,0.7,110
2025-12-13,wk inc flu hosp,2,2025-12-27,16,quantile,0.75,117
2025-12-13,wk inc flu hosp,2,2025-12-27,16,quantile,0.8,127
2025-12-13,wk inc flu hosp,2,2025-12-27,16,quantile,0.85,141
2025-12-13,wk inc flu hosp,2,2025-12-27,16,quantile,0.9,157
2025-12-13,wk inc flu hosp,2,2025-12-27,16,quantile,0.95,182
2025-12-13,wk inc flu hosp,2,2025-12-27,16,quantile,0.975,206
2025-12-13,wk inc flu hosp,2,2025-12-27,16,quantile,0.99,249
2025-12-13,wk inc flu hosp,2,2025-12-27,17,quantile,0.01,187
2025-12-13,wk inc flu hosp,2,2025-12-27,17,quantile,0.025,213
2025-12-13,wk inc flu hosp,2,2025-12-27,17,quantile,0.05,245
2025-12-13,wk inc flu hosp,2,2025-12-27,17,quantile,0.1,285
2025-12-13,wk inc flu hosp,2,2025-12-27,17,quantile,0.15,316
2025-12-13,wk inc flu hosp,2,2025-12-27,17,quantile,0.2,342
2025-12-13,wk inc flu hosp,2,2025-12-27,17,quantile,0.25,370
2025-12-13,wk inc flu hosp,2,2025-12-27,17,quantile,0.3,394
2025-12-13,wk inc flu hosp,2,2025-12-27,17,quantile,0.35,418
2025-12-13,wk inc flu hosp,2,2025-12-27,17,quantile,0.4,444
2025-12-13,wk inc flu hosp,2,2025-12-27,17,quantile,0.45,468
2025-12-13,wk inc flu hosp,2,2025-12-27,17,quantile,0.5,492
2025-12-13,wk inc flu hosp,2,2025-12-27,17,quantile,0.55,519
2025-12-13,wk inc flu hosp,2,2025-12-27,17,quantile,0.6,543
2025-12-13,wk inc flu hosp,2,2025-12-27,17,quantile,0.65,585
2025-12-13,wk inc flu hosp,2,2025-12-27,17,quantile,0.7,624
2025-12-13,wk inc flu hosp,2,2025-12-27,17,quantile,0.75,662
2025-12-13,wk inc flu hosp,2,2025-12-27,17,quantile,0.8,712
2025-12-13,wk inc flu hosp,2,2025-12-27,17,quantile,0.85,773
2025-12-13,wk inc flu hosp,2,2025-12-27,17,quantile,0.9,874
2025-12-13,wk inc flu hosp,2,2025-12-27,17,quantile,0.95,1006
2025-12-13,wk inc flu hosp,2,2025-12-27,17,quantile,0.975,1270
2025-12-13,wk inc flu hosp,2,2025-12-27,17,quantile,0.99,1507
2025-12-13,wk inc flu hosp,2,2025-12-27,18,quantile,0.01,99
2025-12-13,wk inc flu hosp,2,2025-12-27,18,quantile,0.025,112
2025-12-13,wk inc flu hosp,2,2025-12-27,18,quantile,0.05,126
2025-12-13,wk inc flu hosp,2,2025-12-27,18,quantile,0.1,145
2025-12-13,wk inc flu hosp,2,2025-12-27,18,quantile,0.15,160
2025-12-13,wk inc flu hosp,2,2025-12-27,18,quantile,0.2,174
2025-12-13,wk inc flu hosp,2,2025-12-27,18,quantile,0.25,187
2025-12-13,wk inc flu hosp,2,2025-12-27,18,quantile,0.3,201
2025-12-13,wk inc flu hosp,2,2025-12-27,18,quantile,0.35,215
2025-12-13,wk inc flu hosp,2,2025-12-27,18,quantile,0.4,227
2025-12-13,wk inc flu hosp,2,2025-12-27,18,quantile,0.45,239
2025-12-13,wk inc flu hosp,2,2025-12-27,18,quantile,0.5,253
2025-12-13,wk inc flu hosp,2,2025-12-27,18,quantile,0.55,268
2025-12-13,wk inc flu hosp,2,2025-12-27,18,quantile,0.6,288
2025-12-13,wk inc flu hosp,2,2025-12-27,18,quantile,0.65,309
2025-12-13,wk inc flu hosp,2,2025-12-27,18,quantile,0.7,330
2025-12-13,wk inc flu hosp,2,2025-12-27,18,quantile,0.75,355
2025-12-13,wk inc flu hosp,2,2025-12-27,18,quantile,0.8,381
2025-12-13,wk inc flu hosp,2,2025-12-27,18,quantile,0.85,417
2025-12-13,wk inc flu hosp,2,2025-12-27,18,quantile,0.9,469
2025-12-13,wk inc flu hosp,2,2025-12-27,18,quantile,0.95,556
2025-12-13,wk inc flu hosp,2,2025-12-27,18,quantile,0.975,655
2025-12-13,wk inc flu hosp,2,2025-12-27,18,quantile,0.99,787
2025-12-13,wk inc flu hosp,2,2025-12-27,19,quantile,0.01,12
2025-12-13,wk inc flu hosp,2,2025-12-27,19,quantile,0.025,14
2025-12-13,wk inc flu hosp,2,2025-12-27,19,quantile,0.05,17
2025-12-13,wk inc flu hosp,2,2025-12-27,19,quantile,0.1,22
2025-12-13,wk inc flu hosp,2,2025-12-27,19,quantile,0.15,27
2025-12-13,wk inc flu hosp,2,2025-12-27,19,quantile,0.2,30
2025-12-13,wk inc flu hosp,2,2025-12-27,19,quantile,0.25,34
2025-12-13,wk inc flu hosp,2,2025-12-27,19,quantile,0.3,37
2025-12-13,wk inc flu hosp,2,2025-12-27,19,quantile,0.35,41
2025-12-13,wk inc flu hosp,2,2025-12-27,19,quantile,0.4,45
2025-12-13,wk inc flu hosp,2,2025-12-27,19,quantile,0.45,49
2025-12-13,wk inc flu hosp,2,2025-12-27,19,quantile,0.5,54
2025-12-13,wk inc flu hosp,2,2025-12-27,19,quantile,0.55,58
2025-12-13,wk inc flu hosp,2,2025-12-27,19,quantile,0.6,62
2025-12-13,wk inc flu hosp,2,2025-12-27,19,quantile,0.65,67
2025-12-13,wk inc flu hosp,2,2025-12-27,19,quantile,0.7,74
2025-12-13,wk inc flu hosp,2,2025-12-27,19,quantile,0.75,81
2025-12-13,wk inc flu hosp,2,2025-12-27,19,quantile,0.8,88
2025-12-13,wk inc flu hosp,2,2025-12-27,19,quantile,0.85,99
2025-12-13,wk inc flu hosp,2,2025-12-27,19,quantile,0.9,111
2025-12-13,wk inc flu hosp,2,2025-12-27,19,quantile,0.95,138
2025-12-13,wk inc flu hosp,2,2025-12-27,19,quantile,0.975,168
2025-12-13,wk inc flu hosp,2,2025-12-27,19,quantile,0.99,212
2025-12-13,wk inc flu hosp,2,2025-12-27,20,quantile,0.01,7
2025-12-13,wk inc flu hosp,2,2025-12-27,20,quantile,0.025,10
2025-12-13,wk inc flu hosp,2,2025-12-27,20,quantile,0.05,12
2025-12-13,wk inc flu hosp,2,2025-12-27,20,quantile,0.1,16
2025-12-13,wk inc flu hosp,2,2025-12-27,20,quantile,0.15,19
2025-12-13,wk inc flu hosp,2,2025-12-27,20,quantile,0.2,22
2025-12-13,wk inc flu hosp,2,2025-12-27,20,quantile,0.25,25
2025-12-13,wk inc flu hosp,2,2025-12-27,20,quantile,0.3,27
2025-12-13,wk inc flu hosp,2,2025-12-27,20,quantile,0.35,30
2025-12-13,wk inc flu hosp,2,2025-12-27,20,quantile,0.4,33
2025-12-13,wk inc flu hosp,2,2025-12-27,20,quantile,0.45,35
2025-12-13,wk inc flu hosp,2,2025-12-27,20,quantile,0.5,40
2025-12-13,wk inc flu hosp,2,2025-12-27,20,quantile,0.55,43
2025-12-13,wk inc flu hosp,2,2025-12-27,20,quantile,0.6,47
2025-12-13,wk inc flu hosp,2,2025-12-27,20,quantile,0.65,51
2025-12-13,wk inc flu hosp,2,2025-12-27,20,quantile,0.7,55
2025-12-13,wk inc flu hosp,2,2025-12-27,20,quantile,0.75,61
2025-12-13,wk inc flu hosp,2,2025-12-27,20,quantile,0.8,67
2025-12-13,wk inc flu hosp,2,2025-12-27,20,quantile,0.85,79
2025-12-13,wk inc flu hosp,2,2025-12-27,20,quantile,0.9,93
2025-12-13,wk inc flu hosp,2,2025-12-27,20,quantile,0.95,124
2025-12-13,wk inc flu hosp,2,2025-12-27,20,quantile,0.975,144
2025-12-13,wk inc flu hosp,2,2025-12-27,20,quantile,0.99,195
2025-12-13,wk inc flu hosp,2,2025-12-27,21,quantile,0.01,37
2025-12-13,wk inc flu hosp,2,2025-12-27,21,quantile,0.025,42
2025-12-13,wk inc flu hosp,2,2025-12-27,21,quantile,0.05,47
2025-12-13,wk inc flu hosp,2,2025-12-27,21,quantile,0.1,56
2025-12-13,wk inc flu hosp,2,2025-12-27,21,quantile,0.15,62
2025-12-13,wk inc flu hosp,2,2025-12-27,21,quantile,0.2,68
2025-12-13,wk inc flu hosp,2,2025-12-27,21,quantile,0.25,76
2025-12-13,wk inc flu hosp,2,2025-12-27,21,quantile,0.3,83
2025-12-13,wk inc flu hosp,2,2025-12-27,21,quantile,0.35,89
2025-12-13,wk inc flu hosp,2,2025-12-27,21,quantile,0.4,95
2025-12-13,wk inc flu hosp,2,2025-12-27,21,quantile,0.45,102
2025-12-13,wk inc flu hosp,2,2025-12-27,21,quantile,0.5,108
2025-12-13,wk inc flu hosp,2,2025-12-27,21,quantile,0.55,115
2025-12-13,wk inc flu hosp,2,2025-12-27,21,quantile,0.6,122
2025-12-13,wk inc flu hosp,2,2025-12-27,21,quantile,0.65,130
2025-12-13,wk inc flu hosp,2,2025-12-27,21,quantile,0.7,140
2025-12-13,wk inc flu hosp,2,2025-12-27,21,quantile,0.75,149
2025-12-13,wk inc flu hosp,2,2025-12-27,21,quantile,0.8,161
2025-12-13,wk inc flu hosp,2,2025-12-27,21,quantile,0.85,176
2025-12-13,wk inc flu hosp,2,2025-12-27,21,quantile,0.9,202
2025-12-13,wk inc flu hosp,2,2025-12-27,21,quantile,0.95,231
2025-12-13,wk inc flu hosp,2,2025-12-27,21,quantile,0.975,276
2025-12-13,wk inc flu hosp,2,2025-12-27,21,quantile,0.99,365
2025-12-13,wk inc flu hosp,2,2025-12-27,22,quantile,0.01,123
2025-12-13,wk inc flu hosp,2,2025-12-27,22,quantile,0.025,135
2025-12-13,wk inc flu hosp,2,2025-12-27,22,quantile,0.05,150
2025-12-13,wk inc flu hosp,2,2025-12-27,22,quantile,0.1,173
2025-12-13,wk inc flu hosp,2,2025-12-27,22,quantile,0.15,189
2025-12-13,wk inc flu hosp,2,2025-12-27,22,quantile,0.2,208
2025-12-13,wk inc flu hosp,2,2025-12-27,22,quantile,0.25,220
2025-12-13,wk inc flu hosp,2,2025-12-27,22,quantile,0.3,232
2025-12-13,wk inc flu hosp,2,2025-12-27,22,quantile,0.35,245
2025-12-13,wk inc flu hosp,2,2025-12-27,22,quantile,0.4,259
2025-12-13,wk inc flu hosp,2,2025-12-27,22,quantile,0.45,275
2025-12-13,wk inc flu hosp,2,2025-12-27,22,quantile,0.5,286
2025-12-13,wk inc flu hosp,2,2025-12-27,22,quantile,0.55,300
2025-12-13,wk inc flu hosp,2,2025-12-27,22,quantile,0.6,314
2025-12-13,wk inc flu hosp,2,2025-12-27,22,quantile,0.65,339
2025-12-13,wk inc flu hosp,2,2025-12-27,22,quantile,0.7,356
2025-12-13,wk inc flu hosp,2,2025-12-27,22,quantile,0.75,375
2025-12-13,wk inc flu hosp,2,2025-12-27,22,quantile,0.8,401
2025-12-13,wk inc flu hosp,2,2025-12-27,22,quantile,0.85,443
2025-12-13,wk inc flu hosp,2,2025-12-27,22,quantile,0.9,489
2025-12-13,wk inc flu hosp,2,2025-12-27,22,quantile,0.95,552
2025-12-13,wk inc flu hosp,2,2025-12-27,22,quantile,0.975,591
2025-12-13,wk inc flu hosp,2,2025-12-27,22,quantile,0.99,658
2025-12-13,wk inc flu hosp,2,2025-12-27,23,quantile,0.01,14
2025-12-13,wk inc flu hosp,2,2025-12-27,23,quantile,0.025,17
2025-12-13,wk inc flu hosp,2,2025-12-27,23,quantile,0.05,21
2025-12-13,wk inc flu hosp,2,2025-12-27,23,quantile,0.1,26
2025-12-13,wk inc flu hosp,2,2025-12-27,23,quantile,0.15,32
2025-12-13,wk inc flu hosp,2,2025-12-27,23,quantile,0.2,36
2025-12-13,wk inc flu hosp,2,2025-12-27,23,quantile,0.25,39
2025-12-13,wk inc flu hosp,2,2025-12-27,23,quantile,0.3,43
2025-12-13,wk inc flu hosp,2,2025-12-27,23,quantile,0.35,47
2025-12-13,wk inc flu hosp,2,2025-12-27,23,quantile,0.4,51
2025-12-13,wk inc flu hosp,2,2025-12-27,23,quantile,0.45,55
2025-12-13,wk inc flu hosp,2,2025-12-27,23,quantile,0.5,60
2025-12-13,wk inc flu hosp,2,2025-12-27,23,quantile,0.55,64
2025-12-13,wk inc flu hosp,2,2025-12-27,23,quantile,0.6,69
2025-12-13,wk inc flu hosp,2,2025-12-27,23,quantile,0.65,76
2025-12-13,wk inc flu hosp,2,2025-12-27,23,quantile,0.7,84
2025-12-13,wk inc flu hosp,2,2025-12-27,23,quantile,0.75,93
2025-12-13,wk inc flu hosp,2,2025-12-27,23,quantile,0.8,104
2025-12-13,wk inc flu hosp,2,2025-12-27,23,quantile,0.85,118
2025-12-13,wk inc flu hosp,2,2025-12-27,23,quantile,0.9,136
2025-12-13,wk inc flu hosp,2,2025-12-27,23,quantile,0.95,166
2025-12-13,wk inc flu hosp,2,2025-12-27,23,quantile,0.975,199
2025-12-13,wk inc flu hosp,2,2025-12-27,23,quantile,0.99,248
2025-12-13,wk inc flu hosp,2,2025-12-27,24,quantile,0.01,149
2025-12-13,wk inc flu hosp,2,2025-12-27,24,quantile,0.025,170
2025-12-13,wk inc flu hosp,2,2025-12-27,24,quantile,0.05,193
2025-12-13,wk inc flu hosp,2,2025-12-27,24,quantile,0.1,223
2025-12-13,wk inc flu hosp,2,2025-12-27,24,quantile,0.15,250
2025-12-13,wk inc flu hosp,2,2025-12-27,24,quantile,0.2,272
2025-12-13,wk inc flu hosp,2,2025-12-27,24,quantile,0.25,293
2025-12-13,wk inc flu hosp,2,2025-12-27,24,quantile,0.3,317
2025-12-13,wk inc flu hosp,2,2025-12-27,24,quantile,0.35,333
2025-12-13,wk inc flu hosp,2,2025-12-27,24,quantile,0.4,355
2025-12-13,wk inc flu hosp,2,2025-12-27,24,quantile,0.45,381
2025-12-13,wk inc flu hosp,2,2025-12-27,24,quantile,0.5,402
2025-12-13,wk inc flu hosp,2,2025-12-27,24,quantile,0.55,428
2025-12-13,wk inc flu hosp,2,2025-12-27,24,quantile,0.6,450
2025-12-13,wk inc flu hosp,2,2025-12-27,24,quantile,0.65,477
2025-12-13,wk inc flu hosp,2,2025-12-27,24,quantile,0.7,503
2025-12-13,wk inc flu hosp,2,2025-12-27,24,quantile,0.75,539
2025-12-13,wk inc flu hosp,2,2025-12-27,24,quantile,0.8,579
2025-12-13,wk inc flu hosp,2,2025-12-27,24,quantile,0.85,622
2025-12-13,wk inc flu hosp,2,2025-12-27,24,quantile,0.9,696
2025-12-13,wk inc flu hosp,2,2025-12-27,24,quantile,0.95,815
2025-12-13,wk inc flu hosp,2,2025-12-27,24,quantile,0.975,939
2025-12-13,wk inc flu hosp,2,2025-12-27,24,quantile,0.99,1037
2025-12-13,wk inc flu hosp,2,2025-12-27,25,quantile,0.01,122
2025-12-13,wk inc flu hosp,2,2025-12-27,25,quantile,0.025,148
2025-12-13,wk inc flu hosp,2,2025-12-27,25,quantile,0.05,163
2025-12-13,wk inc flu hosp,2,2025-12-27,25,quantile,0.1,196
2025-12-13,wk inc flu hosp,2,2025-12-27,25,quantile,0.15,224
2025-12-13,wk inc flu hosp,2,2025-12-27,25,quantile,0.2,252
2025-12-13,wk inc flu hosp,2,2025-12-27,25,quantile,0.25,274
2025-12-13,wk inc flu hosp,2,2025-12-27,25,quantile,0.3,295
2025-12-13,wk inc flu hosp,2,2025-12-27,25,quantile,0.35,312
2025-12-13,wk inc flu hosp,2,2025-12-27,25,quantile,0.4,331
2025-12-13,wk inc flu hosp,2,2025-12-27,25,quantile,0.45,352
2025-12-13,wk inc flu hosp,2,2025-12-27,25,quantile,0.5,372
2025-12-13,wk inc flu hosp,2,2025-12-27,25,quantile,0.55,394
2025-12-13,wk inc flu hosp,2,2025-12-27,25,quantile,0.6,419
2025-12-13,wk inc flu hosp,2,2025-12-27,25,quantile,0.65,441
2025-12-13,wk inc flu hosp,2,2025-12-27,25,quantile,0.7,475
2025-12-13,wk inc flu hosp,2,2025-12-27,25,quantile,0.75,524
2025-12-13,wk inc flu hosp,2,2025-12-27,25,quantile,0.8,570
2025-12-13,wk inc flu hosp,2,2025-12-27,25,quantile,0.85,611
2025-12-13,wk inc flu hosp,2,2025-12-27,25,quantile,0.9,680
2025-12-13,wk inc flu hosp,2,2025-12-27,25,quantile,0.95,809
2025-12-13,wk inc flu hosp,2,2025-12-27,25,quantile,0.975,967
2025-12-13,wk inc flu hosp,2,2025-12-27,25,quantile,0.99,1081
2025-12-13,wk inc flu hosp,2,2025-12-27,26,quantile,0.01,58
2025-12-13,wk inc flu hosp,2,2025-12-27,26,quantile,0.025,72
2025-12-13,wk inc flu hosp,2,2025-12-27,26,quantile,0.05,86
2025-12-13,wk inc flu hosp,2,2025-12-27,26,quantile,0.1,101
2025-12-13,wk inc flu hosp,2,2025-12-27,26,quantile,0.15,113
2025-12-13,wk inc flu hosp,2,2025-12-27,26,quantile,0.2,124
2025-12-13,wk inc flu hosp,2,2025-12-27,26,quantile,0.25,134
2025-12-13,wk inc flu hosp,2,2025-12-27,26,quantile,0.3,142
2025-12-13,wk inc flu hosp,2,2025-12-27,26,quantile,0.35,150
2025-12-13,wk inc flu hosp,2,2025-12-27,26,quantile,0.4,158
2025-12-13,wk inc flu hosp,2,2025-12-27,26,quantile,0.45,171
2025-12-13,wk inc flu hosp,2,2025-12-27,26,quantile,0.5,181
2025-12-13,wk inc flu hosp,2,2025-12-27,26,quantile,0.55,192
2025-12-13,wk inc flu hosp,2,2025-12-27,26,quantile,0.6,203
2025-12-13,wk inc flu hosp,2,2025-12-27,26,quantile,0.65,212
2025-12-13,wk inc flu hosp,2,2025-12-27,26,quantile,0.7,226
2025-12-13,wk inc flu hosp,2,2025-12-27,26,quantile,0.75,243
2025-12-13,wk inc flu hosp,2,2025-12-27,26,quantile,0.8,266
2025-12-13,wk inc flu hosp,2,2025-12-27,26,quantile,0.85,295
2025-12-13,wk inc flu hosp,2,2025-12-27,26,quantile,0.9,328
2025-12-13,wk inc flu hosp,2,2025-12-27,26,quantile,0.95,379
2025-12-13,wk inc flu hosp,2,2025-12-27,26,quantile,0.975,411
2025-12-13,wk inc flu hosp,2,2025-12-27,26,quantile,0.99,493
2025-12-13,wk inc flu hosp,2,2025-12-27,27,quantile,0.01,156
2025-12-13,wk inc flu hosp,2,2025-12-27,27,quantile,0.025,176
2025-12-13,wk inc flu hosp,2,2025-12-27,27,quantile,0.05,201
2025-12-13,wk inc flu hosp,2,2025-12-27,27,quantile,0.1,238
2025-12-13,wk inc flu hosp,2,2025-12-27,27,quantile,0.15,264
2025-12-13,wk inc flu hosp,2,2025-12-27,27,quantile,0.2,288
2025-12-13,wk inc flu hosp,2,2025-12-27,27,quantile,0.25,310
2025-12-13,wk inc flu hosp,2,2025-12-27,27,quantile,0.3,329
2025-12-13,wk inc flu hosp,2,2025-12-27,27,quantile,0.35,347
2025-12-13,wk inc flu hosp,2,2025-12-27,27,quantile,0.4,366
2025-12-13,wk inc flu hosp,2,2025-12-27,27,quantile,0.45,389
2025-12-13,wk inc flu hosp,2,2025-12-27,27,quantile,0.5,413
2025-12-13,wk inc flu hosp,2,2025-12-27,27,quantile,0.55,438
2025-12-13,wk inc flu hosp,2,2025-12-27,27,quantile,0.6,467
2025-12-13,wk inc flu hosp,2,2025-12-27,27,quantile,0.65,496
2025-12-13,wk inc flu hosp,2,2025-12-27,27,quantile,0.7,534
2025-12-13,wk inc flu hosp,2,2025-12-27,27,quantile,0.75,575
2025-12-13,wk inc flu hosp,2,2025-12-27,27,quantile,0.8,623
2025-12-13,wk inc flu hosp,2,2025-12-27,27,quantile,0.85,669
2025-12-13,wk inc flu hosp,2,2025-12-27,27,quantile,0.9,735
2025-12-13,wk inc flu hosp,2,2025-12-27,27,quantile,0.95,862
2025-12-13,wk inc flu hosp,2,2025-12-27,27,quantile,0.975,981
2025-12-13,wk inc flu hosp,2,2025-12-27,27,quantile,0.99,1157
2025-12-13,wk inc flu hosp,2,2025-12-27,28,quantile,0.01,12
2025-12-13,wk inc flu hosp,2,2025-12-27,28,quantile,0.025,17
2025-12-13,wk inc flu hosp,2,2025-12-27,28,quantile,0.05,20
2025-12-13,wk inc flu hosp,2,2025-12-27,28,quantile,0.1,27
2025-12-13,wk inc flu hosp,2,2025-12-27,28,quantile,0.15,32
2025-12-13,wk inc flu hosp,2,2025-12-27,28,quantile,0.2,35
2025-12-13,wk inc flu hosp,2,2025-12-27,28,quantile,0.25,38
2025-12-13,wk inc flu hosp,2,2025-12-27,28,quantile,0.3,42
2025-12-13,wk inc flu hosp,2,2025-12-27,28,quantile,0.35,45
2025-12-13,wk inc flu hosp,2,2025-12-27,28,quantile,0.4,50
2025-12-13,wk inc flu hosp,2,2025-12-27,28,quantile,0.45,53
2025-12-13,wk inc flu hosp,2,2025-12-27,28,quantile,0.5,57
2025-12-13,wk inc flu hosp,2,2025-12-27,28,quantile,0.55,61
2025-12-13,wk inc flu hosp,2,2025-12-27,28,quantile,0.6,65
2025-12-13,wk inc flu hosp,2,2025-12-27,28,quantile,0.65,70
2025-12-13,wk inc flu hosp,2,2025-12-27,28,quantile,0.7,75
2025-12-13,wk inc flu hosp,2,2025-12-27,28,quantile,0.75,82
2025-12-13,wk inc flu hosp,2,2025-12-27,28,quantile,0.8,91
2025-12-13,wk inc flu hosp,2,2025-12-27,28,quantile,0.85,100
2025-12-13,wk inc flu hosp,2,2025-12-27,28,quantile,0.9,113
2025-12-13,wk inc flu hosp,2,2025-12-27,28,quantile,0.95,132
2025-12-13,wk inc flu hosp,2,2025-12-27,28,quantile,0.975,161
2025-12-13,wk inc flu hosp,2,2025-12-27,28,quantile,0.99,206
2025-12-13,wk inc flu hosp,2,2025-12-27,29,quantile,0.01,46
2025-12-13,wk inc flu hosp,2,2025-12-27,29,quantile,0.025,53
2025-12-13,wk inc flu hosp,2,2025-12-27,29,quantile,0.05,58
2025-12-13,wk inc flu hosp,2,2025-12-27,29,quantile,0.1,73
2025-12-13,wk inc flu hosp,2,2025-12-27,29,quantile,0.15,82
2025-12-13,wk inc flu hosp,2,2025-12-27,29,quantile,0.2,92
2025-12-13,wk inc flu hosp,2,2025-12-27,29,quantile,0.25,101
2025-12-13,wk inc flu hosp,2,2025-12-27,29,quantile,0.3,108
2025-12-13,wk inc flu hosp,2,2025-12-27,29,quantile,0.35,115
2025-12-13,wk inc flu hosp,2,2025-12-27,29,quantile,0.4,123
2025-12-13,wk inc flu hosp,2,2025-12-27,29,quantile,0.45,133
2025-12-13,wk inc flu hosp,2,2025-12-27,29,quantile,0.5,141
2025-12-13,wk inc flu hosp,2,2025-12-27,29,quantile,0.55,150
2025-12-13,wk inc flu hosp,2,2025-12-27,29,quantile,0.6,159
2025-12-13,wk inc flu hosp,2,2025-12-27,29,quantile,0.65,168
2025-12-13,wk inc flu hosp,2,2025-12-27,29,quantile,0.7,184
2025-12-13,wk inc flu hosp,2,2025-12-27,29,quantile,0.75,197
2025-12-13,wk inc flu hosp,2,2025-12-27,29,quantile,0.8,214
2025-12-13,wk inc flu hosp,2,2025-12-27,29,quantile,0.85,237
2025-12-13,wk inc flu hosp,2,2025-12-27,29,quantile,0.9,278
2025-12-13,wk inc flu hosp,2,2025-12-27,29,quantile,0.95,334
2025-12-13,wk inc flu hosp,2,2025-12-27,29,quantile,0.975,385
2025-12-13,wk inc flu hosp,2,2025-12-27,29,quantile,0.99,447
2025-12-13,wk inc flu hosp,2,2025-12-27,30,quantile,0.01,7
2025-12-13,wk inc flu hosp,2,2025-12-27,30,quantile,0.025,10
2025-12-13,wk inc flu hosp,2,2025-12-27,30,quantile,0.05,13
2025-12-13,wk inc flu hosp,2,2025-12-27,30,quantile,0.1,15
2025-12-13,wk inc flu hosp,2,2025-12-27,30,quantile,0.15,18
2025-12-13,wk inc flu hosp,2,2025-12-27,30,quantile,0.2,21
2025-12-13,wk inc flu hosp,2,2025-12-27,30,quantile,0.25,24
2025-12-13,wk inc flu hosp,2,2025-12-27,30,quantile,0.3,26
2025-12-13,wk inc flu hosp,2,2025-12-27,30,quantile,0.35,29
2025-12-13,wk inc flu hosp,2,2025-12-27,30,quantile,0.4,31
2025-12-13,wk inc flu hosp,2,2025-12-27,30,quantile,0.45,34
2025-12-13,wk inc flu hosp,2,2025-12-27,30,quantile,0.5,37
2025-12-13,wk inc flu hosp,2,2025-12-27,30,quantile,0.55,39
2025-12-13,wk inc flu hosp,2,2025-12-27,30,quantile,0.6,43
2025-12-13,wk inc flu hosp,2,2025-12-27,30,quantile,0.65,46
2025-12-13,wk inc flu hosp,2,2025-12-27,30,quantile,0.7,49
2025-12-13,wk inc flu hosp,2,2025-12-27,30,quantile,0.75,54
2025-12-13,wk inc flu hosp,2,2025-12-27,30,quantile,0.8,60
2025-12-13,wk inc flu hosp,2,2025-12-27,30,quantile,0.85,69
2025-12-13,wk inc flu hosp,2,2025-12-27,30,quantile,0.9,78
2025-12-13,wk inc flu hosp,2,2025-12-27,30,quantile,0.95,98
2025-12-13,wk inc flu hosp,2,2025-12-27,30,quantile,0.975,111
2025-12-13,wk inc flu hosp,2,2025-12-27,30,quantile,0.99,133
2025-12-13,wk inc flu hosp,2,2025-12-27,31,quantile,0.01,5
2025-12-13,wk inc flu hosp,2,2025-12-27,31,quantile,0.025,7
2025-12-13,wk inc flu hosp,2,2025-12-27,31,quantile,0.05,10
2025-12-13,wk inc flu hosp,2,2025-12-27,31,quantile,0.1,13
2025-12-13,wk inc flu hosp,2,2025-12-27,31,quantile,0.15,16
2025-12-13,wk inc flu hosp,2,2025-12-27,31,quantile,0.2,18
2025-12-13,wk inc flu hosp,2,2025-12-27,31,quantile,0.25,20
2025-12-13,wk inc flu hosp,2,2025-12-27,31,quantile,0.3,22
2025-12-13,wk inc flu hosp,2,2025-12-27,31,quantile,0.35,25
2025-12-13,wk inc flu hosp,2,2025-12-27,31,quantile,0.4,26
2025-12-13,wk inc flu hosp,2,2025-12-27,31,quantile,0.45,28
2025-12-13,wk inc flu hosp,2,2025-12-27,31,quantile,0.5,31
2025-12-13,wk inc flu hosp,2,2025-12-27,31,quantile,0.55,33
2025-12-13,wk inc flu hosp,2,2025-12-27,31,quantile,0.6,36
2025-12-13,wk inc flu hosp,2,2025-12-27,31,quantile,0.65,40
2025-12-13,wk inc flu hosp,2,2025-12-27,31,quantile,0.7,45
2025-12-13,wk inc flu hosp,2,2025-12-27,31,quantile,0.75,49
2025-12-13,wk inc flu hosp,2,2025-12-27,31,quantile,0.8,55
2025-12-13,wk inc flu hosp,2,2025-12-27,31,quantile,0.85,64
2025-12-13,wk inc flu hosp,2,2025-12-27,31,quantile,0.9,79
2025-12-13,wk inc flu hosp,2,2025-12-27,31,quantile,0.95,98
2025-12-13,wk inc flu hosp,2,2025-12-27,31,quantile,0.975,126
2025-12-13,wk inc flu hosp,2,2025-12-27,31,quantile,0.99,167
2025-12-13,wk inc flu hosp,2,2025-12-27,32,quantile,0.01,15
2025-12-13,wk inc flu hosp,2,2025-12-27,32,quantile,0.025,19
2025-12-13,wk inc flu hosp,2,2025-12-27,32,quantile,0.05,22
2025-12-13,wk inc flu hosp,2,2025-12-27,32,quantile,0.1,28
2025-12-13,wk inc flu hosp,2,2025-12-27,32,quantile,0.15,32
2025-12-13,wk inc flu hosp,2,2025-12-27,32,quantile,0.2,37
2025-12-13,wk inc flu hosp,2,2025-12-27,32,quantile,0.25,40
2025-12-13,wk inc flu hosp,2,2025-12-27,32,quantile,0.3,43
2025-12-13,wk inc flu hosp,2,2025-12-27,32,quantile,0.35,47
2025-12-13,wk inc flu hosp,2,2025-12-27,32,quantile,0.4,50
2025-12-13,wk inc flu hosp,2,2025-12-27,32,quantile,0.45,55
2025-12-13,wk inc flu hosp,2,2025-12-27,32,quantile,0.5,58
2025-12-13,wk inc flu hosp,2,2025-12-27,32,quantile,0.55,62
2025-12-13,wk inc flu hosp,2,2025-12-27,32,quantile,0.6,67
2025-12-13,wk inc flu hosp,2,2025-12-27,32,quantile,0.65,71
2025-12-13,wk inc flu hosp,2,2025-12-27,32,quantile,0.7,77
2025-12-13,wk inc flu hosp,2,2025-12-27,32,quantile,0.75,85
2025-12-13,wk inc flu hosp,2,2025-12-27,32,quantile,0.8,90
2025-12-13,wk inc flu hosp,2,2025-12-27,32,quantile,0.85,100
2025-12-13,wk inc flu hosp,2,2025-12-27,32,quantile,0.9,116
2025-12-13,wk inc flu hosp,2,2025-12-27,32,quantile,0.95,138
2025-12-13,wk inc flu hosp,2,2025-12-27,32,quantile,0.975,166
2025-12-13,wk inc flu hosp,2,2025-12-27,32,quantile,0.99,198
2025-12-13,wk inc flu hosp,2,2025-12-27,33,quantile,0.01,16
2025-12-13,wk inc flu hosp,2,2025-12-27,33,quantile,0.025,20
2025-12-13,wk inc flu hosp,2,2025-12-27,33,quantile,0.05,23
2025-12-13,wk inc flu hosp,2,2025-12-27,33,quantile,0.1,30
2025-12-13,wk inc flu hosp,2,2025-12-27,33,quantile,0.15,35
2025-12-13,wk inc flu hosp,2,2025-12-27,33,quantile,0.2,40
2025-12-13,wk inc flu hosp,2,2025-12-27,33,quantile,0.25,44
2025-12-13,wk inc flu hosp,2,2025-12-27,33,quantile,0.3,49
2025-12-13,wk inc flu hosp,2,2025-12-27,33,quantile,0.35,55
2025-12-13,wk inc flu hosp,2,2025-12-27,33,quantile,0.4,60
2025-12-13,wk inc flu hosp,2,2025-12-27,33,quantile,0.45,64
2025-12-13,wk inc flu hosp,2,2025-12-27,33,quantile,0.5,68
2025-12-13,wk inc flu hosp,2,2025-12-27,33,quantile,0.55,74
2025-12-13,wk inc flu hosp,2,2025-12-27,33,quantile,0.6,79
2025-12-13,wk inc flu hosp,2,2025-12-27,33,quantile,0.65,84
2025-12-13,wk inc flu hosp,2,2025-12-27,33,quantile,0.7,93
2025-12-13,wk inc flu hosp,2,2025-12-27,33,quantile,0.75,103
2025-12-13,wk inc flu hosp,2,2025-12-27,33,quantile,0.8,112
2025-12-13,wk inc flu hosp,2,2025-12-27,33,quantile,0.85,124
2025-12-13,wk inc flu hosp,2,2025-12-27,33,quantile,0.9,147
2025-12-13,wk inc flu hosp,2,2025-12-27,33,quantile,0.95,182
2025-12-13,wk inc flu hosp,2,2025-12-27,33,quantile,0.975,209
2025-12-13,wk inc flu hosp,2,2025-12-27,33,quantile,0.99,249
2025-12-13,wk inc flu hosp,2,2025-12-27,34,quantile,0.01,388
2025-12-13,wk inc flu hosp,2,2025-12-27,34,quantile,0.025,427
2025-12-13,wk inc flu hosp,2,2025-12-27,34,quantile,0.05,498
2025-12-13,wk inc flu hosp,2,2025-12-27,34,quantile,0.1,565
2025-12-13,wk inc flu hosp,2,2025-12-27,34,quantile,0.15,616
2025-12-13,wk inc flu hosp,2,2025-12-27,34,quantile,0.2,663
2025-12-13,wk inc flu hosp,2,2025-12-27,34,quantile,0.25,721
2025-12-13,wk inc flu hosp,2,2025-12-27,34,quantile,0.3,770
2025-12-13,wk inc flu hosp,2,2025-12-27,34,quantile,0.35,815
2025-12-13,wk inc flu hosp,2,2025-12-27,34,quantile,0.4,860
2025-12-13,wk inc flu hosp,2,2025-12-27,34,quantile,0.45,897
2025-12-13,wk inc flu hosp,2,2025-12-27,34,quantile,0.5,948
2025-12-13,wk inc flu hosp,2,2025-12-27,34,quantile,0.55,1000
2025-12-13,wk inc flu hosp,2,2025-12-27,34,quantile,0.6,1046
2025-12-13,wk inc flu hosp,2,2025-12-27,34,quantile,0.65,1108
2025-12-13,wk inc flu hosp,2,2025-12-27,34,quantile,0.7,1159
2025-12-13,wk inc flu hosp,2,2025-12-27,34,quantile,0.75,1236
2025-12-13,wk inc flu hosp,2,2025-12-27,34,quantile,0.8,1355
2025-12-13,wk inc flu hosp,2,2025-12-27,34,quantile,0.85,1479
2025-12-13,wk inc flu hosp,2,2025-12-27,34,quantile,0.9,1606
2025-12-13,wk inc flu hosp,2,2025-12-27,34,quantile,0.95,1828
2025-12-13,wk inc flu hosp,2,2025-12-27,34,quantile,0.975,2057
2025-12-13,wk inc flu hosp,2,2025-12-27,34,quantile,0.99,2304
2025-12-13,wk inc flu hosp,2,2025-12-27,35,quantile,0.01,33
2025-12-13,wk inc flu hosp,2,2025-12-27,35,quantile,0.025,39
2025-12-13,wk inc flu hosp,2,2025-12-27,35,quantile,0.05,45
2025-12-13,wk inc flu hosp,2,2025-12-27,35,quantile,0.1,54
2025-12-13,wk inc flu hosp,2,2025-12-27,35,quantile,0.15,60
2025-12-13,wk inc flu hosp,2,2025-12-27,35,quantile,0.2,66
2025-12-13,wk inc flu hosp,2,2025-12-27,35,quantile,0.25,72
2025-12-13,wk inc flu hosp,2,2025-12-27,35,quantile,0.3,80
2025-12-13,wk inc flu hosp,2,2025-12-27,35,quantile,0.35,86
2025-12-13,wk inc flu hosp,2,2025-12-27,35,quantile,0.4,93
2025-12-13,wk inc flu hosp,2,2025-12-27,35,quantile,0.45,98
2025-12-13,wk inc flu hosp,2,2025-12-27,35,quantile,0.5,104
2025-12-13,wk inc flu hosp,2,2025-12-27,35,quantile,0.55,112
2025-12-13,wk inc flu hosp,2,2025-12-27,35,quantile,0.6,121
2025-12-13,wk inc flu hosp,2,2025-12-27,35,quantile,0.65,131
2025-12-13,wk inc flu hosp,2,2025-12-27,35,quantile,0.7,142
2025-12-13,wk inc flu hosp,2,2025-12-27,35,quantile,0.75,155
2025-12-13,wk inc flu hosp,2,2025-12-27,35,quantile,0.8,168
2025-12-13,wk inc flu hosp,2,2025-12-27,35,quantile,0.85,185
2025-12-13,wk inc flu hosp,2,2025-12-27,35,quantile,0.9,211
2025-12-13,wk inc flu hosp,2,2025-12-27,35,quantile,0.95,249
2025-12-13,wk inc flu hosp,2,2025-12-27,35,quantile,0.975,291
2025-12-13,wk inc flu hosp,2,2025-12-27,35,quantile,0.99,340
2025-12-13,wk inc flu hosp,2,2025-12-27,36,quantile,0.01,1806
2025-12-13,wk inc flu hosp,2,2025-12-27,36,quantile,0.025,1962
2025-12-13,wk inc flu hosp,2,2025-12-27,36,quantile,0.05,2105
2025-12-13,wk inc flu hosp,2,2025-12-27,36,quantile,0.1,2384
2025-12-13,wk inc flu hosp,2,2025-12-27,36,quantile,0.15,2568
2025-12-13,wk inc flu hosp,2,2025-12-27,36,quantile,0.2,2721
2025-12-13,wk inc flu hosp,2,2025-12-27,36,quantile,0.25,2868
2025-12-13,wk inc flu hosp,2,2025-12-27,36,quantile,0.3,3009
2025-12-13,wk inc flu hosp,2,2025-12-27,36,quantile,0.35,3140
2025-12-13,wk inc flu hosp,2,2025-12-27,36,quantile,0.4,3294
2025-12-13,wk inc flu hosp,2,2025-12-27,36,quantile,0.45,3414
2025-12-13,wk inc flu hosp,2,2025-12-27,36,quantile,0.5,3544
2025-12-13,wk inc flu hosp,2,2025-12-27,36,quantile,0.55,3665
2025-12-13,wk inc flu hosp,2,2025-12-27,36,quantile,0.6,3816
2025-12-13,wk inc flu hosp,2,2025-12-27,36,quantile,0.65,3981
2025-12-13,wk inc flu hosp,2,2025-12-27,36,quantile,0.7,4179
2025-12-13,wk inc flu hosp,2,2025-12-27,36,quantile,0.75,4348
2025-12-13,wk inc flu hosp,2,2025-12-27,36,quantile,0.8,4602
2025-12-13,wk inc flu hosp,2,2025-12-27,36,quantile,0.85,4802
2025-12-13,wk inc flu hosp,2,2025-12-27,36,quantile,0.9,5180
2025-12-13,wk inc flu hosp,2,2025-12-27,36,quantile,0.95,5649
2025-12-13,wk inc flu hosp,2,2025-12-27,36,quantile,0.975,6136
2025-12-13,wk inc flu hosp,2,2025-12-27,36,quantile,0.99,6562
2025-12-13,wk inc flu hosp,2,2025-12-27,37,quantile,0.01,324
2025-12-13,wk inc flu hosp,2,2025-12-27,37,quantile,0.025,373
2025-12-13,wk inc flu hosp,2,2025-12-27,37,quantile,0.05,417
2025-12-13,wk inc flu hosp,2,2025-12-27,37,quantile,0.1,473
2025-12-13,wk inc flu hosp,2,2025-12-27,37,quantile,0.15,534
2025-12-13,wk inc flu hosp,2,2025-12-27,37,quantile,0.2,585
2025-12-13,wk inc flu hosp,2,2025-12-27,37,quantile,0.25,619
2025-12-13,wk inc flu hosp,2,2025-12-27,37,quantile,0.3,648
2025-12-13,wk inc flu hosp,2,2025-12-27,37,quantile,0.35,679
2025-12-13,wk inc flu hosp,2,2025-12-27,37,quantile,0.4,716
2025-12-13,wk inc flu hosp,2,2025-12-27,37,quantile,0.45,759
2025-12-13,wk inc flu hosp,2,2025-12-27,37,quantile,0.5,792
2025-12-13,wk inc flu hosp,2,2025-12-27,37,quantile,0.55,827
2025-12-13,wk inc flu hosp,2,2025-12-27,37,quantile,0.6,864
2025-12-13,wk inc flu hosp,2,2025-12-27,37,quantile,0.65,910
2025-12-13,wk inc flu hosp,2,2025-12-27,37,quantile,0.7,965
2025-12-13,wk inc flu hosp,2,2025-12-27,37,quantile,0.75,1022
2025-12-13,wk inc flu hosp,2,2025-12-27,37,quantile,0.8,1083
2025-12-13,wk inc flu hosp,2,2025-12-27,37,quantile,0.85,1174
2025-12-13,wk inc flu hosp,2,2025-12-27,37,quantile,0.9,1302
2025-12-13,wk inc flu hosp,2,2025-12-27,37,quantile,0.95,1504
2025-12-13,wk inc flu hosp,2,2025-12-27,37,quantile,0.975,1735
2025-12-13,wk inc flu hosp,2,2025-12-27,37,quantile,0.99,1954
2025-12-13,wk inc flu hosp,2,2025-12-27,38,quantile,0.01,3
2025-12-13,wk inc flu hosp,2,2025-12-27,38,quantile,0.025,4
2025-12-13,wk inc flu hosp,2,2025-12-27,38,quantile,0.05,6
2025-12-13,wk inc flu hosp,2,2025-12-27,38,quantile,0.1,8
2025-12-13,wk inc flu hosp,2,2025-12-27,38,quantile,0.15,9
2025-12-13,wk inc flu hosp,2,2025-12-27,38,quantile,0.2,10
2025-12-13,wk inc flu hosp,2,2025-12-27,38,quantile,0.25,12
2025-12-13,wk inc flu hosp,2,2025-12-27,38,quantile,0.3,13
2025-12-13,wk inc flu hosp,2,2025-12-27,38,quantile,0.35,15
2025-12-13,wk inc flu hosp,2,2025-12-27,38,quantile,0.4,16
2025-12-13,wk inc flu hosp,2,2025-12-27,38,quantile,0.45,17
2025-12-13,wk inc flu hosp,2,2025-12-27,38,quantile,0.5,19
2025-12-13,wk inc flu hosp,2,2025-12-27,38,quantile,0.55,21
2025-12-13,wk inc flu hosp,2,2025-12-27,38,quantile,0.6,23
2025-12-13,wk inc flu hosp,2,2025-12-27,38,quantile,0.65,25
2025-12-13,wk inc flu hosp,2,2025-12-27,38,quantile,0.7,28
2025-12-13,wk inc flu hosp,2,2025-12-27,38,quantile,0.75,31
2025-12-13,wk inc flu hosp,2,2025-12-27,38,quantile,0.8,35
2025-12-13,wk inc flu hosp,2,2025-12-27,38,quantile,0.85,40
2025-12-13,wk inc flu hosp,2,2025-12-27,38,quantile,0.9,48
2025-12-13,wk inc flu hosp,2,2025-12-27,38,quantile,0.95,63
2025-12-13,wk inc flu hosp,2,2025-12-27,38,quantile,0.975,75
2025-12-13,wk inc flu hosp,2,2025-12-27,38,quantile,0.99,95
2025-12-13,wk inc flu hosp,2,2025-12-27,39,quantile,0.01,201
2025-12-13,wk inc flu hosp,2,2025-12-27,39,quantile,0.025,214
2025-12-13,wk inc flu hosp,2,2025-12-27,39,quantile,0.05,251
2025-12-13,wk inc flu hosp,2,2025-12-27,39,quantile,0.1,297
2025-12-13,wk inc flu hosp,2,2025-12-27,39,quantile,0.15,332
2025-12-13,wk inc flu hosp,2,2025-12-27,39,quantile,0.2,356
2025-12-13,wk inc flu hosp,2,2025-12-27,39,quantile,0.25,398
2025-12-13,wk inc flu hosp,2,2025-12-27,39,quantile,0.3,422
2025-12-13,wk inc flu hosp,2,2025-12-27,39,quantile,0.35,444
2025-12-13,wk inc flu hosp,2,2025-12-27,39,quantile,0.4,471
2025-12-13,wk inc flu hosp,2,2025-12-27,39,quantile,0.45,495
2025-12-13,wk inc flu hosp,2,2025-12-27,39,quantile,0.5,528
2025-12-13,wk inc flu hosp,2,2025-12-27,39,quantile,0.55,561
2025-12-13,wk inc flu hosp,2,2025-12-27,39,quantile,0.6,589
2025-12-13,wk inc flu hosp,2,2025-12-27,39,quantile,0.65,625
2025-12-13,wk inc flu hosp,2,2025-12-27,39,quantile,0.7,668
2025-12-13,wk inc flu hosp,2,2025-12-27,39,quantile,0.75,721
2025-12-13,wk inc flu hosp,2,2025-12-27,39,quantile,0.8,784
2025-12-13,wk inc flu hosp,2,2025-12-27,39,quantile,0.85,857
2025-12-13,wk inc flu hosp,2,2025-12-27,39,quantile,0.9,945
2025-12-13,wk inc flu hosp,2,2025-12-27,39,quantile,0.95,1094
2025-12-13,wk inc flu hosp,2,2025-12-27,39,quantile,0.975,1246
2025-12-13,wk inc flu hosp,2,2025-12-27,39,quantile,0.99,1464
2025-12-13,wk inc flu hosp,2,2025-12-27,40,quantile,0.01,6
2025-12-13,wk inc flu hosp,2,2025-12-27,40,quantile,0.025,8
2025-12-13,wk inc flu hosp,2,2025-12-27,40,quantile,0.05,10
2025-12-13,wk inc flu hosp,2,2025-12-27,40,quantile,0.1,13
2025-12-13,wk inc flu hosp,2,2025-12-27,40,quantile,0.15,16
2025-12-13,wk inc flu hosp,2,2025-12-27,40,quantile,0.2,18
2025-12-13,wk inc flu hosp,2,2025-12-27,40,quantile,0.25,20
2025-12-13,wk inc flu hosp,2,2025-12-27,40,quantile,0.3,23
2025-12-13,wk inc flu hosp,2,2025-12-27,40,quantile,0.35,25
2025-12-13,wk inc flu hosp,2,2025-12-27,40,quantile,0.4,27
2025-12-13,wk inc flu hosp,2,2025-12-27,40,quantile,0.45,30
2025-12-13,wk inc flu hosp,2,2025-12-27,40,quantile,0.5,32
2025-12-13,wk inc flu hosp,2,2025-12-27,40,quantile,0.55,35
2025-12-13,wk inc flu hosp,2,2025-12-27,40,quantile,0.6,38
2025-12-13,wk inc flu hosp,2,2025-12-27,40,quantile,0.65,42
2025-12-13,wk inc flu hosp,2,2025-12-27,40,quantile,0.7,46
2025-12-13,wk inc flu hosp,2,2025-12-27,40,quantile,0.75,51
2025-12-13,wk inc flu hosp,2,2025-12-27,40,quantile,0.8,56
2025-12-13,wk inc flu hosp,2,2025-12-27,40,quantile,0.85,62
2025-12-13,wk inc flu hosp,2,2025-12-27,40,quantile,0.9,72
2025-12-13,wk inc flu hosp,2,2025-12-27,40,quantile,0.95,92
2025-12-13,wk inc flu hosp,2,2025-12-27,40,quantile,0.975,112
2025-12-13,wk inc flu hosp,2,2025-12-27,40,quantile,0.99,131
2025-12-13,wk inc flu hosp,2,2025-12-27,41,quantile,0.01,27
2025-12-13,wk inc flu hosp,2,2025-12-27,41,quantile,0.025,33
2025-12-13,wk inc flu hosp,2,2025-12-27,41,quantile,0.05,41
2025-12-13,wk inc flu hosp,2,2025-12-27,41,quantile,0.1,51
2025-12-13,wk inc flu hosp,2,2025-12-27,41,quantile,0.15,60
2025-12-13,wk inc flu hosp,2,2025-12-27,41,quantile,0.2,68
2025-12-13,wk inc flu hosp,2,2025-12-27,41,quantile,0.25,74
2025-12-13,wk inc flu hosp,2,2025-12-27,41,quantile,0.3,82
2025-12-13,wk inc flu hosp,2,2025-12-27,41,quantile,0.35,89
2025-12-13,wk inc flu hosp,2,2025-12-27,41,quantile,0.4,96
2025-12-13,wk inc flu hosp,2,2025-12-27,41,quantile,0.45,102
2025-12-13,wk inc flu hosp,2,2025-12-27,41,quantile,0.5,110
2025-12-13,wk inc flu hosp,2,2025-12-27,41,quantile,0.55,118
2025-12-13,wk inc flu hosp,2,2025-12-27,41,quantile,0.6,128
2025-12-13,wk inc flu hosp,2,2025-12-27,41,quantile,0.65,136
2025-12-13,wk inc flu hosp,2,2025-12-27,41,quantile,0.7,146
2025-12-13,wk inc flu hosp,2,2025-12-27,41,quantile,0.75,157
2025-12-13,wk inc flu hosp,2,2025-12-27,41,quantile,0.8,171
2025-12-13,wk inc flu hosp,2,2025-12-27,41,quantile,0.85,191
2025-12-13,wk inc flu hosp,2,2025-12-27,41,quantile,0.9,213
2025-12-13,wk inc flu hosp,2,2025-12-27,41,quantile,0.95,255
2025-12-13,wk inc flu hosp,2,2025-12-27,41,quantile,0.975,311
2025-12-13,wk inc flu hosp,2,2025-12-27,41,quantile,0.99,365
2025-12-13,wk inc flu hosp,2,2025-12-27,42,quantile,0.01,634
2025-12-13,wk inc flu hosp,2,2025-12-27,42,quantile,0.025,686
2025-12-13,wk inc flu hosp,2,2025-12-27,42,quantile,0.05,761
2025-12-13,wk inc flu hosp,2,2025-12-27,42,quantile,0.1,868
2025-12-13,wk inc flu hosp,2,2025-12-27,42,quantile,0.15,938
2025-12-13,wk inc flu hosp,2,2025-12-27,42,quantile,0.2,1016
2025-12-13,wk inc flu hosp,2,2025-12-27,42,quantile,0.25,1109
2025-12-13,wk inc flu hosp,2,2025-12-27,42,quantile,0.3,1183
2025-12-13,wk inc flu hosp,2,2025-12-27,42,quantile,0.35,1246
2025-12-13,wk inc flu hosp,2,2025-12-27,42,quantile,0.4,1312
2025-12-13,wk inc flu hosp,2,2025-12-27,42,quantile,0.45,1359
2025-12-13,wk inc flu hosp,2,2025-12-27,42,quantile,0.5,1418
2025-12-13,wk inc flu hosp,2,2025-12-27,42,quantile,0.55,1472
2025-12-13,wk inc flu hosp,2,2025-12-27,42,quantile,0.6,1553
2025-12-13,wk inc flu hosp,2,2025-12-27,42,quantile,0.65,1636
2025-12-13,wk inc flu hosp,2,2025-12-27,42,quantile,0.7,1719
2025-12-13,wk inc flu hosp,2,2025-12-27,42,quantile,0.75,1808
2025-12-13,wk inc flu hosp,2,2025-12-27,42,quantile,0.8,1927
2025-12-13,wk inc flu hosp,2,2025-12-27,42,quantile,0.85,2041
2025-12-13,wk inc flu hosp,2,2025-12-27,42,quantile,0.9,2221
2025-12-13,wk inc flu hosp,2,2025-12-27,42,quantile,0.95,2559
2025-12-13,wk inc flu hosp,2,2025-12-27,42,quantile,0.975,2921
2025-12-13,wk inc flu hosp,2,2025-12-27,42,quantile,0.99,3364
2025-12-13,wk inc flu hosp,2,2025-12-27,44,quantile,0.01,17
2025-12-13,wk inc flu hosp,2,2025-12-27,44,quantile,0.025,22
2025-12-13,wk inc flu hosp,2,2025-12-27,44,quantile,0.05,28
2025-12-13,wk inc flu hosp,2,2025-12-27,44,quantile,0.1,36
2025-12-13,wk inc flu hosp,2,2025-12-27,44,quantile,0.15,41
2025-12-13,wk inc flu hosp,2,2025-12-27,44,quantile,0.2,44
2025-12-13,wk inc flu hosp,2,2025-12-27,44,quantile,0.25,50
2025-12-13,wk inc flu hosp,2,2025-12-27,44,quantile,0.3,54
2025-12-13,wk inc flu hosp,2,2025-12-27,44,quantile,0.35,59
2025-12-13,wk inc flu hosp,2,2025-12-27,44,quantile,0.4,62
2025-12-13,wk inc flu hosp,2,2025-12-27,44,quantile,0.45,68
2025-12-13,wk inc flu hosp,2,2025-12-27,44,quantile,0.5,74
2025-12-13,wk inc flu hosp,2,2025-12-27,44,quantile,0.55,80
2025-12-13,wk inc flu hosp,2,2025-12-27,44,quantile,0.6,85
2025-12-13,wk inc flu hosp,2,2025-12-27,44,quantile,0.65,93
2025-12-13,wk inc flu hosp,2,2025-12-27,44,quantile,0.7,101
2025-12-13,wk inc flu hosp,2,2025-12-27,44,quantile,0.75,110
2025-12-13,wk inc flu hosp,2,2025-12-27,44,quantile,0.8,125
2025-12-13,wk inc flu hosp,2,2025-12-27,44,quantile,0.85,139
2025-12-13,wk inc flu hosp,2,2025-12-27,44,quantile,0.9,159
2025-12-13,wk inc flu hosp,2,2025-12-27,44,quantile,0.95,192
2025-12-13,wk inc flu hosp,2,2025-12-27,44,quantile,0.975,228
2025-12-13,wk inc flu hosp,2,2025-12-27,44,quantile,0.99,264
2025-12-13,wk inc flu hosp,2,2025-12-27,45,quantile,0.01,88
2025-12-13,wk inc flu hosp,2,2025-12-27,45,quantile,0.025,102
2025-12-13,wk inc flu hosp,2,2025-12-27,45,quantile,0.05,116
2025-12-13,wk inc flu hosp,2,2025-12-27,45,quantile,0.1,143
2025-12-13,wk inc flu hosp,2,2025-12-27,45,quantile,0.15,157
2025-12-13,wk inc flu hosp,2,2025-12-27,45,quantile,0.2,170
2025-12-13,wk inc flu hosp,2,2025-12-27,45,quantile,0.25,186
2025-12-13,wk inc flu hosp,2,2025-12-27,45,quantile,0.3,199
2025-12-13,wk inc flu hosp,2,2025-12-27,45,quantile,0.35,214
2025-12-13,wk inc flu hosp,2,2025-12-27,45,quantile,0.4,226
2025-12-13,wk inc flu hosp,2,2025-12-27,45,quantile,0.45,241
2025-12-13,wk inc flu hosp,2,2025-12-27,45,quantile,0.5,258
2025-12-13,wk inc flu hosp,2,2025-12-27,45,quantile,0.55,274
2025-12-13,wk inc flu hosp,2,2025-12-27,45,quantile,0.6,290
2025-12-13,wk inc flu hosp,2,2025-12-27,45,quantile,0.65,307
2025-12-13,wk inc flu hosp,2,2025-12-27,45,quantile,0.7,329
2025-12-13,wk inc flu hosp,2,2025-12-27,45,quantile,0.75,351
2025-12-13,wk inc flu hosp,2,2025-12-27,45,quantile,0.8,387
2025-12-13,wk inc flu hosp,2,2025-12-27,45,quantile,0.85,425
2025-12-13,wk inc flu hosp,2,2025-12-27,45,quantile,0.9,473
2025-12-13,wk inc flu hosp,2,2025-12-27,45,quantile,0.95,563
2025-12-13,wk inc flu hosp,2,2025-12-27,45,quantile,0.975,646
2025-12-13,wk inc flu hosp,2,2025-12-27,45,quantile,0.99,834
2025-12-13,wk inc flu hosp,2,2025-12-27,46,quantile,0.01,0
2025-12-13,wk inc flu hosp,2,2025-12-27,46,quantile,0.025,0
2025-12-13,wk inc flu hosp,2,2025-12-27,46,quantile,0.05,1
2025-12-13,wk inc flu hosp,2,2025-12-27,46,quantile,0.1,1
2025-12-13,wk inc flu hosp,2,2025-12-27,46,quantile,0.15,2
2025-12-13,wk inc flu hosp,2,2025-12-27,46,quantile,0.2,3
2025-12-13,wk inc flu hosp,2,2025-12-27,46,quantile,0.25,3
2025-12-13,wk inc flu hosp,2,2025-12-27,46,quantile,0.3,4
2025-12-13,wk inc flu hosp,2,2025-12-27,46,quantile,0.35,5
2025-12-13,wk inc flu hosp,2,2025-12-27,46,quantile,0.4,5
2025-12-13,wk inc flu hosp,2,2025-12-27,46,quantile,0.45,6
2025-12-13,wk inc flu hosp,2,2025-12-27,46,quantile,0.5,7
2025-12-13,wk inc flu hosp,2,2025-12-27,46,quantile,0.55,8
2025-12-13,wk inc flu hosp,2,2025-12-27,46,quantile,0.6,9
2025-12-13,wk inc flu hosp,2,2025-12-27,46,quantile,0.65,10
2025-12-13,wk inc flu hosp,2,2025-12-27,46,quantile,0.7,11
2025-12-13,wk inc flu hosp,2,2025-12-27,46,quantile,0.75,13
2025-12-13,wk inc flu hosp,2,2025-12-27,46,quantile,0.8,15
2025-12-13,wk inc flu hosp,2,2025-12-27,46,quantile,0.85,19
2025-12-13,wk inc flu hosp,2,2025-12-27,46,quantile,0.9,23
2025-12-13,wk inc flu hosp,2,2025-12-27,46,quantile,0.95,31
2025-12-13,wk inc flu hosp,2,2025-12-27,46,quantile,0.975,40
2025-12-13,wk inc flu hosp,2,2025-12-27,46,quantile,0.99,50
2025-12-13,wk inc flu hosp,2,2025-12-27,47,quantile,0.01,67
2025-12-13,wk inc flu hosp,2,2025-12-27,47,quantile,0.025,80
2025-12-13,wk inc flu hosp,2,2025-12-27,47,quantile,0.05,98
2025-12-13,wk inc flu hosp,2,2025-12-27,47,quantile,0.1,116
2025-12-13,wk inc flu hosp,2,2025-12-27,47,quantile,0.15,129
2025-12-13,wk inc flu hosp,2,2025-12-27,47,quantile,0.2,140
2025-12-13,wk inc flu hosp,2,2025-12-27,47,quantile,0.25,152
2025-12-13,wk inc flu hosp,2,2025-12-27,47,quantile,0.3,163
2025-12-13,wk inc flu hosp,2,2025-12-27,47,quantile,0.35,173
2025-12-13,wk inc flu hosp,2,2025-12-27,47,quantile,0.4,185
2025-12-13,wk inc flu hosp,2,2025-12-27,47,quantile,0.45,196
2025-12-13,wk inc flu hosp,2,2025-12-27,47,quantile,0.5,206
2025-12-13,wk inc flu hosp,2,2025-12-27,47,quantile,0.55,219
2025-12-13,wk inc flu hosp,2,2025-12-27,47,quantile,0.6,234
2025-12-13,wk inc flu hosp,2,2025-12-27,47,quantile,0.65,249
2025-12-13,wk inc flu hosp,2,2025-12-27,47,quantile,0.7,274
2025-12-13,wk inc flu hosp,2,2025-12-27,47,quantile,0.75,295
2025-12-13,wk inc flu hosp,2,2025-12-27,47,quantile,0.8,326
2025-12-13,wk inc flu hosp,2,2025-12-27,47,quantile,0.85,360
2025-12-13,wk inc flu hosp,2,2025-12-27,47,quantile,0.9,402
2025-12-13,wk inc flu hosp,2,2025-12-27,47,quantile,0.95,470
2025-12-13,wk inc flu hosp,2,2025-12-27,47,quantile,0.975,560
2025-12-13,wk inc flu hosp,2,2025-12-27,47,quantile,0.99,731
2025-12-13,wk inc flu hosp,2,2025-12-27,48,quantile,0.01,595
2025-12-13,wk inc flu hosp,2,2025-12-27,48,quantile,0.025,636
2025-12-13,wk inc flu hosp,2,2025-12-27,48,quantile,0.05,703
2025-12-13,wk inc flu hosp,2,2025-12-27,48,quantile,0.1,798
2025-12-13,wk inc flu hosp,2,2025-12-27,48,quantile,0.15,889
2025-12-13,wk inc flu hosp,2,2025-12-27,48,quantile,0.2,947
2025-12-13,wk inc flu hosp,2,2025-12-27,48,quantile,0.25,1004
2025-12-13,wk inc flu hosp,2,2025-12-27,48,quantile,0.3,1054
2025-12-13,wk inc flu hosp,2,2025-12-27,48,quantile,0.35,1103
2025-12-13,wk inc flu hosp,2,2025-12-27,48,quantile,0.4,1146
2025-12-13,wk inc flu hosp,2,2025-12-27,48,quantile,0.45,1200
2025-12-13,wk inc flu hosp,2,2025-12-27,48,quantile,0.5,1252
2025-12-13,wk inc flu hosp,2,2025-12-27,48,quantile,0.55,1314
2025-12-13,wk inc flu hosp,2,2025-12-27,48,quantile,0.6,1385
2025-12-13,wk inc flu hosp,2,2025-12-27,48,quantile,0.65,1460
2025-12-13,wk inc flu hosp,2,2025-12-27,48,quantile,0.7,1553
2025-12-13,wk inc flu hosp,2,2025-12-27,48,quantile,0.75,1654
2025-12-13,wk inc flu hosp,2,2025-12-27,48,quantile,0.8,1760
2025-12-13,wk inc flu hosp,2,2025-12-27,48,quantile,0.85,1880
2025-12-13,wk inc flu hosp,2,2025-12-27,48,quantile,0.9,2043
2025-12-13,wk inc flu hosp,2,2025-12-27,48,quantile,0.95,2399
2025-12-13,wk inc flu hosp,2,2025-12-27,48,quantile,0.975,2620
2025-12-13,wk inc flu hosp,2,2025-12-27,48,quantile,0.99,2907
2025-12-13,wk inc flu hosp,2,2025-12-27,49,quantile,0.01,58
2025-12-13,wk inc flu hosp,2,2025-12-27,49,quantile,0.025,70
2025-12-13,wk inc flu hosp,2,2025-12-27,49,quantile,0.05,84
2025-12-13,wk inc flu hosp,2,2025-12-27,49,quantile,0.1,100
2025-12-13,wk inc flu hosp,2,2025-12-27,49,quantile,0.15,115
2025-12-13,wk inc flu hosp,2,2025-12-27,49,quantile,0.2,129
2025-12-13,wk inc flu hosp,2,2025-12-27,49,quantile,0.25,143
2025-12-13,wk inc flu hosp,2,2025-12-27,49,quantile,0.3,156
2025-12-13,wk inc flu hosp,2,2025-12-27,49,quantile,0.35,167
2025-12-13,wk inc flu hosp,2,2025-12-27,49,quantile,0.4,179
2025-12-13,wk inc flu hosp,2,2025-12-27,49,quantile,0.45,193
2025-12-13,wk inc flu hosp,2,2025-12-27,49,quantile,0.5,208
2025-12-13,wk inc flu hosp,2,2025-12-27,49,quantile,0.55,221
2025-12-13,wk inc flu hosp,2,2025-12-27,49,quantile,0.6,236
2025-12-13,wk inc flu hosp,2,2025-12-27,49,quantile,0.65,255
2025-12-13,wk inc flu hosp,2,2025-12-27,49,quantile,0.7,277
2025-12-13,wk inc flu hosp,2,2025-12-27,49,quantile,0.75,294
2025-12-13,wk inc flu hosp,2,2025-12-27,49,quantile,0.8,323
2025-12-13,wk inc flu hosp,2,2025-12-27,49,quantile,0.85,360
2025-12-13,wk inc flu hosp,2,2025-12-27,49,quantile,0.9,407
2025-12-13,wk inc flu hosp,2,2025-12-27,49,quantile,0.95,489
2025-12-13,wk inc flu hosp,2,2025-12-27,49,quantile,0.975,538
2025-12-13,wk inc flu hosp,2,2025-12-27,49,quantile,0.99,701
2025-12-13,wk inc flu hosp,2,2025-12-27,50,quantile,0.01,0
2025-12-13,wk inc flu hosp,2,2025-12-27,50,quantile,0.025,0
2025-12-13,wk inc flu hosp,2,2025-12-27,50,quantile,0.05,0
2025-12-13,wk inc flu hosp,2,2025-12-27,50,quantile,0.1,1
2025-12-13,wk inc flu hosp,2,2025-12-27,50,quantile,0.15,2
2025-12-13,wk inc flu hosp,2,2025-12-27,50,quantile,0.2,2
2025-12-13,wk inc flu hosp,2,2025-12-27,50,quantile,0.25,3
2025-12-13,wk inc flu hosp,2,2025-12-27,50,quantile,0.3,3
2025-12-13,wk inc flu hosp,2,2025-12-27,50,quantile,0.35,4
2025-12-13,wk inc flu hosp,2,2025-12-27,50,quantile,0.4,4
2025-12-13,wk inc flu hosp,2,2025-12-27,50,quantile,0.45,5
2025-12-13,wk inc flu hosp,2,2025-12-27,50,quantile,0.5,6
2025-12-13,wk inc flu hosp,2,2025-12-27,50,quantile,0.55,6
2025-12-13,wk inc flu hosp,2,2025-12-27,50,quantile,0.6,7
2025-12-13,wk inc flu hosp,2,2025-12-27,50,quantile,0.65,8
2025-12-13,wk inc flu hosp,2,2025-12-27,50,quantile,0.7,10
2025-12-13,wk inc flu hosp,2,2025-12-27,50,quantile,0.75,12
2025-12-13,wk inc flu hosp,2,2025-12-27,50,quantile,0.8,14
2025-12-13,wk inc flu hosp,2,2025-12-27,50,quantile,0.85,17
2025-12-13,wk inc flu hosp,2,2025-12-27,50,quantile,0.9,22
2025-12-13,wk inc flu hosp,2,2025-12-27,50,quantile,0.95,30
2025-12-13,wk inc flu hosp,2,2025-12-27,50,quantile,0.975,38
2025-12-13,wk inc flu hosp,2,2025-12-27,50,quantile,0.99,51
2025-12-13,wk inc flu hosp,2,2025-12-27,51,quantile,0.01,183
2025-12-13,wk inc flu hosp,2,2025-12-27,51,quantile,0.025,218
2025-12-13,wk inc flu hosp,2,2025-12-27,51,quantile,0.05,247
2025-12-13,wk inc flu hosp,2,2025-12-27,51,quantile,0.1,302
2025-12-13,wk inc flu hosp,2,2025-12-27,51,quantile,0.15,335
2025-12-13,wk inc flu hosp,2,2025-12-27,51,quantile,0.2,354
2025-12-13,wk inc flu hosp,2,2025-12-27,51,quantile,0.25,384
2025-12-13,wk inc flu hosp,2,2025-12-27,51,quantile,0.3,410
2025-12-13,wk inc flu hosp,2,2025-12-27,51,quantile,0.35,434
2025-12-13,wk inc flu hosp,2,2025-12-27,51,quantile,0.4,461
2025-12-13,wk inc flu hosp,2,2025-12-27,51,quantile,0.45,491
2025-12-13,wk inc flu hosp,2,2025-12-27,51,quantile,0.5,522
2025-12-13,wk inc flu hosp,2,2025-12-27,51,quantile,0.55,560
2025-12-13,wk inc flu hosp,2,2025-12-27,51,quantile,0.6,597
2025-12-13,wk inc flu hosp,2,2025-12-27,51,quantile,0.65,627
2025-12-13,wk inc flu hosp,2,2025-12-27,51,quantile,0.7,667
2025-12-13,wk inc flu hosp,2,2025-12-27,51,quantile,0.75,706
2025-12-13,wk inc flu hosp,2,2025-12-27,51,quantile,0.8,755
2025-12-13,wk inc flu hosp,2,2025-12-27,51,quantile,0.85,827
2025-12-13,wk inc flu hosp,2,2025-12-27,51,quantile,0.9,915
2025-12-13,wk inc flu hosp,2,2025-12-27,51,quantile,0.95,1082
2025-12-13,wk inc flu hosp,2,2025-12-27,51,quantile,0.975,1264
2025-12-13,wk inc flu hosp,2,2025-12-27,51,quantile,0.99,1436
2025-12-13,wk inc flu hosp,2,2025-12-27,53,quantile,0.01,42
2025-12-13,wk inc flu hosp,2,2025-12-27,53,quantile,0.025,55
2025-12-13,wk inc flu hosp,2,2025-12-27,53,quantile,0.05,68
2025-12-13,wk inc flu hosp,2,2025-12-27,53,quantile,0.1,83
2025-12-13,wk inc flu hosp,2,2025-12-27,53,quantile,0.15,97
2025-12-13,wk inc flu hosp,2,2025-12-27,53,quantile,0.2,106
2025-12-13,wk inc flu hosp,2,2025-12-27,53,quantile,0.25,117
2025-12-13,wk inc flu hosp,2,2025-12-27,53,quantile,0.3,128
2025-12-13,wk inc flu hosp,2,2025-12-27,53,quantile,0.35,139
2025-12-13,wk inc flu hosp,2,2025-12-27,53,quantile,0.4,148
2025-12-13,wk inc flu hosp,2,2025-12-27,53,quantile,0.45,161
2025-12-13,wk inc flu hosp,2,2025-12-27,53,quantile,0.5,173
2025-12-13,wk inc flu hosp,2,2025-12-27,53,quantile,0.55,186
2025-12-13,wk inc flu hosp,2,2025-12-27,53,quantile,0.6,200
2025-12-13,wk inc flu hosp,2,2025-12-27,53,quantile,0.65,218
2025-12-13,wk inc flu hosp,2,2025-12-27,53,quantile,0.7,240
2025-12-13,wk inc flu hosp,2,2025-12-27,53,quantile,0.75,258
2025-12-13,wk inc flu hosp,2,2025-12-27,53,quantile,0.8,278
2025-12-13,wk inc flu hosp,2,2025-12-27,53,quantile,0.85,305
2025-12-13,wk inc flu hosp,2,2025-12-27,53,quantile,0.9,356
2025-12-13,wk inc flu hosp,2,2025-12-27,53,quantile,0.95,420
2025-12-13,wk inc flu hosp,2,2025-12-27,53,quantile,0.975,487
2025-12-13,wk inc flu hosp,2,2025-12-27,53,quantile,0.99,589
2025-12-13,wk inc flu hosp,2,2025-12-27,54,quantile,0.01,5
2025-12-13,wk inc flu hosp,2,2025-12-27,54,quantile,0.025,7
2025-12-13,wk inc flu hosp,2,2025-12-27,54,quantile,0.05,8
2025-12-13,wk inc flu hosp,2,2025-12-27,54,quantile,0.1,11
2025-12-13,wk inc flu hosp,2,2025-12-27,54,quantile,0.15,14
2025-12-13,wk inc flu hosp,2,2025-12-27,54,quantile,0.2,16
2025-12-13,wk inc flu hosp,2,2025-12-27,54,quantile,0.25,18
2025-12-13,wk inc flu hosp,2,2025-12-27,54,quantile,0.3,20
2025-12-13,wk inc flu hosp,2,2025-12-27,54,quantile,0.35,21
2025-12-13,wk inc flu hosp,2,2025-12-27,54,quantile,0.4,24
2025-12-13,wk inc flu hosp,2,2025-12-27,54,quantile,0.45,26
2025-12-13,wk inc flu hosp,2,2025-12-27,54,quantile,0.5,28
2025-12-13,wk inc flu hosp,2,2025-12-27,54,quantile,0.55,31
2025-12-13,wk inc flu hosp,2,2025-12-27,54,quantile,0.6,34
2025-12-13,wk inc flu hosp,2,2025-12-27,54,quantile,0.65,39
2025-12-13,wk inc flu hosp,2,2025-12-27,54,quantile,0.7,44
2025-12-13,wk inc flu hosp,2,2025-12-27,54,quantile,0.75,50
2025-12-13,wk inc flu hosp,2,2025-12-27,54,quantile,0.8,58
2025-12-13,wk inc flu hosp,2,2025-12-27,54,quantile,0.85,68
2025-12-13,wk inc flu hosp,2,2025-12-27,54,quantile,0.9,80
2025-12-13,wk inc flu hosp,2,2025-12-27,54,quantile,0.95,101
2025-12-13,wk inc flu hosp,2,2025-12-27,54,quantile,0.975,119
2025-12-13,wk inc flu hosp,2,2025-12-27,54,quantile,0.99,149
2025-12-13,wk inc flu hosp,2,2025-12-27,55,quantile,0.01,112
2025-12-13,wk inc flu hosp,2,2025-12-27,55,quantile,0.025,146
2025-12-13,wk inc flu hosp,2,2025-12-27,55,quantile,0.05,170
2025-12-13,wk inc flu hosp,2,2025-12-27,55,quantile,0.1,214
2025-12-13,wk inc flu hosp,2,2025-12-27,55,quantile,0.15,246
2025-12-13,wk inc flu hosp,2,2025-12-27,55,quantile,0.2,277
2025-12-13,wk inc flu hosp,2,2025-12-27,55,quantile,0.25,304
2025-12-13,wk inc flu hosp,2,2025-12-27,55,quantile,0.3,332
2025-12-13,wk inc flu hosp,2,2025-12-27,55,quantile,0.35,357
2025-12-13,wk inc flu hosp,2,2025-12-27,55,quantile,0.4,379
2025-12-13,wk inc flu hosp,2,2025-12-27,55,quantile,0.45,403
2025-12-13,wk inc flu hosp,2,2025-12-27,55,quantile,0.5,424
2025-12-13,wk inc flu hosp,2,2025-12-27,55,quantile,0.55,453
2025-12-13,wk inc flu hosp,2,2025-12-27,55,quantile,0.6,481
2025-12-13,wk inc flu hosp,2,2025-12-27,55,quantile,0.65,516
2025-12-13,wk inc flu hosp,2,2025-12-27,55,quantile,0.7,543
2025-12-13,wk inc flu hosp,2,2025-12-27,55,quantile,0.75,585
2025-12-13,wk inc flu hosp,2,2025-12-27,55,quantile,0.8,643
2025-12-13,wk inc flu hosp,2,2025-12-27,55,quantile,0.85,693
2025-12-13,wk inc flu hosp,2,2025-12-27,55,quantile,0.9,765
2025-12-13,wk inc flu hosp,2,2025-12-27,55,quantile,0.95,931
2025-12-13,wk inc flu hosp,2,2025-12-27,55,quantile,0.975,1012
2025-12-13,wk inc flu hosp,2,2025-12-27,55,quantile,0.99,1184
2025-12-13,wk inc flu hosp,2,2025-12-27,56,quantile,0.01,2
2025-12-13,wk inc flu hosp,2,2025-12-27,56,quantile,0.025,3
2025-12-13,wk inc flu hosp,2,2025-12-27,56,quantile,0.05,4
2025-12-13,wk inc flu hosp,2,2025-12-27,56,quantile,0.1,7
2025-12-13,wk inc flu hosp,2,2025-12-27,56,quantile,0.15,8
2025-12-13,wk inc flu hosp,2,2025-12-27,56,quantile,0.2,9
2025-12-13,wk inc flu hosp,2,2025-12-27,56,quantile,0.25,10
2025-12-13,wk inc flu hosp,2,2025-12-27,56,quantile,0.3,12
2025-12-13,wk inc flu hosp,2,2025-12-27,56,quantile,0.35,13
2025-12-13,wk inc flu hosp,2,2025-12-27,56,quantile,0.4,15
2025-12-13,wk inc flu hosp,2,2025-12-27,56,quantile,0.45,17
2025-12-13,wk inc flu hosp,2,2025-12-27,56,quantile,0.5,18
2025-12-13,wk inc flu hosp,2,2025-12-27,56,quantile,0.55,20
2025-12-13,wk inc flu hosp,2,2025-12-27,56,quantile,0.6,22
2025-12-13,wk inc flu hosp,2,2025-12-27,56,quantile,0.65,24
2025-12-13,wk inc flu hosp,2,2025-12-27,56,quantile,0.7,26
2025-12-13,wk inc flu hosp,2,2025-12-27,56,quantile,0.75,29
2025-12-13,wk inc flu hosp,2,2025-12-27,56,quantile,0.8,32
2025-12-13,wk inc flu hosp,2,2025-12-27,56,quantile,0.85,37
2025-12-13,wk inc flu hosp,2,2025-12-27,56,quantile,0.9,44
2025-12-13,wk inc flu hosp,2,2025-12-27,56,quantile,0.95,57
2025-12-13,wk inc flu hosp,2,2025-12-27,56,quantile,0.975,67
2025-12-13,wk inc flu hosp,2,2025-12-27,56,quantile,0.99,86
2025-12-13,wk inc flu hosp,2,2025-12-27,72,quantile,0.01,191
2025-12-13,wk inc flu hosp,2,2025-12-27,72,quantile,0.025,215
2025-12-13,wk inc flu hosp,2,2025-12-27,72,quantile,0.05,235
2025-12-13,wk inc flu hosp,2,2025-12-27,72,quantile,0.1,268
2025-12-13,wk inc flu hosp,2,2025-12-27,72,quantile,0.15,297
2025-12-13,wk inc flu hosp,2,2025-12-27,72,quantile,0.2,317
2025-12-13,wk inc flu hosp,2,2025-12-27,72,quantile,0.25,337
2025-12-13,wk inc flu hosp,2,2025-12-27,72,quantile,0.3,357
2025-12-13,wk inc flu hosp,2,2025-12-27,72,quantile,0.35,375
2025-12-13,wk inc flu hosp,2,2025-12-27,72,quantile,0.4,391
2025-12-13,wk inc flu hosp,2,2025-12-27,72,quantile,0.45,408
2025-12-13,wk inc flu hosp,2,2025-12-27,72,quantile,0.5,424
2025-12-13,wk inc flu hosp,2,2025-12-27,72,quantile,0.55,442
2025-12-13,wk inc flu hosp,2,2025-12-27,72,quantile,0.6,461
2025-12-13,wk inc flu hosp,2,2025-12-27,72,quantile,0.65,482
2025-12-13,wk inc flu hosp,2,2025-12-27,72,quantile,0.7,501
2025-12-13,wk inc flu hosp,2,2025-12-27,72,quantile,0.75,528
2025-12-13,wk inc flu hosp,2,2025-12-27,72,quantile,0.8,552
2025-12-13,wk inc flu hosp,2,2025-12-27,72,quantile,0.85,582
2025-12-13,wk inc flu hosp,2,2025-12-27,72,quantile,0.9,630
2025-12-13,wk inc flu hosp,2,2025-12-27,72,quantile,0.95,699
2025-12-13,wk inc flu hosp,2,2025-12-27,72,quantile,0.975,758
2025-12-13,wk inc flu hosp,2,2025-12-27,72,quantile,0.99,846
2025-12-13,wk inc flu hosp,2,2025-12-27,US,quantile,0.01,15298
2025-12-13,wk inc flu hosp,2,2025-12-27,US,quantile,0.025,15781
2025-12-13,wk inc flu hosp,2,2025-12-27,US,quantile,0.05,16329
2025-12-13,wk inc flu hosp,2,2025-12-27,US,quantile,0.1,16824
2025-12-13,wk inc flu hosp,2,2025-12-27,US,quantile,0.15,17226
2025-12-13,wk inc flu hosp,2,2025-12-27,US,quantile,0.2,17504
2025-12-13,wk inc flu hosp,2,2025-12-27,US,quantile,0.25,17782
2025-12-13,wk inc flu hosp,2,2025-12-27,US,quantile,0.3,18042
2025-12-13,wk inc flu hosp,2,2025-12-27,US,quantile,0.35,18377
2025-12-13,wk inc flu hosp,2,2025-12-27,US,quantile,0.4,18546
2025-12-13,wk inc flu hosp,2,2025-12-27,US,quantile,0.45,18752
2025-12-13,wk inc flu hosp,2,2025-12-27,US,quantile,0.5,19008
2025-12-13,wk inc flu hosp,2,2025-12-27,US,quantile,0.55,19244
2025-12-13,wk inc flu hosp,2,2025-12-27,US,quantile,0.6,19490
2025-12-13,wk inc flu hosp,2,2025-12-27,US,quantile,0.65,19710
2025-12-13,wk inc flu hosp,2,2025-12-27,US,quantile,0.7,19892
2025-12-13,wk inc flu hosp,2,2025-12-27,US,quantile,0.75,20129
2025-12-13,wk inc flu hosp,2,2025-12-27,US,quantile,0.8,20382
2025-12-13,wk inc flu hosp,2,2025-12-27,US,quantile,0.85,20749
2025-12-13,wk inc flu hosp,2,2025-12-27,US,quantile,0.9,21223
2025-12-13,wk inc flu hosp,2,2025-12-27,US,quantile,0.95,21911
2025-12-13,wk inc flu hosp,2,2025-12-27,US,quantile,0.975,22474
2025-12-13,wk inc flu hosp,2,2025-12-27,US,quantile,0.99,22885
2025-12-13,wk inc flu hosp,3,2026-01-03,01,quantile,0.01,46
2025-12-13,wk inc flu hosp,3,2026-01-03,01,quantile,0.025,58
2025-12-13,wk inc flu hosp,3,2026-01-03,01,quantile,0.05,70
2025-12-13,wk inc flu hosp,3,2026-01-03,01,quantile,0.1,91
2025-12-13,wk inc flu hosp,3,2026-01-03,01,quantile,0.15,106
2025-12-13,wk inc flu hosp,3,2026-01-03,01,quantile,0.2,121
2025-12-13,wk inc flu hosp,3,2026-01-03,01,quantile,0.25,136
2025-12-13,wk inc flu hosp,3,2026-01-03,01,quantile,0.3,151
2025-12-13,wk inc flu hosp,3,2026-01-03,01,quantile,0.35,168
2025-12-13,wk inc flu hosp,3,2026-01-03,01,quantile,0.4,179
2025-12-13,wk inc flu hosp,3,2026-01-03,01,quantile,0.45,194
2025-12-13,wk inc flu hosp,3,2026-01-03,01,quantile,0.5,210
2025-12-13,wk inc flu hosp,3,2026-01-03,01,quantile,0.55,230
2025-12-13,wk inc flu hosp,3,2026-01-03,01,quantile,0.6,249
2025-12-13,wk inc flu hosp,3,2026-01-03,01,quantile,0.65,269
2025-12-13,wk inc flu hosp,3,2026-01-03,01,quantile,0.7,290
2025-12-13,wk inc flu hosp,3,2026-01-03,01,quantile,0.75,321
2025-12-13,wk inc flu hosp,3,2026-01-03,01,quantile,0.8,361
2025-12-13,wk inc flu hosp,3,2026-01-03,01,quantile,0.85,410
2025-12-13,wk inc flu hosp,3,2026-01-03,01,quantile,0.9,474
2025-12-13,wk inc flu hosp,3,2026-01-03,01,quantile,0.95,604
2025-12-13,wk inc flu hosp,3,2026-01-03,01,quantile,0.975,728
2025-12-13,wk inc flu hosp,3,2026-01-03,01,quantile,0.99,821
2025-12-13,wk inc flu hosp,3,2026-01-03,02,quantile,0.01,3
2025-12-13,wk inc flu hosp,3,2026-01-03,02,quantile,0.025,4
2025-12-13,wk inc flu hosp,3,2026-01-03,02,quantile,0.05,7
2025-12-13,wk inc flu hosp,3,2026-01-03,02,quantile,0.1,11
2025-12-13,wk inc flu hosp,3,2026-01-03,02,quantile,0.15,13
2025-12-13,wk inc flu hosp,3,2026-01-03,02,quantile,0.2,15
2025-12-13,wk inc flu hosp,3,2026-01-03,02,quantile,0.25,18
2025-12-13,wk inc flu hosp,3,2026-01-03,02,quantile,0.3,21
2025-12-13,wk inc flu hosp,3,2026-01-03,02,quantile,0.35,24
2025-12-13,wk inc flu hosp,3,2026-01-03,02,quantile,0.4,27
2025-12-13,wk inc flu hosp,3,2026-01-03,02,quantile,0.45,31
2025-12-13,wk inc flu hosp,3,2026-01-03,02,quantile,0.5,34
2025-12-13,wk inc flu hosp,3,2026-01-03,02,quantile,0.55,37
2025-12-13,wk inc flu hosp,3,2026-01-03,02,quantile,0.6,42
2025-12-13,wk inc flu hosp,3,2026-01-03,02,quantile,0.65,47
2025-12-13,wk inc flu hosp,3,2026-01-03,02,quantile,0.7,53
2025-12-13,wk inc flu hosp,3,2026-01-03,02,quantile,0.75,60
2025-12-13,wk inc flu hosp,3,2026-01-03,02,quantile,0.8,68
2025-12-13,wk inc flu hosp,3,2026-01-03,02,quantile,0.85,80
2025-12-13,wk inc flu hosp,3,2026-01-03,02,quantile,0.9,97
2025-12-13,wk inc flu hosp,3,2026-01-03,02,quantile,0.95,126
2025-12-13,wk inc flu hosp,3,2026-01-03,02,quantile,0.975,158
2025-12-13,wk inc flu hosp,3,2026-01-03,02,quantile,0.99,192
2025-12-13,wk inc flu hosp,3,2026-01-03,04,quantile,0.01,32
2025-12-13,wk inc flu hosp,3,2026-01-03,04,quantile,0.025,37
2025-12-13,wk inc flu hosp,3,2026-01-03,04,quantile,0.05,52
2025-12-13,wk inc flu hosp,3,2026-01-03,04,quantile,0.1,67
2025-12-13,wk inc flu hosp,3,2026-01-03,04,quantile,0.15,80
2025-12-13,wk inc flu hosp,3,2026-01-03,04,quantile,0.2,88
2025-12-13,wk inc flu hosp,3,2026-01-03,04,quantile,0.25,98
2025-12-13,wk inc flu hosp,3,2026-01-03,04,quantile,0.3,108
2025-12-13,wk inc flu hosp,3,2026-01-03,04,quantile,0.35,117
2025-12-13,wk inc flu hosp,3,2026-01-03,04,quantile,0.4,129
2025-12-13,wk inc flu hosp,3,2026-01-03,04,quantile,0.45,140
2025-12-13,wk inc flu hosp,3,2026-01-03,04,quantile,0.5,151
2025-12-13,wk inc flu hosp,3,2026-01-03,04,quantile,0.55,166
2025-12-13,wk inc flu hosp,3,2026-01-03,04,quantile,0.6,176
2025-12-13,wk inc flu hosp,3,2026-01-03,04,quantile,0.65,192
2025-12-13,wk inc flu hosp,3,2026-01-03,04,quantile,0.7,208
2025-12-13,wk inc flu hosp,3,2026-01-03,04,quantile,0.75,231
2025-12-13,wk inc flu hosp,3,2026-01-03,04,quantile,0.8,259
2025-12-13,wk inc flu hosp,3,2026-01-03,04,quantile,0.85,296
2025-12-13,wk inc flu hosp,3,2026-01-03,04,quantile,0.9,345
2025-12-13,wk inc flu hosp,3,2026-01-03,04,quantile,0.95,497
2025-12-13,wk inc flu hosp,3,2026-01-03,04,quantile,0.975,624
2025-12-13,wk inc flu hosp,3,2026-01-03,04,quantile,0.99,899
2025-12-13,wk inc flu hosp,3,2026-01-03,05,quantile,0.01,102
2025-12-13,wk inc flu hosp,3,2026-01-03,05,quantile,0.025,123
2025-12-13,wk inc flu hosp,3,2026-01-03,05,quantile,0.05,146
2025-12-13,wk inc flu hosp,3,2026-01-03,05,quantile,0.1,178
2025-12-13,wk inc flu hosp,3,2026-01-03,05,quantile,0.15,196
2025-12-13,wk inc flu hosp,3,2026-01-03,05,quantile,0.2,212
2025-12-13,wk inc flu hosp,3,2026-01-03,05,quantile,0.25,230
2025-12-13,wk inc flu hosp,3,2026-01-03,05,quantile,0.3,245
2025-12-13,wk inc flu hosp,3,2026-01-03,05,quantile,0.35,262
2025-12-13,wk inc flu hosp,3,2026-01-03,05,quantile,0.4,283
2025-12-13,wk inc flu hosp,3,2026-01-03,05,quantile,0.45,303
2025-12-13,wk inc flu hosp,3,2026-01-03,05,quantile,0.5,316
2025-12-13,wk inc flu hosp,3,2026-01-03,05,quantile,0.55,336
2025-12-13,wk inc flu hosp,3,2026-01-03,05,quantile,0.6,354
2025-12-13,wk inc flu hosp,3,2026-01-03,05,quantile,0.65,374
2025-12-13,wk inc flu hosp,3,2026-01-03,05,quantile,0.7,398
2025-12-13,wk inc flu hosp,3,2026-01-03,05,quantile,0.75,423
2025-12-13,wk inc flu hosp,3,2026-01-03,05,quantile,0.8,457
2025-12-13,wk inc flu hosp,3,2026-01-03,05,quantile,0.85,494
2025-12-13,wk inc flu hosp,3,2026-01-03,05,quantile,0.9,550
2025-12-13,wk inc flu hosp,3,2026-01-03,05,quantile,0.95,641
2025-12-13,wk inc flu hosp,3,2026-01-03,05,quantile,0.975,718
2025-12-13,wk inc flu hosp,3,2026-01-03,05,quantile,0.99,806
2025-12-13,wk inc flu hosp,3,2026-01-03,06,quantile,0.01,141
2025-12-13,wk inc flu hosp,3,2026-01-03,06,quantile,0.025,195
2025-12-13,wk inc flu hosp,3,2026-01-03,06,quantile,0.05,218
2025-12-13,wk inc flu hosp,3,2026-01-03,06,quantile,0.1,266
2025-12-13,wk inc flu hosp,3,2026-01-03,06,quantile,0.15,308
2025-12-13,wk inc flu hosp,3,2026-01-03,06,quantile,0.2,348
2025-12-13,wk inc flu hosp,3,2026-01-03,06,quantile,0.25,380
2025-12-13,wk inc flu hosp,3,2026-01-03,06,quantile,0.3,407
2025-12-13,wk inc flu hosp,3,2026-01-03,06,quantile,0.35,444
2025-12-13,wk inc flu hosp,3,2026-01-03,06,quantile,0.4,473
2025-12-13,wk inc flu hosp,3,2026-01-03,06,quantile,0.45,508
2025-12-13,wk inc flu hosp,3,2026-01-03,06,quantile,0.5,560
2025-12-13,wk inc flu hosp,3,2026-01-03,06,quantile,0.55,614
2025-12-13,wk inc flu hosp,3,2026-01-03,06,quantile,0.6,671
2025-12-13,wk inc flu hosp,3,2026-01-03,06,quantile,0.65,718
2025-12-13,wk inc flu hosp,3,2026-01-03,06,quantile,0.7,787
2025-12-13,wk inc flu hosp,3,2026-01-03,06,quantile,0.75,871
2025-12-13,wk inc flu hosp,3,2026-01-03,06,quantile,0.8,955
2025-12-13,wk inc flu hosp,3,2026-01-03,06,quantile,0.85,1069
2025-12-13,wk inc flu hosp,3,2026-01-03,06,quantile,0.9,1226
2025-12-13,wk inc flu hosp,3,2026-01-03,06,quantile,0.95,1577
2025-12-13,wk inc flu hosp,3,2026-01-03,06,quantile,0.975,1777
2025-12-13,wk inc flu hosp,3,2026-01-03,06,quantile,0.99,2450
2025-12-13,wk inc flu hosp,3,2026-01-03,08,quantile,0.01,245
2025-12-13,wk inc flu hosp,3,2026-01-03,08,quantile,0.025,287
2025-12-13,wk inc flu hosp,3,2026-01-03,08,quantile,0.05,328
2025-12-13,wk inc flu hosp,3,2026-01-03,08,quantile,0.1,398
2025-12-13,wk inc flu hosp,3,2026-01-03,08,quantile,0.15,440
2025-12-13,wk inc flu hosp,3,2026-01-03,08,quantile,0.2,481
2025-12-13,wk inc flu hosp,3,2026-01-03,08,quantile,0.25,513
2025-12-13,wk inc flu hosp,3,2026-01-03,08,quantile,0.3,547
2025-12-13,wk inc flu hosp,3,2026-01-03,08,quantile,0.35,575
2025-12-13,wk inc flu hosp,3,2026-01-03,08,quantile,0.4,606
2025-12-13,wk inc flu hosp,3,2026-01-03,08,quantile,0.45,635
2025-12-13,wk inc flu hosp,3,2026-01-03,08,quantile,0.5,668
2025-12-13,wk inc flu hosp,3,2026-01-03,08,quantile,0.55,712
2025-12-13,wk inc flu hosp,3,2026-01-03,08,quantile,0.6,746
2025-12-13,wk inc flu hosp,3,2026-01-03,08,quantile,0.65,787
2025-12-13,wk inc flu hosp,3,2026-01-03,08,quantile,0.7,841
2025-12-13,wk inc flu hosp,3,2026-01-03,08,quantile,0.75,897
2025-12-13,wk inc flu hosp,3,2026-01-03,08,quantile,0.8,961
2025-12-13,wk inc flu hosp,3,2026-01-03,08,quantile,0.85,1030
2025-12-13,wk inc flu hosp,3,2026-01-03,08,quantile,0.9,1118
2025-12-13,wk inc flu hosp,3,2026-01-03,08,quantile,0.95,1249
2025-12-13,wk inc flu hosp,3,2026-01-03,08,quantile,0.975,1352
2025-12-13,wk inc flu hosp,3,2026-01-03,08,quantile,0.99,1557
2025-12-13,wk inc flu hosp,3,2026-01-03,09,quantile,0.01,45
2025-12-13,wk inc flu hosp,3,2026-01-03,09,quantile,0.025,52
2025-12-13,wk inc flu hosp,3,2026-01-03,09,quantile,0.05,59
2025-12-13,wk inc flu hosp,3,2026-01-03,09,quantile,0.1,68
2025-12-13,wk inc flu hosp,3,2026-01-03,09,quantile,0.15,73
2025-12-13,wk inc flu hosp,3,2026-01-03,09,quantile,0.2,78
2025-12-13,wk inc flu hosp,3,2026-01-03,09,quantile,0.25,84
2025-12-13,wk inc flu hosp,3,2026-01-03,09,quantile,0.3,89
2025-12-13,wk inc flu hosp,3,2026-01-03,09,quantile,0.35,95
2025-12-13,wk inc flu hosp,3,2026-01-03,09,quantile,0.4,100
2025-12-13,wk inc flu hosp,3,2026-01-03,09,quantile,0.45,106
2025-12-13,wk inc flu hosp,3,2026-01-03,09,quantile,0.5,112
2025-12-13,wk inc flu hosp,3,2026-01-03,09,quantile,0.55,118
2025-12-13,wk inc flu hosp,3,2026-01-03,09,quantile,0.6,126
2025-12-13,wk inc flu hosp,3,2026-01-03,09,quantile,0.65,135
2025-12-13,wk inc flu hosp,3,2026-01-03,09,quantile,0.7,144
2025-12-13,wk inc flu hosp,3,2026-01-03,09,quantile,0.75,159
2025-12-13,wk inc flu hosp,3,2026-01-03,09,quantile,0.8,176
2025-12-13,wk inc flu hosp,3,2026-01-03,09,quantile,0.85,197
2025-12-13,wk inc flu hosp,3,2026-01-03,09,quantile,0.9,233
2025-12-13,wk inc flu hosp,3,2026-01-03,09,quantile,0.95,294
2025-12-13,wk inc flu hosp,3,2026-01-03,09,quantile,0.975,346
2025-12-13,wk inc flu hosp,3,2026-01-03,09,quantile,0.99,436
2025-12-13,wk inc flu hosp,3,2026-01-03,10,quantile,0.01,3
2025-12-13,wk inc flu hosp,3,2026-01-03,10,quantile,0.025,4
2025-12-13,wk inc flu hosp,3,2026-01-03,10,quantile,0.05,5
2025-12-13,wk inc flu hosp,3,2026-01-03,10,quantile,0.1,8
2025-12-13,wk inc flu hosp,3,2026-01-03,10,quantile,0.15,10
2025-12-13,wk inc flu hosp,3,2026-01-03,10,quantile,0.2,12
2025-12-13,wk inc flu hosp,3,2026-01-03,10,quantile,0.25,14
2025-12-13,wk inc flu hosp,3,2026-01-03,10,quantile,0.3,17
2025-12-13,wk inc flu hosp,3,2026-01-03,10,quantile,0.35,19
2025-12-13,wk inc flu hosp,3,2026-01-03,10,quantile,0.4,22
2025-12-13,wk inc flu hosp,3,2026-01-03,10,quantile,0.45,24
2025-12-13,wk inc flu hosp,3,2026-01-03,10,quantile,0.5,27
2025-12-13,wk inc flu hosp,3,2026-01-03,10,quantile,0.55,30
2025-12-13,wk inc flu hosp,3,2026-01-03,10,quantile,0.6,34
2025-12-13,wk inc flu hosp,3,2026-01-03,10,quantile,0.65,37
2025-12-13,wk inc flu hosp,3,2026-01-03,10,quantile,0.7,41
2025-12-13,wk inc flu hosp,3,2026-01-03,10,quantile,0.75,44
2025-12-13,wk inc flu hosp,3,2026-01-03,10,quantile,0.8,50
2025-12-13,wk inc flu hosp,3,2026-01-03,10,quantile,0.85,57
2025-12-13,wk inc flu hosp,3,2026-01-03,10,quantile,0.9,70
2025-12-13,wk inc flu hosp,3,2026-01-03,10,quantile,0.95,92
2025-12-13,wk inc flu hosp,3,2026-01-03,10,quantile,0.975,122
2025-12-13,wk inc flu hosp,3,2026-01-03,10,quantile,0.99,155
2025-12-13,wk inc flu hosp,3,2026-01-03,11,quantile,0.01,11
2025-12-13,wk inc flu hosp,3,2026-01-03,11,quantile,0.025,17
2025-12-13,wk inc flu hosp,3,2026-01-03,11,quantile,0.05,21
2025-12-13,wk inc flu hosp,3,2026-01-03,11,quantile,0.1,26
2025-12-13,wk inc flu hosp,3,2026-01-03,11,quantile,0.15,32
2025-12-13,wk inc flu hosp,3,2026-01-03,11,quantile,0.2,37
2025-12-13,wk inc flu hosp,3,2026-01-03,11,quantile,0.25,41
2025-12-13,wk inc flu hosp,3,2026-01-03,11,quantile,0.3,45
2025-12-13,wk inc flu hosp,3,2026-01-03,11,quantile,0.35,49
2025-12-13,wk inc flu hosp,3,2026-01-03,11,quantile,0.4,53
2025-12-13,wk inc flu hosp,3,2026-01-03,11,quantile,0.45,57
2025-12-13,wk inc flu hosp,3,2026-01-03,11,quantile,0.5,61
2025-12-13,wk inc flu hosp,3,2026-01-03,11,quantile,0.55,66
2025-12-13,wk inc flu hosp,3,2026-01-03,11,quantile,0.6,72
2025-12-13,wk inc flu hosp,3,2026-01-03,11,quantile,0.65,78
2025-12-13,wk inc flu hosp,3,2026-01-03,11,quantile,0.7,86
2025-12-13,wk inc flu hosp,3,2026-01-03,11,quantile,0.75,91
2025-12-13,wk inc flu hosp,3,2026-01-03,11,quantile,0.8,100
2025-12-13,wk inc flu hosp,3,2026-01-03,11,quantile,0.85,111
2025-12-13,wk inc flu hosp,3,2026-01-03,11,quantile,0.9,124
2025-12-13,wk inc flu hosp,3,2026-01-03,11,quantile,0.95,147
2025-12-13,wk inc flu hosp,3,2026-01-03,11,quantile,0.975,167
2025-12-13,wk inc flu hosp,3,2026-01-03,11,quantile,0.99,201
2025-12-13,wk inc flu hosp,3,2026-01-03,12,quantile,0.01,436
2025-12-13,wk inc flu hosp,3,2026-01-03,12,quantile,0.025,528
2025-12-13,wk inc flu hosp,3,2026-01-03,12,quantile,0.05,577
2025-12-13,wk inc flu hosp,3,2026-01-03,12,quantile,0.1,675
2025-12-13,wk inc flu hosp,3,2026-01-03,12,quantile,0.15,760
2025-12-13,wk inc flu hosp,3,2026-01-03,12,quantile,0.2,826
2025-12-13,wk inc flu hosp,3,2026-01-03,12,quantile,0.25,892
2025-12-13,wk inc flu hosp,3,2026-01-03,12,quantile,0.3,953
2025-12-13,wk inc flu hosp,3,2026-01-03,12,quantile,0.35,1016
2025-12-13,wk inc flu hosp,3,2026-01-03,12,quantile,0.4,1084
2025-12-13,wk inc flu hosp,3,2026-01-03,12,quantile,0.45,1168
2025-12-13,wk inc flu hosp,3,2026-01-03,12,quantile,0.5,1246
2025-12-13,wk inc flu hosp,3,2026-01-03,12,quantile,0.55,1311
2025-12-13,wk inc flu hosp,3,2026-01-03,12,quantile,0.6,1379
2025-12-13,wk inc flu hosp,3,2026-01-03,12,quantile,0.65,1475
2025-12-13,wk inc flu hosp,3,2026-01-03,12,quantile,0.7,1588
2025-12-13,wk inc flu hosp,3,2026-01-03,12,quantile,0.75,1688
2025-12-13,wk inc flu hosp,3,2026-01-03,12,quantile,0.8,1814
2025-12-13,wk inc flu hosp,3,2026-01-03,12,quantile,0.85,1988
2025-12-13,wk inc flu hosp,3,2026-01-03,12,quantile,0.9,2206
2025-12-13,wk inc flu hosp,3,2026-01-03,12,quantile,0.95,2585
2025-12-13,wk inc flu hosp,3,2026-01-03,12,quantile,0.975,2957
2025-12-13,wk inc flu hosp,3,2026-01-03,12,quantile,0.99,3386
2025-12-13,wk inc flu hosp,3,2026-01-03,13,quantile,0.01,105
2025-12-13,wk inc flu hosp,3,2026-01-03,13,quantile,0.025,133
2025-12-13,wk inc flu hosp,3,2026-01-03,13,quantile,0.05,160
2025-12-13,wk inc flu hosp,3,2026-01-03,13,quantile,0.1,190
2025-12-13,wk inc flu hosp,3,2026-01-03,13,quantile,0.15,210
2025-12-13,wk inc flu hosp,3,2026-01-03,13,quantile,0.2,235
2025-12-13,wk inc flu hosp,3,2026-01-03,13,quantile,0.25,260
2025-12-13,wk inc flu hosp,3,2026-01-03,13,quantile,0.3,287
2025-12-13,wk inc flu hosp,3,2026-01-03,13,quantile,0.35,313
2025-12-13,wk inc flu hosp,3,2026-01-03,13,quantile,0.4,338
2025-12-13,wk inc flu hosp,3,2026-01-03,13,quantile,0.45,359
2025-12-13,wk inc flu hosp,3,2026-01-03,13,quantile,0.5,382
2025-12-13,wk inc flu hosp,3,2026-01-03,13,quantile,0.55,408
2025-12-13,wk inc flu hosp,3,2026-01-03,13,quantile,0.6,435
2025-12-13,wk inc flu hosp,3,2026-01-03,13,quantile,0.65,472
2025-12-13,wk inc flu hosp,3,2026-01-03,13,quantile,0.7,503
2025-12-13,wk inc flu hosp,3,2026-01-03,13,quantile,0.75,541
2025-12-13,wk inc flu hosp,3,2026-01-03,13,quantile,0.8,595
2025-12-13,wk inc flu hosp,3,2026-01-03,13,quantile,0.85,675
2025-12-13,wk inc flu hosp,3,2026-01-03,13,quantile,0.9,748
2025-12-13,wk inc flu hosp,3,2026-01-03,13,quantile,0.95,911
2025-12-13,wk inc flu hosp,3,2026-01-03,13,quantile,0.975,1098
2025-12-13,wk inc flu hosp,3,2026-01-03,13,quantile,0.99,1325
2025-12-13,wk inc flu hosp,3,2026-01-03,15,quantile,0.01,28
2025-12-13,wk inc flu hosp,3,2026-01-03,15,quantile,0.025,35
2025-12-13,wk inc flu hosp,3,2026-01-03,15,quantile,0.05,42
2025-12-13,wk inc flu hosp,3,2026-01-03,15,quantile,0.1,52
2025-12-13,wk inc flu hosp,3,2026-01-03,15,quantile,0.15,60
2025-12-13,wk inc flu hosp,3,2026-01-03,15,quantile,0.2,67
2025-12-13,wk inc flu hosp,3,2026-01-03,15,quantile,0.25,74
2025-12-13,wk inc flu hosp,3,2026-01-03,15,quantile,0.3,79
2025-12-13,wk inc flu hosp,3,2026-01-03,15,quantile,0.35,85
2025-12-13,wk inc flu hosp,3,2026-01-03,15,quantile,0.4,92
2025-12-13,wk inc flu hosp,3,2026-01-03,15,quantile,0.45,99
2025-12-13,wk inc flu hosp,3,2026-01-03,15,quantile,0.5,107
2025-12-13,wk inc flu hosp,3,2026-01-03,15,quantile,0.55,115
2025-12-13,wk inc flu hosp,3,2026-01-03,15,quantile,0.6,124
2025-12-13,wk inc flu hosp,3,2026-01-03,15,quantile,0.65,132
2025-12-13,wk inc flu hosp,3,2026-01-03,15,quantile,0.7,141
2025-12-13,wk inc flu hosp,3,2026-01-03,15,quantile,0.75,150
2025-12-13,wk inc flu hosp,3,2026-01-03,15,quantile,0.8,163
2025-12-13,wk inc flu hosp,3,2026-01-03,15,quantile,0.85,181
2025-12-13,wk inc flu hosp,3,2026-01-03,15,quantile,0.9,209
2025-12-13,wk inc flu hosp,3,2026-01-03,15,quantile,0.95,247
2025-12-13,wk inc flu hosp,3,2026-01-03,15,quantile,0.975,276
2025-12-13,wk inc flu hosp,3,2026-01-03,15,quantile,0.99,331
2025-12-13,wk inc flu hosp,3,2026-01-03,16,quantile,0.01,20
2025-12-13,wk inc flu hosp,3,2026-01-03,16,quantile,0.025,26
2025-12-13,wk inc flu hosp,3,2026-01-03,16,quantile,0.05,35
2025-12-13,wk inc flu hosp,3,2026-01-03,16,quantile,0.1,48
2025-12-13,wk inc flu hosp,3,2026-01-03,16,quantile,0.15,55
2025-12-13,wk inc flu hosp,3,2026-01-03,16,quantile,0.2,60
2025-12-13,wk inc flu hosp,3,2026-01-03,16,quantile,0.25,66
2025-12-13,wk inc flu hosp,3,2026-01-03,16,quantile,0.3,73
2025-12-13,wk inc flu hosp,3,2026-01-03,16,quantile,0.35,80
2025-12-13,wk inc flu hosp,3,2026-01-03,16,quantile,0.4,87
2025-12-13,wk inc flu hosp,3,2026-01-03,16,quantile,0.45,95
2025-12-13,wk inc flu hosp,3,2026-01-03,16,quantile,0.5,102
2025-12-13,wk inc flu hosp,3,2026-01-03,16,quantile,0.55,111
2025-12-13,wk inc flu hosp,3,2026-01-03,16,quantile,0.6,119
2025-12-13,wk inc flu hosp,3,2026-01-03,16,quantile,0.65,131
2025-12-13,wk inc flu hosp,3,2026-01-03,16,quantile,0.7,141
2025-12-13,wk inc flu hosp,3,2026-01-03,16,quantile,0.75,155
2025-12-13,wk inc flu hosp,3,2026-01-03,16,quantile,0.8,173
2025-12-13,wk inc flu hosp,3,2026-01-03,16,quantile,0.85,189
2025-12-13,wk inc flu hosp,3,2026-01-03,16,quantile,0.9,211
2025-12-13,wk inc flu hosp,3,2026-01-03,16,quantile,0.95,257
2025-12-13,wk inc flu hosp,3,2026-01-03,16,quantile,0.975,290
2025-12-13,wk inc flu hosp,3,2026-01-03,16,quantile,0.99,333
2025-12-13,wk inc flu hosp,3,2026-01-03,17,quantile,0.01,193
2025-12-13,wk inc flu hosp,3,2026-01-03,17,quantile,0.025,232
2025-12-13,wk inc flu hosp,3,2026-01-03,17,quantile,0.05,266
2025-12-13,wk inc flu hosp,3,2026-01-03,17,quantile,0.1,337
2025-12-13,wk inc flu hosp,3,2026-01-03,17,quantile,0.15,379
2025-12-13,wk inc flu hosp,3,2026-01-03,17,quantile,0.2,429
2025-12-13,wk inc flu hosp,3,2026-01-03,17,quantile,0.25,468
2025-12-13,wk inc flu hosp,3,2026-01-03,17,quantile,0.3,506
2025-12-13,wk inc flu hosp,3,2026-01-03,17,quantile,0.35,548
2025-12-13,wk inc flu hosp,3,2026-01-03,17,quantile,0.4,595
2025-12-13,wk inc flu hosp,3,2026-01-03,17,quantile,0.45,628
2025-12-13,wk inc flu hosp,3,2026-01-03,17,quantile,0.5,670
2025-12-13,wk inc flu hosp,3,2026-01-03,17,quantile,0.55,720
2025-12-13,wk inc flu hosp,3,2026-01-03,17,quantile,0.6,772
2025-12-13,wk inc flu hosp,3,2026-01-03,17,quantile,0.65,834
2025-12-13,wk inc flu hosp,3,2026-01-03,17,quantile,0.7,898
2025-12-13,wk inc flu hosp,3,2026-01-03,17,quantile,0.75,966
2025-12-13,wk inc flu hosp,3,2026-01-03,17,quantile,0.8,1051
2025-12-13,wk inc flu hosp,3,2026-01-03,17,quantile,0.85,1224
2025-12-13,wk inc flu hosp,3,2026-01-03,17,quantile,0.9,1398
2025-12-13,wk inc flu hosp,3,2026-01-03,17,quantile,0.95,1672
2025-12-13,wk inc flu hosp,3,2026-01-03,17,quantile,0.975,2130
2025-12-13,wk inc flu hosp,3,2026-01-03,17,quantile,0.99,2458
2025-12-13,wk inc flu hosp,3,2026-01-03,18,quantile,0.01,96
2025-12-13,wk inc flu hosp,3,2026-01-03,18,quantile,0.025,114
2025-12-13,wk inc flu hosp,3,2026-01-03,18,quantile,0.05,133
2025-12-13,wk inc flu hosp,3,2026-01-03,18,quantile,0.1,164
2025-12-13,wk inc flu hosp,3,2026-01-03,18,quantile,0.15,187
2025-12-13,wk inc flu hosp,3,2026-01-03,18,quantile,0.2,208
2025-12-13,wk inc flu hosp,3,2026-01-03,18,quantile,0.25,224
2025-12-13,wk inc flu hosp,3,2026-01-03,18,quantile,0.3,240
2025-12-13,wk inc flu hosp,3,2026-01-03,18,quantile,0.35,263
2025-12-13,wk inc flu hosp,3,2026-01-03,18,quantile,0.4,287
2025-12-13,wk inc flu hosp,3,2026-01-03,18,quantile,0.45,307
2025-12-13,wk inc flu hosp,3,2026-01-03,18,quantile,0.5,333
2025-12-13,wk inc flu hosp,3,2026-01-03,18,quantile,0.55,361
2025-12-13,wk inc flu hosp,3,2026-01-03,18,quantile,0.6,384
2025-12-13,wk inc flu hosp,3,2026-01-03,18,quantile,0.65,416
2025-12-13,wk inc flu hosp,3,2026-01-03,18,quantile,0.7,451
2025-12-13,wk inc flu hosp,3,2026-01-03,18,quantile,0.75,491
2025-12-13,wk inc flu hosp,3,2026-01-03,18,quantile,0.8,543
2025-12-13,wk inc flu hosp,3,2026-01-03,18,quantile,0.85,592
2025-12-13,wk inc flu hosp,3,2026-01-03,18,quantile,0.9,694
2025-12-13,wk inc flu hosp,3,2026-01-03,18,quantile,0.95,866
2025-12-13,wk inc flu hosp,3,2026-01-03,18,quantile,0.975,1055
2025-12-13,wk inc flu hosp,3,2026-01-03,18,quantile,0.99,1202
2025-12-13,wk inc flu hosp,3,2026-01-03,19,quantile,0.01,11
2025-12-13,wk inc flu hosp,3,2026-01-03,19,quantile,0.025,16
2025-12-13,wk inc flu hosp,3,2026-01-03,19,quantile,0.05,19
2025-12-13,wk inc flu hosp,3,2026-01-03,19,quantile,0.1,26
2025-12-13,wk inc flu hosp,3,2026-01-03,19,quantile,0.15,34
2025-12-13,wk inc flu hosp,3,2026-01-03,19,quantile,0.2,38
2025-12-13,wk inc flu hosp,3,2026-01-03,19,quantile,0.25,43
2025-12-13,wk inc flu hosp,3,2026-01-03,19,quantile,0.3,49
2025-12-13,wk inc flu hosp,3,2026-01-03,19,quantile,0.35,55
2025-12-13,wk inc flu hosp,3,2026-01-03,19,quantile,0.4,61
2025-12-13,wk inc flu hosp,3,2026-01-03,19,quantile,0.45,66
2025-12-13,wk inc flu hosp,3,2026-01-03,19,quantile,0.5,73
2025-12-13,wk inc flu hosp,3,2026-01-03,19,quantile,0.55,80
2025-12-13,wk inc flu hosp,3,2026-01-03,19,quantile,0.6,89
2025-12-13,wk inc flu hosp,3,2026-01-03,19,quantile,0.65,97
2025-12-13,wk inc flu hosp,3,2026-01-03,19,quantile,0.7,107
2025-12-13,wk inc flu hosp,3,2026-01-03,19,quantile,0.75,122
2025-12-13,wk inc flu hosp,3,2026-01-03,19,quantile,0.8,137
2025-12-13,wk inc flu hosp,3,2026-01-03,19,quantile,0.85,155
2025-12-13,wk inc flu hosp,3,2026-01-03,19,quantile,0.9,190
2025-12-13,wk inc flu hosp,3,2026-01-03,19,quantile,0.95,240
2025-12-13,wk inc flu hosp,3,2026-01-03,19,quantile,0.975,288
2025-12-13,wk inc flu hosp,3,2026-01-03,19,quantile,0.99,369
2025-12-13,wk inc flu hosp,3,2026-01-03,20,quantile,0.01,8
2025-12-13,wk inc flu hosp,3,2026-01-03,20,quantile,0.025,12
2025-12-13,wk inc flu hosp,3,2026-01-03,20,quantile,0.05,14
2025-12-13,wk inc flu hosp,3,2026-01-03,20,quantile,0.1,18
2025-12-13,wk inc flu hosp,3,2026-01-03,20,quantile,0.15,23
2025-12-13,wk inc flu hosp,3,2026-01-03,20,quantile,0.2,26
2025-12-13,wk inc flu hosp,3,2026-01-03,20,quantile,0.25,30
2025-12-13,wk inc flu hosp,3,2026-01-03,20,quantile,0.3,34
2025-12-13,wk inc flu hosp,3,2026-01-03,20,quantile,0.35,39
2025-12-13,wk inc flu hosp,3,2026-01-03,20,quantile,0.4,43
2025-12-13,wk inc flu hosp,3,2026-01-03,20,quantile,0.45,48
2025-12-13,wk inc flu hosp,3,2026-01-03,20,quantile,0.5,52
2025-12-13,wk inc flu hosp,3,2026-01-03,20,quantile,0.55,57
2025-12-13,wk inc flu hosp,3,2026-01-03,20,quantile,0.6,64
2025-12-13,wk inc flu hosp,3,2026-01-03,20,quantile,0.65,72
2025-12-13,wk inc flu hosp,3,2026-01-03,20,quantile,0.7,80
2025-12-13,wk inc flu hosp,3,2026-01-03,20,quantile,0.75,91
2025-12-13,wk inc flu hosp,3,2026-01-03,20,quantile,0.8,103
2025-12-13,wk inc flu hosp,3,2026-01-03,20,quantile,0.85,118
2025-12-13,wk inc flu hosp,3,2026-01-03,20,quantile,0.9,148
2025-12-13,wk inc flu hosp,3,2026-01-03,20,quantile,0.95,212
2025-12-13,wk inc flu hosp,3,2026-01-03,20,quantile,0.975,253
2025-12-13,wk inc flu hosp,3,2026-01-03,20,quantile,0.99,331
2025-12-13,wk inc flu hosp,3,2026-01-03,21,quantile,0.01,37
2025-12-13,wk inc flu hosp,3,2026-01-03,21,quantile,0.025,44
2025-12-13,wk inc flu hosp,3,2026-01-03,21,quantile,0.05,52
2025-12-13,wk inc flu hosp,3,2026-01-03,21,quantile,0.1,65
2025-12-13,wk inc flu hosp,3,2026-01-03,21,quantile,0.15,76
2025-12-13,wk inc flu hosp,3,2026-01-03,21,quantile,0.2,86
2025-12-13,wk inc flu hosp,3,2026-01-03,21,quantile,0.25,95
2025-12-13,wk inc flu hosp,3,2026-01-03,21,quantile,0.3,104
2025-12-13,wk inc flu hosp,3,2026-01-03,21,quantile,0.35,115
2025-12-13,wk inc flu hosp,3,2026-01-03,21,quantile,0.4,123
2025-12-13,wk inc flu hosp,3,2026-01-03,21,quantile,0.45,132
2025-12-13,wk inc flu hosp,3,2026-01-03,21,quantile,0.5,141
2025-12-13,wk inc flu hosp,3,2026-01-03,21,quantile,0.55,152
2025-12-13,wk inc flu hosp,3,2026-01-03,21,quantile,0.6,166
2025-12-13,wk inc flu hosp,3,2026-01-03,21,quantile,0.65,181
2025-12-13,wk inc flu hosp,3,2026-01-03,21,quantile,0.7,196
2025-12-13,wk inc flu hosp,3,2026-01-03,21,quantile,0.75,213
2025-12-13,wk inc flu hosp,3,2026-01-03,21,quantile,0.8,239
2025-12-13,wk inc flu hosp,3,2026-01-03,21,quantile,0.85,266
2025-12-13,wk inc flu hosp,3,2026-01-03,21,quantile,0.9,304
2025-12-13,wk inc flu hosp,3,2026-01-03,21,quantile,0.95,377
2025-12-13,wk inc flu hosp,3,2026-01-03,21,quantile,0.975,456
2025-12-13,wk inc flu hosp,3,2026-01-03,21,quantile,0.99,558
2025-12-13,wk inc flu hosp,3,2026-01-03,22,quantile,0.01,101
2025-12-13,wk inc flu hosp,3,2026-01-03,22,quantile,0.025,126
2025-12-13,wk inc flu hosp,3,2026-01-03,22,quantile,0.05,139
2025-12-13,wk inc flu hosp,3,2026-01-03,22,quantile,0.1,166
2025-12-13,wk inc flu hosp,3,2026-01-03,22,quantile,0.15,191
2025-12-13,wk inc flu hosp,3,2026-01-03,22,quantile,0.2,214
2025-12-13,wk inc flu hosp,3,2026-01-03,22,quantile,0.25,236
2025-12-13,wk inc flu hosp,3,2026-01-03,22,quantile,0.3,250
2025-12-13,wk inc flu hosp,3,2026-01-03,22,quantile,0.35,266
2025-12-13,wk inc flu hosp,3,2026-01-03,22,quantile,0.4,283
2025-12-13,wk inc flu hosp,3,2026-01-03,22,quantile,0.45,303
2025-12-13,wk inc flu hosp,3,2026-01-03,22,quantile,0.5,329
2025-12-13,wk inc flu hosp,3,2026-01-03,22,quantile,0.55,343
2025-12-13,wk inc flu hosp,3,2026-01-03,22,quantile,0.6,364
2025-12-13,wk inc flu hosp,3,2026-01-03,22,quantile,0.65,397
2025-12-13,wk inc flu hosp,3,2026-01-03,22,quantile,0.7,429
2025-12-13,wk inc flu hosp,3,2026-01-03,22,quantile,0.75,460
2025-12-13,wk inc flu hosp,3,2026-01-03,22,quantile,0.8,492
2025-12-13,wk inc flu hosp,3,2026-01-03,22,quantile,0.85,544
2025-12-13,wk inc flu hosp,3,2026-01-03,22,quantile,0.9,599
2025-12-13,wk inc flu hosp,3,2026-01-03,22,quantile,0.95,695
2025-12-13,wk inc flu hosp,3,2026-01-03,22,quantile,0.975,774
2025-12-13,wk inc flu hosp,3,2026-01-03,22,quantile,0.99,853
2025-12-13,wk inc flu hosp,3,2026-01-03,23,quantile,0.01,13
2025-12-13,wk inc flu hosp,3,2026-01-03,23,quantile,0.025,19
2025-12-13,wk inc flu hosp,3,2026-01-03,23,quantile,0.05,26
2025-12-13,wk inc flu hosp,3,2026-01-03,23,quantile,0.1,32
2025-12-13,wk inc flu hosp,3,2026-01-03,23,quantile,0.15,39
2025-12-13,wk inc flu hosp,3,2026-01-03,23,quantile,0.2,46
2025-12-13,wk inc flu hosp,3,2026-01-03,23,quantile,0.25,51
2025-12-13,wk inc flu hosp,3,2026-01-03,23,quantile,0.3,57
2025-12-13,wk inc flu hosp,3,2026-01-03,23,quantile,0.35,63
2025-12-13,wk inc flu hosp,3,2026-01-03,23,quantile,0.4,70
2025-12-13,wk inc flu hosp,3,2026-01-03,23,quantile,0.45,77
2025-12-13,wk inc flu hosp,3,2026-01-03,23,quantile,0.5,84
2025-12-13,wk inc flu hosp,3,2026-01-03,23,quantile,0.55,93
2025-12-13,wk inc flu hosp,3,2026-01-03,23,quantile,0.6,100
2025-12-13,wk inc flu hosp,3,2026-01-03,23,quantile,0.65,111
2025-12-13,wk inc flu hosp,3,2026-01-03,23,quantile,0.7,121
2025-12-13,wk inc flu hosp,3,2026-01-03,23,quantile,0.75,134
2025-12-13,wk inc flu hosp,3,2026-01-03,23,quantile,0.8,153
2025-12-13,wk inc flu hosp,3,2026-01-03,23,quantile,0.85,172
2025-12-13,wk inc flu hosp,3,2026-01-03,23,quantile,0.9,205
2025-12-13,wk inc flu hosp,3,2026-01-03,23,quantile,0.95,249
2025-12-13,wk inc flu hosp,3,2026-01-03,23,quantile,0.975,297
2025-12-13,wk inc flu hosp,3,2026-01-03,23,quantile,0.99,377
2025-12-13,wk inc flu hosp,3,2026-01-03,24,quantile,0.01,161
2025-12-13,wk inc flu hosp,3,2026-01-03,24,quantile,0.025,189
2025-12-13,wk inc flu hosp,3,2026-01-03,24,quantile,0.05,220
2025-12-13,wk inc flu hosp,3,2026-01-03,24,quantile,0.1,256
2025-12-13,wk inc flu hosp,3,2026-01-03,24,quantile,0.15,288
2025-12-13,wk inc flu hosp,3,2026-01-03,24,quantile,0.2,326
2025-12-13,wk inc flu hosp,3,2026-01-03,24,quantile,0.25,357
2025-12-13,wk inc flu hosp,3,2026-01-03,24,quantile,0.3,388
2025-12-13,wk inc flu hosp,3,2026-01-03,24,quantile,0.35,425
2025-12-13,wk inc flu hosp,3,2026-01-03,24,quantile,0.4,460
2025-12-13,wk inc flu hosp,3,2026-01-03,24,quantile,0.45,499
2025-12-13,wk inc flu hosp,3,2026-01-03,24,quantile,0.5,528
2025-12-13,wk inc flu hosp,3,2026-01-03,24,quantile,0.55,561
2025-12-13,wk inc flu hosp,3,2026-01-03,24,quantile,0.6,603
2025-12-13,wk inc flu hosp,3,2026-01-03,24,quantile,0.65,644
2025-12-13,wk inc flu hosp,3,2026-01-03,24,quantile,0.7,688
2025-12-13,wk inc flu hosp,3,2026-01-03,24,quantile,0.75,744
2025-12-13,wk inc flu hosp,3,2026-01-03,24,quantile,0.8,795
2025-12-13,wk inc flu hosp,3,2026-01-03,24,quantile,0.85,879
2025-12-13,wk inc flu hosp,3,2026-01-03,24,quantile,0.9,977
2025-12-13,wk inc flu hosp,3,2026-01-03,24,quantile,0.95,1144
2025-12-13,wk inc flu hosp,3,2026-01-03,24,quantile,0.975,1304
2025-12-13,wk inc flu hosp,3,2026-01-03,24,quantile,0.99,1589
2025-12-13,wk inc flu hosp,3,2026-01-03,25,quantile,0.01,131
2025-12-13,wk inc flu hosp,3,2026-01-03,25,quantile,0.025,155
2025-12-13,wk inc flu hosp,3,2026-01-03,25,quantile,0.05,190
2025-12-13,wk inc flu hosp,3,2026-01-03,25,quantile,0.1,237
2025-12-13,wk inc flu hosp,3,2026-01-03,25,quantile,0.15,276
2025-12-13,wk inc flu hosp,3,2026-01-03,25,quantile,0.2,317
2025-12-13,wk inc flu hosp,3,2026-01-03,25,quantile,0.25,350
2025-12-13,wk inc flu hosp,3,2026-01-03,25,quantile,0.3,377
2025-12-13,wk inc flu hosp,3,2026-01-03,25,quantile,0.35,414
2025-12-13,wk inc flu hosp,3,2026-01-03,25,quantile,0.4,445
2025-12-13,wk inc flu hosp,3,2026-01-03,25,quantile,0.45,470
2025-12-13,wk inc flu hosp,3,2026-01-03,25,quantile,0.5,502
2025-12-13,wk inc flu hosp,3,2026-01-03,25,quantile,0.55,541
2025-12-13,wk inc flu hosp,3,2026-01-03,25,quantile,0.6,585
2025-12-13,wk inc flu hosp,3,2026-01-03,25,quantile,0.65,632
2025-12-13,wk inc flu hosp,3,2026-01-03,25,quantile,0.7,694
2025-12-13,wk inc flu hosp,3,2026-01-03,25,quantile,0.75,751
2025-12-13,wk inc flu hosp,3,2026-01-03,25,quantile,0.8,824
2025-12-13,wk inc flu hosp,3,2026-01-03,25,quantile,0.85,926
2025-12-13,wk inc flu hosp,3,2026-01-03,25,quantile,0.9,1033
2025-12-13,wk inc flu hosp,3,2026-01-03,25,quantile,0.95,1230
2025-12-13,wk inc flu hosp,3,2026-01-03,25,quantile,0.975,1550
2025-12-13,wk inc flu hosp,3,2026-01-03,25,quantile,0.99,1773
2025-12-13,wk inc flu hosp,3,2026-01-03,26,quantile,0.01,57
2025-12-13,wk inc flu hosp,3,2026-01-03,26,quantile,0.025,77
2025-12-13,wk inc flu hosp,3,2026-01-03,26,quantile,0.05,95
2025-12-13,wk inc flu hosp,3,2026-01-03,26,quantile,0.1,114
2025-12-13,wk inc flu hosp,3,2026-01-03,26,quantile,0.15,133
2025-12-13,wk inc flu hosp,3,2026-01-03,26,quantile,0.2,144
2025-12-13,wk inc flu hosp,3,2026-01-03,26,quantile,0.25,156
2025-12-13,wk inc flu hosp,3,2026-01-03,26,quantile,0.3,171
2025-12-13,wk inc flu hosp,3,2026-01-03,26,quantile,0.35,184
2025-12-13,wk inc flu hosp,3,2026-01-03,26,quantile,0.4,199
2025-12-13,wk inc flu hosp,3,2026-01-03,26,quantile,0.45,217
2025-12-13,wk inc flu hosp,3,2026-01-03,26,quantile,0.5,232
2025-12-13,wk inc flu hosp,3,2026-01-03,26,quantile,0.55,253
2025-12-13,wk inc flu hosp,3,2026-01-03,26,quantile,0.6,270
2025-12-13,wk inc flu hosp,3,2026-01-03,26,quantile,0.65,292
2025-12-13,wk inc flu hosp,3,2026-01-03,26,quantile,0.7,317
2025-12-13,wk inc flu hosp,3,2026-01-03,26,quantile,0.75,352
2025-12-13,wk inc flu hosp,3,2026-01-03,26,quantile,0.8,389
2025-12-13,wk inc flu hosp,3,2026-01-03,26,quantile,0.85,434
2025-12-13,wk inc flu hosp,3,2026-01-03,26,quantile,0.9,514
2025-12-13,wk inc flu hosp,3,2026-01-03,26,quantile,0.95,608
2025-12-13,wk inc flu hosp,3,2026-01-03,26,quantile,0.975,719
2025-12-13,wk inc flu hosp,3,2026-01-03,26,quantile,0.99,832
2025-12-13,wk inc flu hosp,3,2026-01-03,27,quantile,0.01,159
2025-12-13,wk inc flu hosp,3,2026-01-03,27,quantile,0.025,201
2025-12-13,wk inc flu hosp,3,2026-01-03,27,quantile,0.05,240
2025-12-13,wk inc flu hosp,3,2026-01-03,27,quantile,0.1,287
2025-12-13,wk inc flu hosp,3,2026-01-03,27,quantile,0.15,338
2025-12-13,wk inc flu hosp,3,2026-01-03,27,quantile,0.2,377
2025-12-13,wk inc flu hosp,3,2026-01-03,27,quantile,0.25,409
2025-12-13,wk inc flu hosp,3,2026-01-03,27,quantile,0.3,444
2025-12-13,wk inc flu hosp,3,2026-01-03,27,quantile,0.35,473
2025-12-13,wk inc flu hosp,3,2026-01-03,27,quantile,0.4,503
2025-12-13,wk inc flu hosp,3,2026-01-03,27,quantile,0.45,540
2025-12-13,wk inc flu hosp,3,2026-01-03,27,quantile,0.5,580
2025-12-13,wk inc flu hosp,3,2026-01-03,27,quantile,0.55,620
2025-12-13,wk inc flu hosp,3,2026-01-03,27,quantile,0.6,661
2025-12-13,wk inc flu hosp,3,2026-01-03,27,quantile,0.65,715
2025-12-13,wk inc flu hosp,3,2026-01-03,27,quantile,0.7,768
2025-12-13,wk inc flu hosp,3,2026-01-03,27,quantile,0.75,838
2025-12-13,wk inc flu hosp,3,2026-01-03,27,quantile,0.8,906
2025-12-13,wk inc flu hosp,3,2026-01-03,27,quantile,0.85,980
2025-12-13,wk inc flu hosp,3,2026-01-03,27,quantile,0.9,1102
2025-12-13,wk inc flu hosp,3,2026-01-03,27,quantile,0.95,1274
2025-12-13,wk inc flu hosp,3,2026-01-03,27,quantile,0.975,1449
2025-12-13,wk inc flu hosp,3,2026-01-03,27,quantile,0.99,1677
2025-12-13,wk inc flu hosp,3,2026-01-03,28,quantile,0.01,13
2025-12-13,wk inc flu hosp,3,2026-01-03,28,quantile,0.025,17
2025-12-13,wk inc flu hosp,3,2026-01-03,28,quantile,0.05,22
2025-12-13,wk inc flu hosp,3,2026-01-03,28,quantile,0.1,28
2025-12-13,wk inc flu hosp,3,2026-01-03,28,quantile,0.15,35
2025-12-13,wk inc flu hosp,3,2026-01-03,28,quantile,0.2,40
2025-12-13,wk inc flu hosp,3,2026-01-03,28,quantile,0.25,44
2025-12-13,wk inc flu hosp,3,2026-01-03,28,quantile,0.3,48
2025-12-13,wk inc flu hosp,3,2026-01-03,28,quantile,0.35,53
2025-12-13,wk inc flu hosp,3,2026-01-03,28,quantile,0.4,58
2025-12-13,wk inc flu hosp,3,2026-01-03,28,quantile,0.45,65
2025-12-13,wk inc flu hosp,3,2026-01-03,28,quantile,0.5,72
2025-12-13,wk inc flu hosp,3,2026-01-03,28,quantile,0.55,76
2025-12-13,wk inc flu hosp,3,2026-01-03,28,quantile,0.6,82
2025-12-13,wk inc flu hosp,3,2026-01-03,28,quantile,0.65,91
2025-12-13,wk inc flu hosp,3,2026-01-03,28,quantile,0.7,101
2025-12-13,wk inc flu hosp,3,2026-01-03,28,quantile,0.75,111
2025-12-13,wk inc flu hosp,3,2026-01-03,28,quantile,0.8,124
2025-12-13,wk inc flu hosp,3,2026-01-03,28,quantile,0.85,142
2025-12-13,wk inc flu hosp,3,2026-01-03,28,quantile,0.9,166
2025-12-13,wk inc flu hosp,3,2026-01-03,28,quantile,0.95,207
2025-12-13,wk inc flu hosp,3,2026-01-03,28,quantile,0.975,261
2025-12-13,wk inc flu hosp,3,2026-01-03,28,quantile,0.99,324
2025-12-13,wk inc flu hosp,3,2026-01-03,29,quantile,0.01,47
2025-12-13,wk inc flu hosp,3,2026-01-03,29,quantile,0.025,55
2025-12-13,wk inc flu hosp,3,2026-01-03,29,quantile,0.05,66
2025-12-13,wk inc flu hosp,3,2026-01-03,29,quantile,0.1,84
2025-12-13,wk inc flu hosp,3,2026-01-03,29,quantile,0.15,97
2025-12-13,wk inc flu hosp,3,2026-01-03,29,quantile,0.2,110
2025-12-13,wk inc flu hosp,3,2026-01-03,29,quantile,0.25,123
2025-12-13,wk inc flu hosp,3,2026-01-03,29,quantile,0.3,135
2025-12-13,wk inc flu hosp,3,2026-01-03,29,quantile,0.35,148
2025-12-13,wk inc flu hosp,3,2026-01-03,29,quantile,0.4,159
2025-12-13,wk inc flu hosp,3,2026-01-03,29,quantile,0.45,172
2025-12-13,wk inc flu hosp,3,2026-01-03,29,quantile,0.5,183
2025-12-13,wk inc flu hosp,3,2026-01-03,29,quantile,0.55,202
2025-12-13,wk inc flu hosp,3,2026-01-03,29,quantile,0.6,219
2025-12-13,wk inc flu hosp,3,2026-01-03,29,quantile,0.65,237
2025-12-13,wk inc flu hosp,3,2026-01-03,29,quantile,0.7,263
2025-12-13,wk inc flu hosp,3,2026-01-03,29,quantile,0.75,286
2025-12-13,wk inc flu hosp,3,2026-01-03,29,quantile,0.8,319
2025-12-13,wk inc flu hosp,3,2026-01-03,29,quantile,0.85,364
2025-12-13,wk inc flu hosp,3,2026-01-03,29,quantile,0.9,419
2025-12-13,wk inc flu hosp,3,2026-01-03,29,quantile,0.95,546
2025-12-13,wk inc flu hosp,3,2026-01-03,29,quantile,0.975,665
2025-12-13,wk inc flu hosp,3,2026-01-03,29,quantile,0.99,802
2025-12-13,wk inc flu hosp,3,2026-01-03,30,quantile,0.01,7
2025-12-13,wk inc flu hosp,3,2026-01-03,30,quantile,0.025,10
2025-12-13,wk inc flu hosp,3,2026-01-03,30,quantile,0.05,15
2025-12-13,wk inc flu hosp,3,2026-01-03,30,quantile,0.1,19
2025-12-13,wk inc flu hosp,3,2026-01-03,30,quantile,0.15,22
2025-12-13,wk inc flu hosp,3,2026-01-03,30,quantile,0.2,26
2025-12-13,wk inc flu hosp,3,2026-01-03,30,quantile,0.25,29
2025-12-13,wk inc flu hosp,3,2026-01-03,30,quantile,0.3,32
2025-12-13,wk inc flu hosp,3,2026-01-03,30,quantile,0.35,36
2025-12-13,wk inc flu hosp,3,2026-01-03,30,quantile,0.4,40
2025-12-13,wk inc flu hosp,3,2026-01-03,30,quantile,0.45,44
2025-12-13,wk inc flu hosp,3,2026-01-03,30,quantile,0.5,49
2025-12-13,wk inc flu hosp,3,2026-01-03,30,quantile,0.55,53
2025-12-13,wk inc flu hosp,3,2026-01-03,30,quantile,0.6,57
2025-12-13,wk inc flu hosp,3,2026-01-03,30,quantile,0.65,62
2025-12-13,wk inc flu hosp,3,2026-01-03,30,quantile,0.7,69
2025-12-13,wk inc flu hosp,3,2026-01-03,30,quantile,0.75,77
2025-12-13,wk inc flu hosp,3,2026-01-03,30,quantile,0.8,86
2025-12-13,wk inc flu hosp,3,2026-01-03,30,quantile,0.85,97
2025-12-13,wk inc flu hosp,3,2026-01-03,30,quantile,0.9,115
2025-12-13,wk inc flu hosp,3,2026-01-03,30,quantile,0.95,143
2025-12-13,wk inc flu hosp,3,2026-01-03,30,quantile,0.975,164
2025-12-13,wk inc flu hosp,3,2026-01-03,30,quantile,0.99,199
2025-12-13,wk inc flu hosp,3,2026-01-03,31,quantile,0.01,6
2025-12-13,wk inc flu hosp,3,2026-01-03,31,quantile,0.025,9
2025-12-13,wk inc flu hosp,3,2026-01-03,31,quantile,0.05,11
2025-12-13,wk inc flu hosp,3,2026-01-03,31,quantile,0.1,15
2025-12-13,wk inc flu hosp,3,2026-01-03,31,quantile,0.15,19
2025-12-13,wk inc flu hosp,3,2026-01-03,31,quantile,0.2,23
2025-12-13,wk inc flu hosp,3,2026-01-03,31,quantile,0.25,26
2025-12-13,wk inc flu hosp,3,2026-01-03,31,quantile,0.3,30
2025-12-13,wk inc flu hosp,3,2026-01-03,31,quantile,0.35,34
2025-12-13,wk inc flu hosp,3,2026-01-03,31,quantile,0.4,38
2025-12-13,wk inc flu hosp,3,2026-01-03,31,quantile,0.45,42
2025-12-13,wk inc flu hosp,3,2026-01-03,31,quantile,0.5,45
2025-12-13,wk inc flu hosp,3,2026-01-03,31,quantile,0.55,49
2025-12-13,wk inc flu hosp,3,2026-01-03,31,quantile,0.6,54
2025-12-13,wk inc flu hosp,3,2026-01-03,31,quantile,0.65,60
2025-12-13,wk inc flu hosp,3,2026-01-03,31,quantile,0.7,67
2025-12-13,wk inc flu hosp,3,2026-01-03,31,quantile,0.75,77
2025-12-13,wk inc flu hosp,3,2026-01-03,31,quantile,0.8,91
2025-12-13,wk inc flu hosp,3,2026-01-03,31,quantile,0.85,107
2025-12-13,wk inc flu hosp,3,2026-01-03,31,quantile,0.9,133
2025-12-13,wk inc flu hosp,3,2026-01-03,31,quantile,0.95,170
2025-12-13,wk inc flu hosp,3,2026-01-03,31,quantile,0.975,210
2025-12-13,wk inc flu hosp,3,2026-01-03,31,quantile,0.99,253
2025-12-13,wk inc flu hosp,3,2026-01-03,32,quantile,0.01,15
2025-12-13,wk inc flu hosp,3,2026-01-03,32,quantile,0.025,19
2025-12-13,wk inc flu hosp,3,2026-01-03,32,quantile,0.05,25
2025-12-13,wk inc flu hosp,3,2026-01-03,32,quantile,0.1,33
2025-12-13,wk inc flu hosp,3,2026-01-03,32,quantile,0.15,39
2025-12-13,wk inc flu hosp,3,2026-01-03,32,quantile,0.2,45
2025-12-13,wk inc flu hosp,3,2026-01-03,32,quantile,0.25,49
2025-12-13,wk inc flu hosp,3,2026-01-03,32,quantile,0.3,55
2025-12-13,wk inc flu hosp,3,2026-01-03,32,quantile,0.35,61
2025-12-13,wk inc flu hosp,3,2026-01-03,32,quantile,0.4,66
2025-12-13,wk inc flu hosp,3,2026-01-03,32,quantile,0.45,71
2025-12-13,wk inc flu hosp,3,2026-01-03,32,quantile,0.5,78
2025-12-13,wk inc flu hosp,3,2026-01-03,32,quantile,0.55,84
2025-12-13,wk inc flu hosp,3,2026-01-03,32,quantile,0.6,92
2025-12-13,wk inc flu hosp,3,2026-01-03,32,quantile,0.65,100
2025-12-13,wk inc flu hosp,3,2026-01-03,32,quantile,0.7,109
2025-12-13,wk inc flu hosp,3,2026-01-03,32,quantile,0.75,120
2025-12-13,wk inc flu hosp,3,2026-01-03,32,quantile,0.8,132
2025-12-13,wk inc flu hosp,3,2026-01-03,32,quantile,0.85,150
2025-12-13,wk inc flu hosp,3,2026-01-03,32,quantile,0.9,183
2025-12-13,wk inc flu hosp,3,2026-01-03,32,quantile,0.95,220
2025-12-13,wk inc flu hosp,3,2026-01-03,32,quantile,0.975,261
2025-12-13,wk inc flu hosp,3,2026-01-03,32,quantile,0.99,348
2025-12-13,wk inc flu hosp,3,2026-01-03,33,quantile,0.01,18
2025-12-13,wk inc flu hosp,3,2026-01-03,33,quantile,0.025,22
2025-12-13,wk inc flu hosp,3,2026-01-03,33,quantile,0.05,29
2025-12-13,wk inc flu hosp,3,2026-01-03,33,quantile,0.1,37
2025-12-13,wk inc flu hosp,3,2026-01-03,33,quantile,0.15,43
2025-12-13,wk inc flu hosp,3,2026-01-03,33,quantile,0.2,52
2025-12-13,wk inc flu hosp,3,2026-01-03,33,quantile,0.25,59
2025-12-13,wk inc flu hosp,3,2026-01-03,33,quantile,0.3,66
2025-12-13,wk inc flu hosp,3,2026-01-03,33,quantile,0.35,74
2025-12-13,wk inc flu hosp,3,2026-01-03,33,quantile,0.4,81
2025-12-13,wk inc flu hosp,3,2026-01-03,33,quantile,0.45,88
2025-12-13,wk inc flu hosp,3,2026-01-03,33,quantile,0.5,96
2025-12-13,wk inc flu hosp,3,2026-01-03,33,quantile,0.55,104
2025-12-13,wk inc flu hosp,3,2026-01-03,33,quantile,0.6,112
2025-12-13,wk inc flu hosp,3,2026-01-03,33,quantile,0.65,121
2025-12-13,wk inc flu hosp,3,2026-01-03,33,quantile,0.7,133
2025-12-13,wk inc flu hosp,3,2026-01-03,33,quantile,0.75,146
2025-12-13,wk inc flu hosp,3,2026-01-03,33,quantile,0.8,162
2025-12-13,wk inc flu hosp,3,2026-01-03,33,quantile,0.85,185
2025-12-13,wk inc flu hosp,3,2026-01-03,33,quantile,0.9,216
2025-12-13,wk inc flu hosp,3,2026-01-03,33,quantile,0.95,277
2025-12-13,wk inc flu hosp,3,2026-01-03,33,quantile,0.975,324
2025-12-13,wk inc flu hosp,3,2026-01-03,33,quantile,0.99,360
2025-12-13,wk inc flu hosp,3,2026-01-03,34,quantile,0.01,399
2025-12-13,wk inc flu hosp,3,2026-01-03,34,quantile,0.025,473
2025-12-13,wk inc flu hosp,3,2026-01-03,34,quantile,0.05,536
2025-12-13,wk inc flu hosp,3,2026-01-03,34,quantile,0.1,648
2025-12-13,wk inc flu hosp,3,2026-01-03,34,quantile,0.15,750
2025-12-13,wk inc flu hosp,3,2026-01-03,34,quantile,0.2,814
2025-12-13,wk inc flu hosp,3,2026-01-03,34,quantile,0.25,876
2025-12-13,wk inc flu hosp,3,2026-01-03,34,quantile,0.3,947
2025-12-13,wk inc flu hosp,3,2026-01-03,34,quantile,0.35,1025
2025-12-13,wk inc flu hosp,3,2026-01-03,34,quantile,0.4,1093
2025-12-13,wk inc flu hosp,3,2026-01-03,34,quantile,0.45,1160
2025-12-13,wk inc flu hosp,3,2026-01-03,34,quantile,0.5,1232
2025-12-13,wk inc flu hosp,3,2026-01-03,34,quantile,0.55,1287
2025-12-13,wk inc flu hosp,3,2026-01-03,34,quantile,0.6,1365
2025-12-13,wk inc flu hosp,3,2026-01-03,34,quantile,0.65,1460
2025-12-13,wk inc flu hosp,3,2026-01-03,34,quantile,0.7,1539
2025-12-13,wk inc flu hosp,3,2026-01-03,34,quantile,0.75,1648
2025-12-13,wk inc flu hosp,3,2026-01-03,34,quantile,0.8,1775
2025-12-13,wk inc flu hosp,3,2026-01-03,34,quantile,0.85,1938
2025-12-13,wk inc flu hosp,3,2026-01-03,34,quantile,0.9,2102
2025-12-13,wk inc flu hosp,3,2026-01-03,34,quantile,0.95,2403
2025-12-13,wk inc flu hosp,3,2026-01-03,34,quantile,0.975,2629
2025-12-13,wk inc flu hosp,3,2026-01-03,34,quantile,0.99,2978
2025-12-13,wk inc flu hosp,3,2026-01-03,35,quantile,0.01,33
2025-12-13,wk inc flu hosp,3,2026-01-03,35,quantile,0.025,40
2025-12-13,wk inc flu hosp,3,2026-01-03,35,quantile,0.05,48
2025-12-13,wk inc flu hosp,3,2026-01-03,35,quantile,0.1,59
2025-12-13,wk inc flu hosp,3,2026-01-03,35,quantile,0.15,70
2025-12-13,wk inc flu hosp,3,2026-01-03,35,quantile,0.2,80
2025-12-13,wk inc flu hosp,3,2026-01-03,35,quantile,0.25,90
2025-12-13,wk inc flu hosp,3,2026-01-03,35,quantile,0.3,99
2025-12-13,wk inc flu hosp,3,2026-01-03,35,quantile,0.35,107
2025-12-13,wk inc flu hosp,3,2026-01-03,35,quantile,0.4,114
2025-12-13,wk inc flu hosp,3,2026-01-03,35,quantile,0.45,125
2025-12-13,wk inc flu hosp,3,2026-01-03,35,quantile,0.5,138
2025-12-13,wk inc flu hosp,3,2026-01-03,35,quantile,0.55,151
2025-12-13,wk inc flu hosp,3,2026-01-03,35,quantile,0.6,160
2025-12-13,wk inc flu hosp,3,2026-01-03,35,quantile,0.65,175
2025-12-13,wk inc flu hosp,3,2026-01-03,35,quantile,0.7,193
2025-12-13,wk inc flu hosp,3,2026-01-03,35,quantile,0.75,212
2025-12-13,wk inc flu hosp,3,2026-01-03,35,quantile,0.8,235
2025-12-13,wk inc flu hosp,3,2026-01-03,35,quantile,0.85,265
2025-12-13,wk inc flu hosp,3,2026-01-03,35,quantile,0.9,294
2025-12-13,wk inc flu hosp,3,2026-01-03,35,quantile,0.95,355
2025-12-13,wk inc flu hosp,3,2026-01-03,35,quantile,0.975,433
2025-12-13,wk inc flu hosp,3,2026-01-03,35,quantile,0.99,470
2025-12-13,wk inc flu hosp,3,2026-01-03,36,quantile,0.01,1690
2025-12-13,wk inc flu hosp,3,2026-01-03,36,quantile,0.025,1962
2025-12-13,wk inc flu hosp,3,2026-01-03,36,quantile,0.05,2151
2025-12-13,wk inc flu hosp,3,2026-01-03,36,quantile,0.1,2405
2025-12-13,wk inc flu hosp,3,2026-01-03,36,quantile,0.15,2653
2025-12-13,wk inc flu hosp,3,2026-01-03,36,quantile,0.2,2798
2025-12-13,wk inc flu hosp,3,2026-01-03,36,quantile,0.25,2942
2025-12-13,wk inc flu hosp,3,2026-01-03,36,quantile,0.3,3117
2025-12-13,wk inc flu hosp,3,2026-01-03,36,quantile,0.35,3261
2025-12-13,wk inc flu hosp,3,2026-01-03,36,quantile,0.4,3425
2025-12-13,wk inc flu hosp,3,2026-01-03,36,quantile,0.45,3609
2025-12-13,wk inc flu hosp,3,2026-01-03,36,quantile,0.5,3736
2025-12-13,wk inc flu hosp,3,2026-01-03,36,quantile,0.55,3892
2025-12-13,wk inc flu hosp,3,2026-01-03,36,quantile,0.6,4058
2025-12-13,wk inc flu hosp,3,2026-01-03,36,quantile,0.65,4191
2025-12-13,wk inc flu hosp,3,2026-01-03,36,quantile,0.7,4374
2025-12-13,wk inc flu hosp,3,2026-01-03,36,quantile,0.75,4554
2025-12-13,wk inc flu hosp,3,2026-01-03,36,quantile,0.8,4781
2025-12-13,wk inc flu hosp,3,2026-01-03,36,quantile,0.85,5096
2025-12-13,wk inc flu hosp,3,2026-01-03,36,quantile,0.9,5434
2025-12-13,wk inc flu hosp,3,2026-01-03,36,quantile,0.95,5853
2025-12-13,wk inc flu hosp,3,2026-01-03,36,quantile,0.975,6263
2025-12-13,wk inc flu hosp,3,2026-01-03,36,quantile,0.99,6645
2025-12-13,wk inc flu hosp,3,2026-01-03,37,quantile,0.01,330
2025-12-13,wk inc flu hosp,3,2026-01-03,37,quantile,0.025,390
2025-12-13,wk inc flu hosp,3,2026-01-03,37,quantile,0.05,438
2025-12-13,wk inc flu hosp,3,2026-01-03,37,quantile,0.1,539
2025-12-13,wk inc flu hosp,3,2026-01-03,37,quantile,0.15,612
2025-12-13,wk inc flu hosp,3,2026-01-03,37,quantile,0.2,670
2025-12-13,wk inc flu hosp,3,2026-01-03,37,quantile,0.25,724
2025-12-13,wk inc flu hosp,3,2026-01-03,37,quantile,0.3,770
2025-12-13,wk inc flu hosp,3,2026-01-03,37,quantile,0.35,823
2025-12-13,wk inc flu hosp,3,2026-01-03,37,quantile,0.4,873
2025-12-13,wk inc flu hosp,3,2026-01-03,37,quantile,0.45,925
2025-12-13,wk inc flu hosp,3,2026-01-03,37,quantile,0.5,978
2025-12-13,wk inc flu hosp,3,2026-01-03,37,quantile,0.55,1026
2025-12-13,wk inc flu hosp,3,2026-01-03,37,quantile,0.6,1092
2025-12-13,wk inc flu hosp,3,2026-01-03,37,quantile,0.65,1168
2025-12-13,wk inc flu hosp,3,2026-01-03,37,quantile,0.7,1239
2025-12-13,wk inc flu hosp,3,2026-01-03,37,quantile,0.75,1331
2025-12-13,wk inc flu hosp,3,2026-01-03,37,quantile,0.8,1419
2025-12-13,wk inc flu hosp,3,2026-01-03,37,quantile,0.85,1601
2025-12-13,wk inc flu hosp,3,2026-01-03,37,quantile,0.9,1803
2025-12-13,wk inc flu hosp,3,2026-01-03,37,quantile,0.95,2092
2025-12-13,wk inc flu hosp,3,2026-01-03,37,quantile,0.975,2333
2025-12-13,wk inc flu hosp,3,2026-01-03,37,quantile,0.99,2617
2025-12-13,wk inc flu hosp,3,2026-01-03,38,quantile,0.01,3
2025-12-13,wk inc flu hosp,3,2026-01-03,38,quantile,0.025,4
2025-12-13,wk inc flu hosp,3,2026-01-03,38,quantile,0.05,6
2025-12-13,wk inc flu hosp,3,2026-01-03,38,quantile,0.1,8
2025-12-13,wk inc flu hosp,3,2026-01-03,38,quantile,0.15,11
2025-12-13,wk inc flu hosp,3,2026-01-03,38,quantile,0.2,13
2025-12-13,wk inc flu hosp,3,2026-01-03,38,quantile,0.25,15
2025-12-13,wk inc flu hosp,3,2026-01-03,38,quantile,0.3,16
2025-12-13,wk inc flu hosp,3,2026-01-03,38,quantile,0.35,19
2025-12-13,wk inc flu hosp,3,2026-01-03,38,quantile,0.4,21
2025-12-13,wk inc flu hosp,3,2026-01-03,38,quantile,0.45,24
2025-12-13,wk inc flu hosp,3,2026-01-03,38,quantile,0.5,26
2025-12-13,wk inc flu hosp,3,2026-01-03,38,quantile,0.55,28
2025-12-13,wk inc flu hosp,3,2026-01-03,38,quantile,0.6,32
2025-12-13,wk inc flu hosp,3,2026-01-03,38,quantile,0.65,35
2025-12-13,wk inc flu hosp,3,2026-01-03,38,quantile,0.7,39
2025-12-13,wk inc flu hosp,3,2026-01-03,38,quantile,0.75,45
2025-12-13,wk inc flu hosp,3,2026-01-03,38,quantile,0.8,50
2025-12-13,wk inc flu hosp,3,2026-01-03,38,quantile,0.85,58
2025-12-13,wk inc flu hosp,3,2026-01-03,38,quantile,0.9,66
2025-12-13,wk inc flu hosp,3,2026-01-03,38,quantile,0.95,90
2025-12-13,wk inc flu hosp,3,2026-01-03,38,quantile,0.975,116
2025-12-13,wk inc flu hosp,3,2026-01-03,38,quantile,0.99,139
2025-12-13,wk inc flu hosp,3,2026-01-03,39,quantile,0.01,198
2025-12-13,wk inc flu hosp,3,2026-01-03,39,quantile,0.025,235
2025-12-13,wk inc flu hosp,3,2026-01-03,39,quantile,0.05,275
2025-12-13,wk inc flu hosp,3,2026-01-03,39,quantile,0.1,336
2025-12-13,wk inc flu hosp,3,2026-01-03,39,quantile,0.15,403
2025-12-13,wk inc flu hosp,3,2026-01-03,39,quantile,0.2,450
2025-12-13,wk inc flu hosp,3,2026-01-03,39,quantile,0.25,492
2025-12-13,wk inc flu hosp,3,2026-01-03,39,quantile,0.3,532
2025-12-13,wk inc flu hosp,3,2026-01-03,39,quantile,0.35,580
2025-12-13,wk inc flu hosp,3,2026-01-03,39,quantile,0.4,619
2025-12-13,wk inc flu hosp,3,2026-01-03,39,quantile,0.45,665
2025-12-13,wk inc flu hosp,3,2026-01-03,39,quantile,0.5,706
2025-12-13,wk inc flu hosp,3,2026-01-03,39,quantile,0.55,754
2025-12-13,wk inc flu hosp,3,2026-01-03,39,quantile,0.6,819
2025-12-13,wk inc flu hosp,3,2026-01-03,39,quantile,0.65,897
2025-12-13,wk inc flu hosp,3,2026-01-03,39,quantile,0.7,967
2025-12-13,wk inc flu hosp,3,2026-01-03,39,quantile,0.75,1051
2025-12-13,wk inc flu hosp,3,2026-01-03,39,quantile,0.8,1147
2025-12-13,wk inc flu hosp,3,2026-01-03,39,quantile,0.85,1263
2025-12-13,wk inc flu hosp,3,2026-01-03,39,quantile,0.9,1461
2025-12-13,wk inc flu hosp,3,2026-01-03,39,quantile,0.95,1687
2025-12-13,wk inc flu hosp,3,2026-01-03,39,quantile,0.975,1984
2025-12-13,wk inc flu hosp,3,2026-01-03,39,quantile,0.99,2396
2025-12-13,wk inc flu hosp,3,2026-01-03,40,quantile,0.01,6
2025-12-13,wk inc flu hosp,3,2026-01-03,40,quantile,0.025,9
2025-12-13,wk inc flu hosp,3,2026-01-03,40,quantile,0.05,11
2025-12-13,wk inc flu hosp,3,2026-01-03,40,quantile,0.1,15
2025-12-13,wk inc flu hosp,3,2026-01-03,40,quantile,0.15,18
2025-12-13,wk inc flu hosp,3,2026-01-03,40,quantile,0.2,21
2025-12-13,wk inc flu hosp,3,2026-01-03,40,quantile,0.25,23
2025-12-13,wk inc flu hosp,3,2026-01-03,40,quantile,0.3,26
2025-12-13,wk inc flu hosp,3,2026-01-03,40,quantile,0.35,29
2025-12-13,wk inc flu hosp,3,2026-01-03,40,quantile,0.4,34
2025-12-13,wk inc flu hosp,3,2026-01-03,40,quantile,0.45,38
2025-12-13,wk inc flu hosp,3,2026-01-03,40,quantile,0.5,42
2025-12-13,wk inc flu hosp,3,2026-01-03,40,quantile,0.55,45
2025-12-13,wk inc flu hosp,3,2026-01-03,40,quantile,0.6,50
2025-12-13,wk inc flu hosp,3,2026-01-03,40,quantile,0.65,56
2025-12-13,wk inc flu hosp,3,2026-01-03,40,quantile,0.7,63
2025-12-13,wk inc flu hosp,3,2026-01-03,40,quantile,0.75,70
2025-12-13,wk inc flu hosp,3,2026-01-03,40,quantile,0.8,80
2025-12-13,wk inc flu hosp,3,2026-01-03,40,quantile,0.85,91
2025-12-13,wk inc flu hosp,3,2026-01-03,40,quantile,0.9,111
2025-12-13,wk inc flu hosp,3,2026-01-03,40,quantile,0.95,151
2025-12-13,wk inc flu hosp,3,2026-01-03,40,quantile,0.975,191
2025-12-13,wk inc flu hosp,3,2026-01-03,40,quantile,0.99,219
2025-12-13,wk inc flu hosp,3,2026-01-03,41,quantile,0.01,27
2025-12-13,wk inc flu hosp,3,2026-01-03,41,quantile,0.025,37
2025-12-13,wk inc flu hosp,3,2026-01-03,41,quantile,0.05,48
2025-12-13,wk inc flu hosp,3,2026-01-03,41,quantile,0.1,62
2025-12-13,wk inc flu hosp,3,2026-01-03,41,quantile,0.15,72
2025-12-13,wk inc flu hosp,3,2026-01-03,41,quantile,0.2,84
2025-12-13,wk inc flu hosp,3,2026-01-03,41,quantile,0.25,95
2025-12-13,wk inc flu hosp,3,2026-01-03,41,quantile,0.3,107
2025-12-13,wk inc flu hosp,3,2026-01-03,41,quantile,0.35,119
2025-12-13,wk inc flu hosp,3,2026-01-03,41,quantile,0.4,131
2025-12-13,wk inc flu hosp,3,2026-01-03,41,quantile,0.45,145
2025-12-13,wk inc flu hosp,3,2026-01-03,41,quantile,0.5,157
2025-12-13,wk inc flu hosp,3,2026-01-03,41,quantile,0.55,169
2025-12-13,wk inc flu hosp,3,2026-01-03,41,quantile,0.6,183
2025-12-13,wk inc flu hosp,3,2026-01-03,41,quantile,0.65,199
2025-12-13,wk inc flu hosp,3,2026-01-03,41,quantile,0.7,216
2025-12-13,wk inc flu hosp,3,2026-01-03,41,quantile,0.75,239
2025-12-13,wk inc flu hosp,3,2026-01-03,41,quantile,0.8,269
2025-12-13,wk inc flu hosp,3,2026-01-03,41,quantile,0.85,291
2025-12-13,wk inc flu hosp,3,2026-01-03,41,quantile,0.9,337
2025-12-13,wk inc flu hosp,3,2026-01-03,41,quantile,0.95,435
2025-12-13,wk inc flu hosp,3,2026-01-03,41,quantile,0.975,530
2025-12-13,wk inc flu hosp,3,2026-01-03,41,quantile,0.99,669
2025-12-13,wk inc flu hosp,3,2026-01-03,42,quantile,0.01,619
2025-12-13,wk inc flu hosp,3,2026-01-03,42,quantile,0.025,682
2025-12-13,wk inc flu hosp,3,2026-01-03,42,quantile,0.05,790
2025-12-13,wk inc flu hosp,3,2026-01-03,42,quantile,0.1,953
2025-12-13,wk inc flu hosp,3,2026-01-03,42,quantile,0.15,1061
2025-12-13,wk inc flu hosp,3,2026-01-03,42,quantile,0.2,1162
2025-12-13,wk inc flu hosp,3,2026-01-03,42,quantile,0.25,1261
2025-12-13,wk inc flu hosp,3,2026-01-03,42,quantile,0.3,1349
2025-12-13,wk inc flu hosp,3,2026-01-03,42,quantile,0.35,1421
2025-12-13,wk inc flu hosp,3,2026-01-03,42,quantile,0.4,1510
2025-12-13,wk inc flu hosp,3,2026-01-03,42,quantile,0.45,1577
2025-12-13,wk inc flu hosp,3,2026-01-03,42,quantile,0.5,1656
2025-12-13,wk inc flu hosp,3,2026-01-03,42,quantile,0.55,1746
2025-12-13,wk inc flu hosp,3,2026-01-03,42,quantile,0.6,1828
2025-12-13,wk inc flu hosp,3,2026-01-03,42,quantile,0.65,1930
2025-12-13,wk inc flu hosp,3,2026-01-03,42,quantile,0.7,2050
2025-12-13,wk inc flu hosp,3,2026-01-03,42,quantile,0.75,2177
2025-12-13,wk inc flu hosp,3,2026-01-03,42,quantile,0.8,2324
2025-12-13,wk inc flu hosp,3,2026-01-03,42,quantile,0.85,2493
2025-12-13,wk inc flu hosp,3,2026-01-03,42,quantile,0.9,2830
2025-12-13,wk inc flu hosp,3,2026-01-03,42,quantile,0.95,3148
2025-12-13,wk inc flu hosp,3,2026-01-03,42,quantile,0.975,3482
2025-12-13,wk inc flu hosp,3,2026-01-03,42,quantile,0.99,3863
2025-12-13,wk inc flu hosp,3,2026-01-03,44,quantile,0.01,19
2025-12-13,wk inc flu hosp,3,2026-01-03,44,quantile,0.025,25
2025-12-13,wk inc flu hosp,3,2026-01-03,44,quantile,0.05,34
2025-12-13,wk inc flu hosp,3,2026-01-03,44,quantile,0.1,44
2025-12-13,wk inc flu hosp,3,2026-01-03,44,quantile,0.15,50
2025-12-13,wk inc flu hosp,3,2026-01-03,44,quantile,0.2,56
2025-12-13,wk inc flu hosp,3,2026-01-03,44,quantile,0.25,63
2025-12-13,wk inc flu hosp,3,2026-01-03,44,quantile,0.3,71
2025-12-13,wk inc flu hosp,3,2026-01-03,44,quantile,0.35,77
2025-12-13,wk inc flu hosp,3,2026-01-03,44,quantile,0.4,84
2025-12-13,wk inc flu hosp,3,2026-01-03,44,quantile,0.45,90
2025-12-13,wk inc flu hosp,3,2026-01-03,44,quantile,0.5,100
2025-12-13,wk inc flu hosp,3,2026-01-03,44,quantile,0.55,109
2025-12-13,wk inc flu hosp,3,2026-01-03,44,quantile,0.6,118
2025-12-13,wk inc flu hosp,3,2026-01-03,44,quantile,0.65,128
2025-12-13,wk inc flu hosp,3,2026-01-03,44,quantile,0.7,138
2025-12-13,wk inc flu hosp,3,2026-01-03,44,quantile,0.75,158
2025-12-13,wk inc flu hosp,3,2026-01-03,44,quantile,0.8,175
2025-12-13,wk inc flu hosp,3,2026-01-03,44,quantile,0.85,199
2025-12-13,wk inc flu hosp,3,2026-01-03,44,quantile,0.9,225
2025-12-13,wk inc flu hosp,3,2026-01-03,44,quantile,0.95,262
2025-12-13,wk inc flu hosp,3,2026-01-03,44,quantile,0.975,307
2025-12-13,wk inc flu hosp,3,2026-01-03,44,quantile,0.99,361
2025-12-13,wk inc flu hosp,3,2026-01-03,45,quantile,0.01,99
2025-12-13,wk inc flu hosp,3,2026-01-03,45,quantile,0.025,117
2025-12-13,wk inc flu hosp,3,2026-01-03,45,quantile,0.05,137
2025-12-13,wk inc flu hosp,3,2026-01-03,45,quantile,0.1,170
2025-12-13,wk inc flu hosp,3,2026-01-03,45,quantile,0.15,192
2025-12-13,wk inc flu hosp,3,2026-01-03,45,quantile,0.2,211
2025-12-13,wk inc flu hosp,3,2026-01-03,45,quantile,0.25,232
2025-12-13,wk inc flu hosp,3,2026-01-03,45,quantile,0.3,252
2025-12-13,wk inc flu hosp,3,2026-01-03,45,quantile,0.35,272
2025-12-13,wk inc flu hosp,3,2026-01-03,45,quantile,0.4,295
2025-12-13,wk inc flu hosp,3,2026-01-03,45,quantile,0.45,320
2025-12-13,wk inc flu hosp,3,2026-01-03,45,quantile,0.5,347
2025-12-13,wk inc flu hosp,3,2026-01-03,45,quantile,0.55,372
2025-12-13,wk inc flu hosp,3,2026-01-03,45,quantile,0.6,399
2025-12-13,wk inc flu hosp,3,2026-01-03,45,quantile,0.65,428
2025-12-13,wk inc flu hosp,3,2026-01-03,45,quantile,0.7,465
2025-12-13,wk inc flu hosp,3,2026-01-03,45,quantile,0.75,512
2025-12-13,wk inc flu hosp,3,2026-01-03,45,quantile,0.8,565
2025-12-13,wk inc flu hosp,3,2026-01-03,45,quantile,0.85,625
2025-12-13,wk inc flu hosp,3,2026-01-03,45,quantile,0.9,715
2025-12-13,wk inc flu hosp,3,2026-01-03,45,quantile,0.95,857
2025-12-13,wk inc flu hosp,3,2026-01-03,45,quantile,0.975,1005
2025-12-13,wk inc flu hosp,3,2026-01-03,45,quantile,0.99,1221
2025-12-13,wk inc flu hosp,3,2026-01-03,46,quantile,0.01,0
2025-12-13,wk inc flu hosp,3,2026-01-03,46,quantile,0.025,0
2025-12-13,wk inc flu hosp,3,2026-01-03,46,quantile,0.05,1
2025-12-13,wk inc flu hosp,3,2026-01-03,46,quantile,0.1,2
2025-12-13,wk inc flu hosp,3,2026-01-03,46,quantile,0.15,3
2025-12-13,wk inc flu hosp,3,2026-01-03,46,quantile,0.2,3
2025-12-13,wk inc flu hosp,3,2026-01-03,46,quantile,0.25,4
2025-12-13,wk inc flu hosp,3,2026-01-03,46,quantile,0.3,5
2025-12-13,wk inc flu hosp,3,2026-01-03,46,quantile,0.35,6
2025-12-13,wk inc flu hosp,3,2026-01-03,46,quantile,0.4,7
2025-12-13,wk inc flu hosp,3,2026-01-03,46,quantile,0.45,8
2025-12-13,wk inc flu hosp,3,2026-01-03,46,quantile,0.5,10
2025-12-13,wk inc flu hosp,3,2026-01-03,46,quantile,0.55,11
2025-12-13,wk inc flu hosp,3,2026-01-03,46,quantile,0.6,12
2025-12-13,wk inc flu hosp,3,2026-01-03,46,quantile,0.65,14
2025-12-13,wk inc flu hosp,3,2026-01-03,46,quantile,0.7,17
2025-12-13,wk inc flu hosp,3,2026-01-03,46,quantile,0.75,19
2025-12-13,wk inc flu hosp,3,2026-01-03,46,quantile,0.8,23
2025-12-13,wk inc flu hosp,3,2026-01-03,46,quantile,0.85,29
2025-12-13,wk inc flu hosp,3,2026-01-03,46,quantile,0.9,37
2025-12-13,wk inc flu hosp,3,2026-01-03,46,quantile,0.95,53
2025-12-13,wk inc flu hosp,3,2026-01-03,46,quantile,0.975,70
2025-12-13,wk inc flu hosp,3,2026-01-03,46,quantile,0.99,97
2025-12-13,wk inc flu hosp,3,2026-01-03,47,quantile,0.01,71
2025-12-13,wk inc flu hosp,3,2026-01-03,47,quantile,0.025,83
2025-12-13,wk inc flu hosp,3,2026-01-03,47,quantile,0.05,99
2025-12-13,wk inc flu hosp,3,2026-01-03,47,quantile,0.1,126
2025-12-13,wk inc flu hosp,3,2026-01-03,47,quantile,0.15,144
2025-12-13,wk inc flu hosp,3,2026-01-03,47,quantile,0.2,159
2025-12-13,wk inc flu hosp,3,2026-01-03,47,quantile,0.25,178
2025-12-13,wk inc flu hosp,3,2026-01-03,47,quantile,0.3,195
2025-12-13,wk inc flu hosp,3,2026-01-03,47,quantile,0.35,213
2025-12-13,wk inc flu hosp,3,2026-01-03,47,quantile,0.4,231
2025-12-13,wk inc flu hosp,3,2026-01-03,47,quantile,0.45,247
2025-12-13,wk inc flu hosp,3,2026-01-03,47,quantile,0.5,268
2025-12-13,wk inc flu hosp,3,2026-01-03,47,quantile,0.55,289
2025-12-13,wk inc flu hosp,3,2026-01-03,47,quantile,0.6,313
2025-12-13,wk inc flu hosp,3,2026-01-03,47,quantile,0.65,342
2025-12-13,wk inc flu hosp,3,2026-01-03,47,quantile,0.7,381
2025-12-13,wk inc flu hosp,3,2026-01-03,47,quantile,0.75,424
2025-12-13,wk inc flu hosp,3,2026-01-03,47,quantile,0.8,470
2025-12-13,wk inc flu hosp,3,2026-01-03,47,quantile,0.85,528
2025-12-13,wk inc flu hosp,3,2026-01-03,47,quantile,0.9,599
2025-12-13,wk inc flu hosp,3,2026-01-03,47,quantile,0.95,748
2025-12-13,wk inc flu hosp,3,2026-01-03,47,quantile,0.975,859
2025-12-13,wk inc flu hosp,3,2026-01-03,47,quantile,0.99,1187
2025-12-13,wk inc flu hosp,3,2026-01-03,48,quantile,0.01,531
2025-12-13,wk inc flu hosp,3,2026-01-03,48,quantile,0.025,618
2025-12-13,wk inc flu hosp,3,2026-01-03,48,quantile,0.05,701
2025-12-13,wk inc flu hosp,3,2026-01-03,48,quantile,0.1,842
2025-12-13,wk inc flu hosp,3,2026-01-03,48,quantile,0.15,959
2025-12-13,wk inc flu hosp,3,2026-01-03,48,quantile,0.2,1039
2025-12-13,wk inc flu hosp,3,2026-01-03,48,quantile,0.25,1125
2025-12-13,wk inc flu hosp,3,2026-01-03,48,quantile,0.3,1191
2025-12-13,wk inc flu hosp,3,2026-01-03,48,quantile,0.35,1252
2025-12-13,wk inc flu hosp,3,2026-01-03,48,quantile,0.4,1327
2025-12-13,wk inc flu hosp,3,2026-01-03,48,quantile,0.45,1393
2025-12-13,wk inc flu hosp,3,2026-01-03,48,quantile,0.5,1510
2025-12-13,wk inc flu hosp,3,2026-01-03,48,quantile,0.55,1591
2025-12-13,wk inc flu hosp,3,2026-01-03,48,quantile,0.6,1703
2025-12-13,wk inc flu hosp,3,2026-01-03,48,quantile,0.65,1824
2025-12-13,wk inc flu hosp,3,2026-01-03,48,quantile,0.7,1965
2025-12-13,wk inc flu hosp,3,2026-01-03,48,quantile,0.75,2131
2025-12-13,wk inc flu hosp,3,2026-01-03,48,quantile,0.8,2305
2025-12-13,wk inc flu hosp,3,2026-01-03,48,quantile,0.85,2498
2025-12-13,wk inc flu hosp,3,2026-01-03,48,quantile,0.9,2882
2025-12-13,wk inc flu hosp,3,2026-01-03,48,quantile,0.95,3335
2025-12-13,wk inc flu hosp,3,2026-01-03,48,quantile,0.975,3902
2025-12-13,wk inc flu hosp,3,2026-01-03,48,quantile,0.99,4574
2025-12-13,wk inc flu hosp,3,2026-01-03,49,quantile,0.01,66
2025-12-13,wk inc flu hosp,3,2026-01-03,49,quantile,0.025,81
2025-12-13,wk inc flu hosp,3,2026-01-03,49,quantile,0.05,97
2025-12-13,wk inc flu hosp,3,2026-01-03,49,quantile,0.1,130
2025-12-13,wk inc flu hosp,3,2026-01-03,49,quantile,0.15,152
2025-12-13,wk inc flu hosp,3,2026-01-03,49,quantile,0.2,179
2025-12-13,wk inc flu hosp,3,2026-01-03,49,quantile,0.25,200
2025-12-13,wk inc flu hosp,3,2026-01-03,49,quantile,0.3,220
2025-12-13,wk inc flu hosp,3,2026-01-03,49,quantile,0.35,238
2025-12-13,wk inc flu hosp,3,2026-01-03,49,quantile,0.4,260
2025-12-13,wk inc flu hosp,3,2026-01-03,49,quantile,0.45,278
2025-12-13,wk inc flu hosp,3,2026-01-03,49,quantile,0.5,296
2025-12-13,wk inc flu hosp,3,2026-01-03,49,quantile,0.55,320
2025-12-13,wk inc flu hosp,3,2026-01-03,49,quantile,0.6,347
2025-12-13,wk inc flu hosp,3,2026-01-03,49,quantile,0.65,378
2025-12-13,wk inc flu hosp,3,2026-01-03,49,quantile,0.7,406
2025-12-13,wk inc flu hosp,3,2026-01-03,49,quantile,0.75,439
2025-12-13,wk inc flu hosp,3,2026-01-03,49,quantile,0.8,486
2025-12-13,wk inc flu hosp,3,2026-01-03,49,quantile,0.85,548
2025-12-13,wk inc flu hosp,3,2026-01-03,49,quantile,0.9,616
2025-12-13,wk inc flu hosp,3,2026-01-03,49,quantile,0.95,754
2025-12-13,wk inc flu hosp,3,2026-01-03,49,quantile,0.975,848
2025-12-13,wk inc flu hosp,3,2026-01-03,49,quantile,0.99,968
2025-12-13,wk inc flu hosp,3,2026-01-03,50,quantile,0.01,0
2025-12-13,wk inc flu hosp,3,2026-01-03,50,quantile,0.025,0
2025-12-13,wk inc flu hosp,3,2026-01-03,50,quantile,0.05,1
2025-12-13,wk inc flu hosp,3,2026-01-03,50,quantile,0.1,1
2025-12-13,wk inc flu hosp,3,2026-01-03,50,quantile,0.15,2
2025-12-13,wk inc flu hosp,3,2026-01-03,50,quantile,0.2,3
2025-12-13,wk inc flu hosp,3,2026-01-03,50,quantile,0.25,3
2025-12-13,wk inc flu hosp,3,2026-01-03,50,quantile,0.3,4
2025-12-13,wk inc flu hosp,3,2026-01-03,50,quantile,0.35,5
2025-12-13,wk inc flu hosp,3,2026-01-03,50,quantile,0.4,6
2025-12-13,wk inc flu hosp,3,2026-01-03,50,quantile,0.45,7
2025-12-13,wk inc flu hosp,3,2026-01-03,50,quantile,0.5,8
2025-12-13,wk inc flu hosp,3,2026-01-03,50,quantile,0.55,9
2025-12-13,wk inc flu hosp,3,2026-01-03,50,quantile,0.6,11
2025-12-13,wk inc flu hosp,3,2026-01-03,50,quantile,0.65,12
2025-12-13,wk inc flu hosp,3,2026-01-03,50,quantile,0.7,15
2025-12-13,wk inc flu hosp,3,2026-01-03,50,quantile,0.75,17
2025-12-13,wk inc flu hosp,3,2026-01-03,50,quantile,0.8,22
2025-12-13,wk inc flu hosp,3,2026-01-03,50,quantile,0.85,28
2025-12-13,wk inc flu hosp,3,2026-01-03,50,quantile,0.9,35
2025-12-13,wk inc flu hosp,3,2026-01-03,50,quantile,0.95,50
2025-12-13,wk inc flu hosp,3,2026-01-03,50,quantile,0.975,77
2025-12-13,wk inc flu hosp,3,2026-01-03,50,quantile,0.99,107
2025-12-13,wk inc flu hosp,3,2026-01-03,51,quantile,0.01,201
2025-12-13,wk inc flu hosp,3,2026-01-03,51,quantile,0.025,237
2025-12-13,wk inc flu hosp,3,2026-01-03,51,quantile,0.05,293
2025-12-13,wk inc flu hosp,3,2026-01-03,51,quantile,0.1,361
2025-12-13,wk inc flu hosp,3,2026-01-03,51,quantile,0.15,411
2025-12-13,wk inc flu hosp,3,2026-01-03,51,quantile,0.2,449
2025-12-13,wk inc flu hosp,3,2026-01-03,51,quantile,0.25,495
2025-12-13,wk inc flu hosp,3,2026-01-03,51,quantile,0.3,533
2025-12-13,wk inc flu hosp,3,2026-01-03,51,quantile,0.35,579
2025-12-13,wk inc flu hosp,3,2026-01-03,51,quantile,0.4,636
2025-12-13,wk inc flu hosp,3,2026-01-03,51,quantile,0.45,682
2025-12-13,wk inc flu hosp,3,2026-01-03,51,quantile,0.5,724
2025-12-13,wk inc flu hosp,3,2026-01-03,51,quantile,0.55,777
2025-12-13,wk inc flu hosp,3,2026-01-03,51,quantile,0.6,821
2025-12-13,wk inc flu hosp,3,2026-01-03,51,quantile,0.65,886
2025-12-13,wk inc flu hosp,3,2026-01-03,51,quantile,0.7,951
2025-12-13,wk inc flu hosp,3,2026-01-03,51,quantile,0.75,1026
2025-12-13,wk inc flu hosp,3,2026-01-03,51,quantile,0.8,1128
2025-12-13,wk inc flu hosp,3,2026-01-03,51,quantile,0.85,1246
2025-12-13,wk inc flu hosp,3,2026-01-03,51,quantile,0.9,1374
2025-12-13,wk inc flu hosp,3,2026-01-03,51,quantile,0.95,1725
2025-12-13,wk inc flu hosp,3,2026-01-03,51,quantile,0.975,2010
2025-12-13,wk inc flu hosp,3,2026-01-03,51,quantile,0.99,2383
2025-12-13,wk inc flu hosp,3,2026-01-03,53,quantile,0.01,45
2025-12-13,wk inc flu hosp,3,2026-01-03,53,quantile,0.025,59
2025-12-13,wk inc flu hosp,3,2026-01-03,53,quantile,0.05,76
2025-12-13,wk inc flu hosp,3,2026-01-03,53,quantile,0.1,99
2025-12-13,wk inc flu hosp,3,2026-01-03,53,quantile,0.15,116
2025-12-13,wk inc flu hosp,3,2026-01-03,53,quantile,0.2,132
2025-12-13,wk inc flu hosp,3,2026-01-03,53,quantile,0.25,148
2025-12-13,wk inc flu hosp,3,2026-01-03,53,quantile,0.3,165
2025-12-13,wk inc flu hosp,3,2026-01-03,53,quantile,0.35,179
2025-12-13,wk inc flu hosp,3,2026-01-03,53,quantile,0.4,200
2025-12-13,wk inc flu hosp,3,2026-01-03,53,quantile,0.45,220
2025-12-13,wk inc flu hosp,3,2026-01-03,53,quantile,0.5,244
2025-12-13,wk inc flu hosp,3,2026-01-03,53,quantile,0.55,268
2025-12-13,wk inc flu hosp,3,2026-01-03,53,quantile,0.6,298
2025-12-13,wk inc flu hosp,3,2026-01-03,53,quantile,0.65,329
2025-12-13,wk inc flu hosp,3,2026-01-03,53,quantile,0.7,356
2025-12-13,wk inc flu hosp,3,2026-01-03,53,quantile,0.75,396
2025-12-13,wk inc flu hosp,3,2026-01-03,53,quantile,0.8,442
2025-12-13,wk inc flu hosp,3,2026-01-03,53,quantile,0.85,490
2025-12-13,wk inc flu hosp,3,2026-01-03,53,quantile,0.9,585
2025-12-13,wk inc flu hosp,3,2026-01-03,53,quantile,0.95,705
2025-12-13,wk inc flu hosp,3,2026-01-03,53,quantile,0.975,857
2025-12-13,wk inc flu hosp,3,2026-01-03,53,quantile,0.99,1124
2025-12-13,wk inc flu hosp,3,2026-01-03,54,quantile,0.01,5
2025-12-13,wk inc flu hosp,3,2026-01-03,54,quantile,0.025,7
2025-12-13,wk inc flu hosp,3,2026-01-03,54,quantile,0.05,10
2025-12-13,wk inc flu hosp,3,2026-01-03,54,quantile,0.1,15
2025-12-13,wk inc flu hosp,3,2026-01-03,54,quantile,0.15,19
2025-12-13,wk inc flu hosp,3,2026-01-03,54,quantile,0.2,22
2025-12-13,wk inc flu hosp,3,2026-01-03,54,quantile,0.25,25
2025-12-13,wk inc flu hosp,3,2026-01-03,54,quantile,0.3,28
2025-12-13,wk inc flu hosp,3,2026-01-03,54,quantile,0.35,31
2025-12-13,wk inc flu hosp,3,2026-01-03,54,quantile,0.4,34
2025-12-13,wk inc flu hosp,3,2026-01-03,54,quantile,0.45,38
2025-12-13,wk inc flu hosp,3,2026-01-03,54,quantile,0.5,42
2025-12-13,wk inc flu hosp,3,2026-01-03,54,quantile,0.55,46
2025-12-13,wk inc flu hosp,3,2026-01-03,54,quantile,0.6,52
2025-12-13,wk inc flu hosp,3,2026-01-03,54,quantile,0.65,61
2025-12-13,wk inc flu hosp,3,2026-01-03,54,quantile,0.7,72
2025-12-13,wk inc flu hosp,3,2026-01-03,54,quantile,0.75,83
2025-12-13,wk inc flu hosp,3,2026-01-03,54,quantile,0.8,94
2025-12-13,wk inc flu hosp,3,2026-01-03,54,quantile,0.85,114
2025-12-13,wk inc flu hosp,3,2026-01-03,54,quantile,0.9,140
2025-12-13,wk inc flu hosp,3,2026-01-03,54,quantile,0.95,179
2025-12-13,wk inc flu hosp,3,2026-01-03,54,quantile,0.975,216
2025-12-13,wk inc flu hosp,3,2026-01-03,54,quantile,0.99,279
2025-12-13,wk inc flu hosp,3,2026-01-03,55,quantile,0.01,148
2025-12-13,wk inc flu hosp,3,2026-01-03,55,quantile,0.025,180
2025-12-13,wk inc flu hosp,3,2026-01-03,55,quantile,0.05,219
2025-12-13,wk inc flu hosp,3,2026-01-03,55,quantile,0.1,278
2025-12-13,wk inc flu hosp,3,2026-01-03,55,quantile,0.15,334
2025-12-13,wk inc flu hosp,3,2026-01-03,55,quantile,0.2,375
2025-12-13,wk inc flu hosp,3,2026-01-03,55,quantile,0.25,420
2025-12-13,wk inc flu hosp,3,2026-01-03,55,quantile,0.3,464
2025-12-13,wk inc flu hosp,3,2026-01-03,55,quantile,0.35,506
2025-12-13,wk inc flu hosp,3,2026-01-03,55,quantile,0.4,549
2025-12-13,wk inc flu hosp,3,2026-01-03,55,quantile,0.45,595
2025-12-13,wk inc flu hosp,3,2026-01-03,55,quantile,0.5,636
2025-12-13,wk inc flu hosp,3,2026-01-03,55,quantile,0.55,686
2025-12-13,wk inc flu hosp,3,2026-01-03,55,quantile,0.6,732
2025-12-13,wk inc flu hosp,3,2026-01-03,55,quantile,0.65,779
2025-12-13,wk inc flu hosp,3,2026-01-03,55,quantile,0.7,828
2025-12-13,wk inc flu hosp,3,2026-01-03,55,quantile,0.75,899
2025-12-13,wk inc flu hosp,3,2026-01-03,55,quantile,0.8,993
2025-12-13,wk inc flu hosp,3,2026-01-03,55,quantile,0.85,1060
2025-12-13,wk inc flu hosp,3,2026-01-03,55,quantile,0.9,1213
2025-12-13,wk inc flu hosp,3,2026-01-03,55,quantile,0.95,1457
2025-12-13,wk inc flu hosp,3,2026-01-03,55,quantile,0.975,1709
2025-12-13,wk inc flu hosp,3,2026-01-03,55,quantile,0.99,1883
2025-12-13,wk inc flu hosp,3,2026-01-03,56,quantile,0.01,3
2025-12-13,wk inc flu hosp,3,2026-01-03,56,quantile,0.025,4
2025-12-13,wk inc flu hosp,3,2026-01-03,56,quantile,0.05,5
2025-12-13,wk inc flu hosp,3,2026-01-03,56,quantile,0.1,7
2025-12-13,wk inc flu hosp,3,2026-01-03,56,quantile,0.15,10
2025-12-13,wk inc flu hosp,3,2026-01-03,56,quantile,0.2,11
2025-12-13,wk inc flu hosp,3,2026-01-03,56,quantile,0.25,13
2025-12-13,wk inc flu hosp,3,2026-01-03,56,quantile,0.3,15
2025-12-13,wk inc flu hosp,3,2026-01-03,56,quantile,0.35,16
2025-12-13,wk inc flu hosp,3,2026-01-03,56,quantile,0.4,18
2025-12-13,wk inc flu hosp,3,2026-01-03,56,quantile,0.45,21
2025-12-13,wk inc flu hosp,3,2026-01-03,56,quantile,0.5,24
2025-12-13,wk inc flu hosp,3,2026-01-03,56,quantile,0.55,26
2025-12-13,wk inc flu hosp,3,2026-01-03,56,quantile,0.6,28
2025-12-13,wk inc flu hosp,3,2026-01-03,56,quantile,0.65,31
2025-12-13,wk inc flu hosp,3,2026-01-03,56,quantile,0.7,35
2025-12-13,wk inc flu hosp,3,2026-01-03,56,quantile,0.75,40
2025-12-13,wk inc flu hosp,3,2026-01-03,56,quantile,0.8,45
2025-12-13,wk inc flu hosp,3,2026-01-03,56,quantile,0.85,51
2025-12-13,wk inc flu hosp,3,2026-01-03,56,quantile,0.9,62
2025-12-13,wk inc flu hosp,3,2026-01-03,56,quantile,0.95,80
2025-12-13,wk inc flu hosp,3,2026-01-03,56,quantile,0.975,100
2025-12-13,wk inc flu hosp,3,2026-01-03,56,quantile,0.99,128
2025-12-13,wk inc flu hosp,3,2026-01-03,72,quantile,0.01,161
2025-12-13,wk inc flu hosp,3,2026-01-03,72,quantile,0.025,191
2025-12-13,wk inc flu hosp,3,2026-01-03,72,quantile,0.05,216
2025-12-13,wk inc flu hosp,3,2026-01-03,72,quantile,0.1,252
2025-12-13,wk inc flu hosp,3,2026-01-03,72,quantile,0.15,278
2025-12-13,wk inc flu hosp,3,2026-01-03,72,quantile,0.2,301
2025-12-13,wk inc flu hosp,3,2026-01-03,72,quantile,0.25,326
2025-12-13,wk inc flu hosp,3,2026-01-03,72,quantile,0.3,342
2025-12-13,wk inc flu hosp,3,2026-01-03,72,quantile,0.35,364
2025-12-13,wk inc flu hosp,3,2026-01-03,72,quantile,0.4,386
2025-12-13,wk inc flu hosp,3,2026-01-03,72,quantile,0.45,410
2025-12-13,wk inc flu hosp,3,2026-01-03,72,quantile,0.5,431
2025-12-13,wk inc flu hosp,3,2026-01-03,72,quantile,0.55,447
2025-12-13,wk inc flu hosp,3,2026-01-03,72,quantile,0.6,467
2025-12-13,wk inc flu hosp,3,2026-01-03,72,quantile,0.65,489
2025-12-13,wk inc flu hosp,3,2026-01-03,72,quantile,0.7,510
2025-12-13,wk inc flu hosp,3,2026-01-03,72,quantile,0.75,538
2025-12-13,wk inc flu hosp,3,2026-01-03,72,quantile,0.8,565
2025-12-13,wk inc flu hosp,3,2026-01-03,72,quantile,0.85,595
2025-12-13,wk inc flu hosp,3,2026-01-03,72,quantile,0.9,652
2025-12-13,wk inc flu hosp,3,2026-01-03,72,quantile,0.95,722
2025-12-13,wk inc flu hosp,3,2026-01-03,72,quantile,0.975,788
2025-12-13,wk inc flu hosp,3,2026-01-03,72,quantile,0.99,841
2025-12-13,wk inc flu hosp,3,2026-01-03,US,quantile,0.01,18728
2025-12-13,wk inc flu hosp,3,2026-01-03,US,quantile,0.025,19449
2025-12-13,wk inc flu hosp,3,2026-01-03,US,quantile,0.05,20029
2025-12-13,wk inc flu hosp,3,2026-01-03,US,quantile,0.1,20752
2025-12-13,wk inc flu hosp,3,2026-01-03,US,quantile,0.15,21347
2025-12-13,wk inc flu hosp,3,2026-01-03,US,quantile,0.2,21832
2025-12-13,wk inc flu hosp,3,2026-01-03,US,quantile,0.25,22238
2025-12-13,wk inc flu hosp,3,2026-01-03,US,quantile,0.3,22511
2025-12-13,wk inc flu hosp,3,2026-01-03,US,quantile,0.35,22853
2025-12-13,wk inc flu hosp,3,2026-01-03,US,quantile,0.4,23205
2025-12-13,wk inc flu hosp,3,2026-01-03,US,quantile,0.45,23527
2025-12-13,wk inc flu hosp,3,2026-01-03,US,quantile,0.5,23836
2025-12-13,wk inc flu hosp,3,2026-01-03,US,quantile,0.55,24093
2025-12-13,wk inc flu hosp,3,2026-01-03,US,quantile,0.6,24392
2025-12-13,wk inc flu hosp,3,2026-01-03,US,quantile,0.65,24700
2025-12-13,wk inc flu hosp,3,2026-01-03,US,quantile,0.7,24996
2025-12-13,wk inc flu hosp,3,2026-01-03,US,quantile,0.75,25406
2025-12-13,wk inc flu hosp,3,2026-01-03,US,quantile,0.8,25779
2025-12-13,wk inc flu hosp,3,2026-01-03,US,quantile,0.85,26250
2025-12-13,wk inc flu hosp,3,2026-01-03,US,quantile,0.9,26955
2025-12-13,wk inc flu hosp,3,2026-01-03,US,quantile,0.95,27794
2025-12-13,wk inc flu hosp,3,2026-01-03,US,quantile,0.975,28509
2025-12-13,wk inc flu hosp,3,2026-01-03,US,quantile,0.99,29094
